{"type":"FeatureCollection","crs":{"type":"name","properties":{"name":"EPSG:4326"}},"features":[
{"type":"Feature","id":1,"geometry":{"type":"Point","coordinates":[104.2108468,37.5544495799998]},"properties":{"OBJECTID":1,"Country_Name":"China","ISO_3_Digit_Code":"CHN","Russian_Organization":"Bolshaya Aziya","Partner_Organization":"China Media Group","Partner_Organization_Website":"https ://www.cctv dot com/gyys/","Date_Signed":"Sep-25","Date_Added":"Apr-26","Source":"http://kremlin dot ru/supplement/6380","Blurb":"Russian media group Bolshaya Aziya signed a cooperation agreement with China Media Group in September 2025.","BRICS_":"N","Kremlin_":"Y","Lat":37.55444958,"Long":104.2108468}},
{"type":"Feature","id":2,"geometry":{"type":"Point","coordinates":[79.6320385600001,23.2131182700003]},"properties":{"OBJECTID":2,"Country_Name":"India","ISO_3_Digit_Code":"IND","Russian_Organization":"Bolshaya Aziya","Partner_Organization":"Prasar Bharati","Partner_Organization_Website":"https ://prasarbharati dot gov.in/","Date_Signed":"Dec-25","Date_Added":"Apr-26","Source":"http ://en.kremlin dot ru/supplement/6425 ","Blurb":"Bolshaya Aziya signed a cooperation and collaboration memorandum with Indian state-owned public broadcaster Prasar Bharati in December 2025.","BRICS_":"N","Kremlin_":"Y","Lat":23.21311827,"Long":79.63203856}},
{"type":"Feature","id":3,"geometry":{"type":"Point","coordinates":[104.2108468,37.5544495799998]},"properties":{"OBJECTID":3,"Country_Name":"China","ISO_3_Digit_Code":"CHN","Russian_Organization":"Financial University Under the Government of the Russian Federation","Partner_Organization":"China Media Group","Partner_Organization_Website":"https ://www.cctv dot com/gyys/","Date_Signed":"May-26","Date_Added":"05/21/2026","Source":"https ://www.vedomosti dot ru/press_releases/2026/05/21/finansovii-universitet-i-mediakorporatsiya-kitaya-cmg-podpisali-memorandum-o-sotrudnichestve-na-polyah-vizita-prezidenta-rossii-vladimira-putina-v-knr ; https://lingua-sinica dot org/dispatch/russias-financial-university-and-cmg-sign-cooperation-memorandum/ ","Blurb":"Financial University Under the Government of the Russian Federation signed a memorandum of cooperation with China Media Group in May 2026.","BRICS_":"N","Kremlin_":"Y","Lat":37.55444958,"Long":104.2108468}},
{"type":"Feature","id":4,"geometry":{"type":"Point","coordinates":[104.2108468,37.5544495799998]},"properties":{"OBJECTID":4,"Country_Name":"China","ISO_3_Digit_Code":"CHN","Russian_Organization":"Gazprom Media","Partner_Organization":"China Media Group","Partner_Organization_Website":"https ://www.cctv dot com/gyys/","Date_Signed":"May-24","Date_Added":"Apr-26","Source":"https ://www dot gazprom-media dot com/en/media/gazprom-media-i-mediakorporaciya-kitaya-podpisali-soglashenie-o-sotrudnichestve ; https://lingua-sinica dot org/dispatch/china-media-group-and-gazprom-media-holding-sign-strategic-media-partnership-agreement/","Blurb":"Gazprom Media signed a cooperation agreement with Chinese state media conglomerate China Media Group in May 2024.","BRICS_":"N","Kremlin_":"Y","Lat":37.55444958,"Long":104.2108468}},
{"type":"Feature","id":5,"geometry":{"type":"Point","coordinates":[104.2108468,37.5544495799998]},"properties":{"OBJECTID":5,"Country_Name":"China","ISO_3_Digit_Code":"CHN","Russian_Organization":"Gazprom Media","Partner_Organization":"Xinhua","Partner_Organization_Website":"https ://english dot news.cn/","Date_Signed":"May-26","Date_Added":"05/20/2026","Source":"http ://kremlin dot ru/supplement/6488 ; https://www.mfa dot gov.cn/zyxw/202605/t20260521_11914946.shtml","Blurb":"Gazprom Media signed a memorandum of cooperation with Chinese news agency Xinhua in May 2026.","BRICS_":"N","Kremlin_":"Y","Lat":37.55444958,"Long":104.2108468}},
{"type":"Feature","id":6,"geometry":{"type":"Point","coordinates":[104.2108468,37.5544495799998]},"properties":{"OBJECTID":6,"Country_Name":"China","ISO_3_Digit_Code":"CHN","Russian_Organization":"Gazprom Media","Partner_Organization":"Xinhua","Partner_Organization_Website":"https ://english dot news.cn/","Date_Signed":"May-25","Date_Added":"Apr-26","Source":"http ://www.kremlin dot ru/supplement/6308","Blurb":"Gazprom Media Holding signed a memorandum of cooperation with Chinese state news agency Xinhua in May 2025.","BRICS_":"N","Kremlin_":"Y","Lat":37.55444958,"Long":104.2108468}},
{"type":"Feature","id":7,"geometry":{"type":"Point","coordinates":[79.6320385600001,23.2131182700003]},"properties":{"OBJECTID":7,"Country_Name":"India","ISO_3_Digit_Code":"IND","Russian_Organization":"Gazprom Media","Partner_Organization":"Prasar Bharati","Partner_Organization_Website":"https ://prasarbharati dot gov.in/","Date_Signed":"Dec-25","Date_Added":"Apr-26","Source":"http ://en.kremlin dot ru/supplement/6425 ","Blurb":"Gazprom Media signed a cooperation agreement with Indian state-owned public broadcaster Prasar Bharati in December 2025.","BRICS_":"N","Kremlin_":"Y","Lat":23.21311827,"Long":79.63203856}},
{"type":"Feature","id":8,"geometry":{"type":"Point","coordinates":[44.4808236800001,24.27970415]},"properties":{"OBJECTID":8,"Country_Name":"Saudi Arabia","ISO_3_Digit_Code":"SAU","Russian_Organization":"Interfax","Partner_Organization":"Union of OIC News Agencies","Partner_Organization_Website":"https ://una-oic dot org/","Date_Signed":"May-24","Date_Added":"Apr-26","Source":"https ://interfax dot com/newsroom/top-stories/102410/ ","Blurb":"Russian news agency Interfax signed a cooperation memorandum with the Saudi Arabia-based Union of OIC News Agencies in May 2024.","BRICS_":"N","Kremlin_":"Y","Lat":24.27970415,"Long":44.48082368}},
{"type":"Feature","id":9,"geometry":{"type":"Point","coordinates":[25.2348800000001,42.7734500000002]},"properties":{"OBJECTID":9,"Country_Name":"Bulgaria","ISO_3_Digit_Code":"BGR","Russian_Organization":"Izvestia","Partner_Organization":"Novinata","Partner_Organization_Website":"https ://novinata dot bg/","Date_Signed":"Feb-25","Date_Added":"Apr-26","Source":"https://t.me/izvestia/200609 ; https ://bulgaria dot news-pravda.com/en/world/2025/02/21/881.html ","Blurb":"Russian newspaper Izvestia signed a cooperation agreement with Bulgarian news agency NOVINATA in February 2025.","BRICS_":"N","Kremlin_":"Y","Lat":42.77345,"Long":25.23488}},
{"type":"Feature","id":10,"geometry":{"type":"Point","coordinates":[104.2108468,37.5544495799998]},"properties":{"OBJECTID":10,"Country_Name":"China","ISO_3_Digit_Code":"CHN","Russian_Organization":"Lomonosov Moscow State University","Partner_Organization":"China Media Group","Partner_Organization_Website":"https ://www.cctv dot com/gyys/","Date_Signed":"May-25","Date_Added":"Apr-26","Source":"http ://www.kremlin dot ru/supplement/6308","Blurb":"Lomonosov Moscow State University signed a memorandum of cooperation with China Media Group in May 2025.","BRICS_":"N","Kremlin_":"Y","Lat":37.55444958,"Long":104.2108468}},
{"type":"Feature","id":11,"geometry":{"type":"Point","coordinates":[104.2108468,37.5544495799998]},"properties":{"OBJECTID":11,"Country_Name":"China","ISO_3_Digit_Code":"CHN","Russian_Organization":"Lomonosov Moscow State University","Partner_Organization":"People's Daily","Partner_Organization_Website":"https ://en.people dot cn/","Date_Signed":"May-25","Date_Added":"Apr-26","Source":"http ://www.kremlin dot ru/supplement/6308","Blurb":"Lomonosov Moscow State University signed a memorandum of understanding with official newspaper of the Central Committee of the Chinese Communist Party People's Daily in May 2025.","BRICS_":"N","Kremlin_":"Y","Lat":37.55444958,"Long":104.2108468}},
{"type":"Feature","id":12,"geometry":{"type":"Point","coordinates":[104.2108468,37.5544495799998]},"properties":{"OBJECTID":12,"Country_Name":"China","ISO_3_Digit_Code":"CHN","Russian_Organization":"Ministry of Sport of the Russian Federation","Partner_Organization":"China Media Group","Partner_Organization_Website":"https ://www.cctv dot com/gyys/","Date_Signed":"May-26","Date_Added":"05/20/2026","Source":"http ://kremlin dot ru/supplement/6488 ; https://www.mfa dot gov.cn/zyxw/202605/t20260521_11914946.shtml","Blurb":"The Ministry of Sports of the Russian Federation signed a cooperation agreement with China Media Group in May 2026.","BRICS_":"N","Kremlin_":"Y","Lat":37.55444958,"Long":104.2108468}},
{"type":"Feature","id":13,"geometry":{"type":"Point","coordinates":[54.1120949300001,32.9428898500002]},"properties":{"OBJECTID":13,"Country_Name":"Iran","ISO_3_Digit_Code":"IRN","Russian_Organization":"Mir","Partner_Organization":"Islamic Republic of Iran Broadcasting","Partner_Organization_Website":"http ://www.irib dot ir/","Date_Signed":"Aug-25","Date_Added":"Apr-26","Source":"https ://www.presstv dot ir/Detail/2025/08/27/753885/IRIB-signs-cooperation-agreements-Russian-media-  ; https://iranpress dot com/content/309347/iran-and-russia-sign-media-cooperation-agreements ","Blurb":"Moscow-based multinational television broadcaster Mir signed a memorandum of understanding with Islamic Republic of Iran Broadcasting (IRIB) in August 2025.","BRICS_":"N","Kremlin_":"Y","Lat":32.94288985,"Long":54.11209493}},
{"type":"Feature","id":14,"geometry":{"type":"Point","coordinates":[104.2108468,37.5544495799998]},"properties":{"OBJECTID":14,"Country_Name":"China","ISO_3_Digit_Code":"CHN","Russian_Organization":"National Media Group (NMG)","Partner_Organization":"China Daily","Partner_Organization_Website":"https ://www.chinadaily dot com.cn/","Date_Signed":"May-26","Date_Added":"05/20/2026","Source":"http ://kremlin dot ru/supplement/6488 ; https://www.mfa dot gov.cn/zyxw/202605/t20260521_11914946.shtml","Blurb":"National Media Group signed a cooperation and news exchange agreement with China Daily in May 2026.","BRICS_":"N","Kremlin_":"Y","Lat":37.55444958,"Long":104.2108468}},
{"type":"Feature","id":15,"geometry":{"type":"Point","coordinates":[104.2108468,37.5544495799998]},"properties":{"OBJECTID":15,"Country_Name":"China","ISO_3_Digit_Code":"CHN","Russian_Organization":"National Media Group (NMG)","Partner_Organization":"China Media Group","Partner_Organization_Website":"https ://www.cctv dot com/gyys/","Date_Signed":"May-26","Date_Added":"05/20/2026","Source":"http ://kremlin dot ru/supplement/6488 ; https://www.mfa dot gov.cn/zyxw/202605/t20260521_11914946.shtml","Blurb":"National Media Group signed a cooperation agreement with China Media Group in May 2026.","BRICS_":"N","Kremlin_":"Y","Lat":37.55444958,"Long":104.2108468}},
{"type":"Feature","id":16,"geometry":{"type":"Point","coordinates":[104.2108468,37.5544495799998]},"properties":{"OBJECTID":16,"Country_Name":"China","ISO_3_Digit_Code":"CHN","Russian_Organization":"National Media Group (NMG)","Partner_Organization":"China Media Group","Partner_Organization_Website":"https ://www.cctv dot com/gyys/","Date_Signed":"May-25","Date_Added":"Apr-26","Source":"https ://www dot iz dot ru/1883303/2025-05-08/nmg-and-media-corporation-china-cmg-have-signed-cooperation-agreement ; https://nmg dot ru/news/natsionalnaya-media-gruppa-i-mediakorporatsiya-kitaya-cmg-obyavlyayut-o-nachale-sotrudnichestva/ ; http://www.kremlin dot ru/supplement/6308","Blurb":"Russian private media holding National Media Group (NMG) signed a cooperation agreement with China Media Group in May 2025.","BRICS_":"N","Kremlin_":"Y","Lat":37.55444958,"Long":104.2108468}},
{"type":"Feature","id":17,"geometry":{"type":"Point","coordinates":[104.2108468,37.5544495799998]},"properties":{"OBJECTID":17,"Country_Name":"China","ISO_3_Digit_Code":"CHN","Russian_Organization":"National Media Group (NMG)","Partner_Organization":"Xinhua","Partner_Organization_Website":"https ://english dot news.cn/","Date_Signed":"May-26","Date_Added":"05/20/2026","Source":"http ://kremlin dot ru/supplement/6488 ; https://www.mfa dot gov.cn/zyxw/202605/t20260521_11914946.shtml","Blurb":"National Media Group signed a cooperation and news exchange agreement with Chinese news agency Xinhua in May 2026.","BRICS_":"N","Kremlin_":"Y","Lat":37.55444958,"Long":104.2108468}},
{"type":"Feature","id":18,"geometry":{"type":"Point","coordinates":[104.2108468,37.5544495799998]},"properties":{"OBJECTID":18,"Country_Name":"China","ISO_3_Digit_Code":"CHN","Russian_Organization":"National Media Group (NMG)","Partner_Organization":"Xinhua","Partner_Organization_Website":"https ://english dot news.cn/","Date_Signed":"Sep-25","Date_Added":"Apr-26","Source":"http://kremlin dot ru/supplement/6380","Blurb":"Russian private media holding National Media Group (NMG) signed a cooperation memorandum with Chinese state news agency Xinhua in September 2025.","BRICS_":"N","Kremlin_":"Y","Lat":37.55444958,"Long":104.2108468}},
{"type":"Feature","id":19,"geometry":{"type":"Point","coordinates":[79.6320385600001,23.2131182700003]},"properties":{"OBJECTID":19,"Country_Name":"India","ISO_3_Digit_Code":"IND","Russian_Organization":"National Media Group (NMG)","Partner_Organization":"Prasar Bharati","Partner_Organization_Website":"https ://prasarbharati dot gov.in/","Date_Signed":"Dec-25","Date_Added":"Apr-26","Source":"http ://en.kremlin dot ru/supplement/6425 ; https://nmg dot ru/?item=natsionalnaya-media-gruppa-zaklyuchila-soglasheniya-o-sotrudnichestve","Blurb":"Russian private media holding National Media Group (NMG) signed a cooperation and collaboration memorandum with Indian state-owned public broadcaster Prasar Bharati in December 2025.","BRICS_":"N","Kremlin_":"Y","Lat":23.21311827,"Long":79.63203856}},
{"type":"Feature","id":20,"geometry":{"type":"Point","coordinates":[79.6320385600001,23.2131182700003]},"properties":{"OBJECTID":20,"Country_Name":"India","ISO_3_Digit_Code":"IND","Russian_Organization":"National Media Group (NMG)","Partner_Organization":"Zee Entertainment Enterprises Limited (ZEEL)","Partner_Organization_Website":"https ://www.zee dot com/","Date_Signed":"Jun-26","Date_Added":"06/11/2026","Source":"https ://en dot iz.ru/en/2108403/2026-06-03/nmg-has-signed-cooperation-agreement-zeel-field-content-creation ; https://www.cnews dot ru/news/line/2026-06-04_nmg_i_zee_entertainment_enterprises_limited ","Blurb":"National Media Group signed a cooperation agreement on content creation with Indian media holding Zee Entertainment Enterprises Limited (ZEEL) in June 2026.","BRICS_":"N","Kremlin_":"Y","Lat":23.21311827,"Long":79.63203856}},
{"type":"Feature","id":21,"geometry":{"type":"Point","coordinates":[108.179645,12.0246368]},"properties":{"OBJECTID":21,"Country_Name":"Vietnam","ISO_3_Digit_Code":"VNM","Russian_Organization":"Orpheus Radio","Partner_Organization":"Voice of Vietnam","Partner_Organization_Website":"https :/ vovworld dot vn/","Date_Signed":"May-25","Date_Added":"Apr-26","Source":"https ://www dot abu dot org dot my/2025/05/13/vov-signs-cooperation-agreement-with-russias-orpheus-radio/; https://vovworld dot vn/en-US/news/vov-orpheus-sign-cooperation-agreement-1390049.vov ","Blurb":"Orpheus Radio signed a memorandum of understanding with Vietnamese national radio broadcaster Voice of Vietnam (VOV) in May 2025.","BRICS_":"N","Kremlin_":"Y","Lat":12.0246368,"Long":108.179645}},
{"type":"Feature","id":22,"geometry":{"type":"Point","coordinates":[25.2348800000001,42.7734500000002]},"properties":{"OBJECTID":22,"Country_Name":"Bulgaria","ISO_3_Digit_Code":"BGR","Russian_Organization":"RIA Novosti","Partner_Organization":"Novinata","Partner_Organization_Website":"https ://novinata dot bg/","Date_Signed":null,"Date_Added":"Apr-26","Source":"https ://novinata dot bg/partners/","Blurb":"Bulgarian news agency NOVINATA lists RIA Novosti as a partner as of March 2026.","BRICS_":"N","Kremlin_":"Y","Lat":42.77345,"Long":25.23488}},
{"type":"Feature","id":23,"geometry":{"type":"Point","coordinates":[104.2108468,37.5544495799998]},"properties":{"OBJECTID":23,"Country_Name":"China","ISO_3_Digit_Code":"CHN","Russian_Organization":"Roscongress Foundation","Partner_Organization":"China Media Group","Partner_Organization_Website":"https ://www.cctv dot com/gyys/","Date_Signed":"May-26","Date_Added":"05/20/2026","Source":"http ://kremlin dot ru/supplement/6488 ; https://www.mfa dot gov.cn/zyxw/202605/t20260521_11914946.shtml","Blurb":"Kremlin-controlled Russian development institution Roscongress Foundation signed a cooperation agreement with China Media Group in May 2026.","BRICS_":"N","Kremlin_":"Y","Lat":37.55444958,"Long":104.2108468}},
{"type":"Feature","id":24,"geometry":{"type":"Point","coordinates":[50.5596,26.0226900000001]},"properties":{"OBJECTID":24,"Country_Name":"Bahrain","ISO_3_Digit_Code":"BHR","Russian_Organization":"Rossiya Segodnya","Partner_Organization":"Al Ayam","Partner_Organization_Website":"https ://www.alayam dot com/","Date_Signed":"Jun-26","Date_Added":"Apr-26","Source":"https ://sputnikglobe dot com/20250620/rossiya-segodnya-media-group-inks-new-partnership-deals-in-bahrain-to-expand-reach-1122297279.html ; https://www.newsofbahrain dot com/bahrain/114545.html","Blurb":"Rossiya Segodnya signed a cooperation agreement with Bahrain newspaper Al Ayam in June 2025.","BRICS_":"Y","Kremlin_":"N","Lat":26.02269,"Long":50.5596}},
{"type":"Feature","id":25,"geometry":{"type":"Point","coordinates":[50.5596,26.0226900000001]},"properties":{"OBJECTID":25,"Country_Name":"Bahrain","ISO_3_Digit_Code":"BHR","Russian_Organization":"Rossiya Segodnya","Partner_Organization":"Bahrain News Agency","Partner_Organization_Website":"https ://www.bna dot bh/","Date_Signed":"Jun-25","Date_Added":"Apr-26","Source":"https ://sputnikglobe dot com/20250620/rossiya-segodnya-media-group-inks-new-partnership-deals-in-bahrain-to-expand-reach-1122297279.html ; https://www.newsofbahrain dot com/bahrain/114545.html","Blurb":"Rossiya Segodnya signed a cooperation agreement with Bahrain state media outlet Bahrain News Agency (BNA) in June 2025.","BRICS_":"Y","Kremlin_":"N","Lat":26.02269,"Long":50.5596}},
{"type":"Feature","id":26,"geometry":{"type":"Point","coordinates":[23.8096885700001,-22.2298982900002]},"properties":{"OBJECTID":26,"Country_Name":"Botswana","ISO_3_Digit_Code":"BWA","Russian_Organization":"Rossiya Segodnya","Partner_Organization":"The Midweek Sun","Partner_Organization_Website":"https ://guardiansun dot co.bw/","Date_Signed":"Nov-25","Date_Added":"Apr-26","Source":"https ://en dot sputniknews.africa/20251119/1080642408.html","Blurb":"Sputnik reported that Rossiya Segodnya signed a cooperation agreement with Botswanan newspaper The Midweek Sun in November 2025.","BRICS_":"Y","Kremlin_":"N","Lat":-22.22989829,"Long":23.80968857}},
{"type":"Feature","id":27,"geometry":{"type":"Point","coordinates":[107.4461767,29.8673196000003]},"properties":{"OBJECTID":27,"Country_Name":"China","ISO_3_Digit_Code":"CHN","Russian_Organization":"Rossiya Segodnya","Partner_Organization":"Xinhua","Partner_Organization_Website":"https ://english dot news.cn/","Date_Signed":"May-26","Date_Added":"05/20/2026","Source":"http ://kremlin dot ru/supplement/6488 ; https://www.mfa dot gov.cn/zyxw/202605/t20260521_11914946.shtml","Blurb":"Rossiya Segodnya signed an agreement on hosting the 2026 SCO Expert Forum with Chinese state news agency Xinhua in May 2026.","BRICS_":"Y","Kremlin_":"N","Lat":29.8673196,"Long":107.4461767}},
{"type":"Feature","id":28,"geometry":{"type":"Point","coordinates":[102.123279,4.01189820000027]},"properties":{"OBJECTID":28,"Country_Name":"Malaysia","ISO_3_Digit_Code":"MYS","Russian_Organization":"Rossiya Segodnya","Partner_Organization":"Bernama","Partner_Organization_Website":"https ://bernama dot com/en/","Date_Signed":"Jun-25","Date_Added":"Apr-26","Source":"https ://www.bernama dot com/en/news.php?id=2436045 ; https://x.com/SputnikInt/status/1936234594610683987 ","Blurb":"Rossiya Segodnya signed a memorandum of understanding with Malaysian national news agency Bernama in June 2025.","BRICS_":"Y","Kremlin_":"N","Lat":4.0118982,"Long":102.123279}},
{"type":"Feature","id":29,"geometry":{"type":"Point","coordinates":[10.6757440000001,15.7644760000001]},"properties":{"OBJECTID":29,"Country_Name":"Niger","ISO_3_Digit_Code":"NER","Russian_Organization":"Rossiya Segodnya","Partner_Organization":"Agence Nigérienne de Presse (ANP)","Partner_Organization_Website":"https ://anp dot ne/","Date_Signed":"Oct-25","Date_Added":"04/29/2026","Source":"https://t.me/sputnik_africa/53673 ; https://anp dot ne/media-signature-daccord-de-partenariat-entre-lanp-et-lagence-russe-sputnik/","Blurb":"Rossiya Segodnya signed a partnership agreement with Nigerien state news agency Agence Nigérienne de Presse (ANP) in October 2025.","BRICS_":"N","Kremlin_":"Y","Lat":15.764476,"Long":10.675744}},
{"type":"Feature","id":30,"geometry":{"type":"Point","coordinates":[127.1988403,40.1758862100002]},"properties":{"OBJECTID":30,"Country_Name":"North Korea","ISO_3_Digit_Code":"PRK","Russian_Organization":"Rossiya Segodnya","Partner_Organization":"Korean Central News Agency","Partner_Organization_Website":"http ://www.kcna dot kp","Date_Signed":"Nov-25","Date_Added":"Apr-26","Source":"https ://xn--c1acbl2abdlkab1og dot xn--p1ai/20251111/748899.html ; https://www.nknews dot org/2025/11/russian-north-korean-media-ink-deal-on-objective-coverage-of-bilateral-ties/","Blurb":"Rossiya Segodnya signed a media cooperation agreement with North Korean state media outlet Korean Central News Agency (KCNA) in November 2025.","BRICS_":"Y","Kremlin_":"N","Lat":40.17588621,"Long":127.1988403}},
{"type":"Feature","id":31,"geometry":{"type":"Point","coordinates":[69.4757957700001,30.1398232800003]},"properties":{"OBJECTID":31,"Country_Name":"Pakistan","ISO_3_Digit_Code":"PAK","Russian_Organization":"Rossiya Segodnya","Partner_Organization":"Pakistan Observer","Partner_Organization_Website":"https ://epaper dot pakobserver.net/","Date_Signed":"Nov-25","Date_Added":"Apr-26","Source":"https ://www.app dot com.pk/national/pakistan-observer-sputnik-sign-mou-to-boost-media-cooperation/ ; https://pakobserver dot net/mou-between-ria-novosti-pakistan-observer-to-open-new-avenues-of-cooperation-vasily-pushkov/ ; https://www.facebook dot com/PakistanEmbassyMoscow/posts/russias-top-state-news-agency-rossiya-segodnya-ria-novosti-sputnik-entered-into-/1174868194762612/ ","Blurb":"Rossiya Segodnya signed a memorandum of understanding to combat “misinformation and misleading narratives\" with Pakistani online newspaper Pakistan Observer in November 2025 ","BRICS_":"Y","Kremlin_":"N","Lat":30.13982328,"Long":69.47579577}},
{"type":"Feature","id":32,"geometry":{"type":"Point","coordinates":[104.6174538,21.6573929]},"properties":{"OBJECTID":32,"Country_Name":"Vietnam","ISO_3_Digit_Code":"VNM","Russian_Organization":"Rossiya Segodnya","Partner_Organization":"Nhân Dân","Partner_Organization_Website":null,"Date_Signed":"Jun-26","Date_Added":"07/03/2026","Source":"https ://sputnikglobe dot com/20260630/rossiya-segodnya-signs-partnership-deal-with-vietnamese-newspaper-1124379281.html ; https://nhandan dot vn/bao-nhan-dan-va-tap-doan-truyen-thong-nga-rossiya-segodnya-ky-thoa-thuan-hop-tac-post972558.html ","Blurb":"Rossiya Segodnya signed a cooperation agreement with Vietnamese state newspaper Nhân Dân in June 2026.","BRICS_":"Y","Kremlin_":"N","Lat":21.6573929,"Long":104.6174538}},
{"type":"Feature","id":33,"geometry":{"type":"Point","coordinates":[107.4461767,29.8673196000003]},"properties":{"OBJECTID":33,"Country_Name":"China","ISO_3_Digit_Code":"CHN","Russian_Organization":"Rossiyskaya Gazeta","Partner_Organization":"China Media Group","Partner_Organization_Website":"https ://www.cctv dot com/gyys/","Date_Signed":"Sep-25","Date_Added":"Apr-26","Source":"http://kremlin dot ru/supplement/6380","Blurb":"The Editorial office of Russian state-run newspaper Rossiyskaya Gazeta signed a cooperation memorandum with China Media Group in September 2025.","BRICS_":"Y","Kremlin_":"N","Lat":29.8673196,"Long":107.4461767}},
{"type":"Feature","id":34,"geometry":{"type":"Point","coordinates":[107.4461767,29.8673196000003]},"properties":{"OBJECTID":34,"Country_Name":"China","ISO_3_Digit_Code":"CHN","Russian_Organization":"Rossiyskaya Gazeta","Partner_Organization":"People's Daily","Partner_Organization_Website":"https ://en.people dot cn/","Date_Signed":"Sep-25","Date_Added":"Apr-26","Source":"http://kremlin dot ru/supplement/6380","Blurb":"The Editorial office of Rossiyskaya Gazeta signed a cooperation memorandum with People's Daily in September 2025.","BRICS_":"Y","Kremlin_":"N","Lat":29.8673196,"Long":107.4461767}},
{"type":"Feature","id":35,"geometry":{"type":"Point","coordinates":[107.4461767,29.8673196000003]},"properties":{"OBJECTID":35,"Country_Name":"China","ISO_3_Digit_Code":"CHN","Russian_Organization":"Rossiyskaya Gazeta","Partner_Organization":"Xinhua","Partner_Organization_Website":"https ://english dot news.cn/","Date_Signed":"Sep-25","Date_Added":"Apr-26","Source":"http://kremlin dot ru/supplement/6380","Blurb":"The Editorial office of Rossiyskaya Gazeta signed a cooperation agreement with Chinese state news agency Xinhua in September 2025.","BRICS_":"Y","Kremlin_":"N","Lat":29.8673196,"Long":107.4461767}},
{"type":"Feature","id":36,"geometry":{"type":"Point","coordinates":[25.2348800000001,42.7734500000002]},"properties":{"OBJECTID":36,"Country_Name":"Bulgaria","ISO_3_Digit_Code":"BGR","Russian_Organization":"RT","Partner_Organization":"Novinata","Partner_Organization_Website":"https ://novinata dot bg/","Date_Signed":null,"Date_Added":"Apr-26","Source":"https ://novinata dot bg/partners/","Blurb":"Bulgarian news agency NOVINATA lists RT as a partner as of March 2026.","BRICS_":"N","Kremlin_":"Y","Lat":42.77345,"Long":25.23488}},
{"type":"Feature","id":37,"geometry":{"type":"Point","coordinates":[12.7465365300001,5.70382657000032]},"properties":{"OBJECTID":37,"Country_Name":"Cameroon","ISO_3_Digit_Code":"CMR","Russian_Organization":"RT","Partner_Organization":"Afrique Media TV","Partner_Organization_Website":"https ://afriquemedia dot tv/","Date_Signed":"Dec-22","Date_Added":"Apr-26","Source":"https ://www.facebook.com/AfriqueMedia/videos/686000459894653/  ; https://disinfo dot africa/afrique-média-tv-wagners-new-african-mouthpiece-7fc7e0a4b9f8 ; https://www.nytimes.com/2023/04/13/world/africa/russia-africa-disinformation.html ; https://reutersinstitute.politics.ox.ac dot uk/news/kremlin-mouthpiece-heart-africa-how-afrique-media-helps-putin-court-audiences-their-own","Blurb":"RT established a partnership on the exchange of content aimed at countering alleged Western propaganda with Cameroon-based news network Afrique Media TV in December 2022.","BRICS_":"N","Kremlin_":"Y","Lat":5.70382657,"Long":12.74653653}},
{"type":"Feature","id":38,"geometry":{"type":"Point","coordinates":[104.2108468,37.5544495799998]},"properties":{"OBJECTID":38,"Country_Name":"China","ISO_3_Digit_Code":"CHN","Russian_Organization":"RT","Partner_Organization":"China Media Group","Partner_Organization_Website":"https ://www.cctv dot com/gyys/","Date_Signed":"May-25","Date_Added":"Apr-26","Source":"http ://www.kremlin dot ru/supplement/6308","Blurb":"RT signed a memorandum of cooperation with China Media Group in May 2025.","BRICS_":"N","Kremlin_":"Y","Lat":37.55444958,"Long":104.2108468}},
{"type":"Feature","id":39,"geometry":{"type":"Point","coordinates":[104.2108468,37.5544495799998]},"properties":{"OBJECTID":39,"Country_Name":"China","ISO_3_Digit_Code":"CHN","Russian_Organization":"RT","Partner_Organization":"Shanghai Radio and Television Station","Partner_Organization_Website":null,"Date_Signed":"Sep-25","Date_Added":"Apr-26","Source":"http ://www.kremlin dot ru/supplement/6380","Blurb":"RT signed a cooperation memorandum with Shanghai Radio and Television Station in September 2025.","BRICS_":"N","Kremlin_":"Y","Lat":37.55444958,"Long":104.2108468}},
{"type":"Feature","id":40,"geometry":{"type":"Point","coordinates":[104.2108468,37.5544495799998]},"properties":{"OBJECTID":40,"Country_Name":"China","ISO_3_Digit_Code":"CHN","Russian_Organization":"RT","Partner_Organization":"Xinhua","Partner_Organization_Website":"https ://english dot news.cn/","Date_Signed":"May-25","Date_Added":"Apr-26","Source":"http ://www.kremlin dot ru/supplement/6308 ","Blurb":"RT signed a memorandum of cooperation with Chinese state news agency Xinhua in May 2025.","BRICS_":"N","Kremlin_":"Y","Lat":37.55444958,"Long":104.2108468}},
{"type":"Feature","id":41,"geometry":{"type":"Point","coordinates":[79.6320385600001,23.2131182700003]},"properties":{"OBJECTID":41,"Country_Name":"India","ISO_3_Digit_Code":"IND","Russian_Organization":"RT","Partner_Organization":"Prasar Bharati","Partner_Organization_Website":"https ://prasarbharati dot gov.in/","Date_Signed":"Dec-25","Date_Added":"Apr-26","Source":"http ://en.kremlin dot ru/supplement/6425 ","Blurb":"RT signed an addendum to a cooperation and collaboration memorandum with Indian state-owned public broadcaster Prasar Bharati in December 2025.","BRICS_":"N","Kremlin_":"Y","Lat":23.21311827,"Long":79.63203856}},
{"type":"Feature","id":42,"geometry":{"type":"Point","coordinates":[44.9432100000001,40.2930900000002]},"properties":{"OBJECTID":42,"Country_Name":"Armenia","ISO_3_Digit_Code":"ARM","Russian_Organization":"Ruptly","Partner_Organization":"Armenpress","Partner_Organization_Website":"https ://armenpress dot am/en","Date_Signed":"Apr-18","Date_Added":"Apr-26","Source":"https ://armenpress dot am/en/article/929609; https://armenpress dot am/en/partners","Blurb":"Ruptly signed a cooperation agreement with Armenian state news agency Armenpress in April 2018. The Armenpress website currently lists Ruptly as a partner.","BRICS_":"N","Kremlin_":"Y","Lat":40.29309,"Long":44.94321}},
{"type":"Feature","id":43,"geometry":{"type":"Point","coordinates":[54.1120949300001,32.9428898500002]},"properties":{"OBJECTID":43,"Country_Name":"Iran","ISO_3_Digit_Code":"IRN","Russian_Organization":"Ruptly","Partner_Organization":"Press TV","Partner_Organization_Website":"https ://www.presstv dot ir/","Date_Signed":"Aug-25","Date_Added":"Apr-26","Source":"https ://www.presstv dot ir/Detail/2025/08/27/753885/IRIB-signs-cooperation-agreements-Russian-media- ; https://iranpress dot com/content/309347/iran-and-russia-sign-media-cooperation-agreements ","Blurb":"Ruptly signed a media agreement with Iranian state media network Press TV in August 2025.","BRICS_":"N","Kremlin_":"Y","Lat":32.94288985,"Long":54.11209493}},
{"type":"Feature","id":44,"geometry":{"type":"Point","coordinates":[25.5610419000001,52.4748504000002]},"properties":{"OBJECTID":44,"Country_Name":"Belarus","ISO_3_Digit_Code":"BLR","Russian_Organization":"Russian Government","Partner_Organization":"Belarusian Government","Partner_Organization_Website":null,"Date_Signed":"Jan-24","Date_Added":"Apr-26","Source":"https ://tass dot ru/obschestvo/19847771?ysclid=mcz5zxrwpt914831659; https://belrus dot ru/content/smi_souznogo_gosudarstva/  ","Blurb":"The Russian and Belarusian governments signed a decree creating a media holding company of the Union State in January 2024. The Kremlin planned in January 2024 for the Union State media holding company to incorporate at least two weekly newspapers, a weekly magazine, and a TV channel. The Kremlin announced in February 2026 that Russia and Belarus are finalizing the establishment of joint media companies as part of the January 2024 decree and claimed that the Union State's new media outlets will become operational in 2026.","BRICS_":"N","Kremlin_":"Y","Lat":52.4748504,"Long":25.5610419}},
{"type":"Feature","id":45,"geometry":{"type":"Point","coordinates":[28.46958859,47.20820364]},"properties":{"OBJECTID":45,"Country_Name":"Moldova","ISO_3_Digit_Code":"MDA","Russian_Organization":"Russian Ministry of Communications","Partner_Organization":"Mass Media Transnistrian State Service for Communications, Information, and Mass Media","Partner_Organization_Website":"https ://mincifra.gospmr dot org/","Date_Signed":"2014","Date_Added":"Apr-26","Source":"https ://www.rise dot md/en/article/underground-deals-media-sheriffs-from-transnistria/","Blurb":"The Russian Ministry of Communications signed a memorandum of cooperation with the Moldovan Mass Media Transnistrian State Service for Communications, Information, and Mass Media in 2014. Russia has been illegally occupying the breakaway region of Transnistria in Moldova since 1992. ","BRICS_":"N","Kremlin_":"Y","Lat":47.20820364,"Long":28.46958859}},
{"type":"Feature","id":46,"geometry":{"type":"Point","coordinates":[-65.40922675,-36.61005193]},"properties":{"OBJECTID":46,"Country_Name":"Argentina","ISO_3_Digit_Code":"ARG","Russian_Organization":"Sputnik","Partner_Organization":"Concepto FM 95.5","Partner_Organization_Website":"https ://www.conceptofm dot com.ar/","Date_Signed":"Sep-24","Date_Added":"04/28/2026","Source":"https ://rossiyasegodnya dot com/20240902/633386.html ; https://nuevaya dot com.ni/destacadas/sputnik-llega-a-la-fm-en-argentina-una-nueva-voz-en-la-radio-latinoamericana/ ; https://deradios dot com/radio/argentina-el-grupo-ruso-sputnik-copo-la-fm-95-5-con-su-programacion/","Blurb":"Sputnik began broadcasting on Argentinian radio channel Concepto FM 95.5 in September 2024. Concepto FM 95.5 covers Buenos Aires and the provinces of Mendoza and Chubut.","BRICS_":"N","Kremlin_":"Y","Lat":-36.61005193,"Long":-65.40922675}},
{"type":"Feature","id":47,"geometry":{"type":"Point","coordinates":[12.7465365300001,5.70382657000032]},"properties":{"OBJECTID":47,"Country_Name":"Cameroon","ISO_3_Digit_Code":"CMR","Russian_Organization":"Sputnik","Partner_Organization":"Cameroon News Agency (CNA)","Partner_Organization_Website":"https ://cameroonnewsagency dot com/","Date_Signed":"Nov-24","Date_Added":"Apr-26","Source":"https ://cameroonnewsagency dot com/cna-signs-mou-with-russias-sputnik-news/ ; https://en dot sputniknews.africa/20241114/sputnik-establishes-cooperation-with-cameroon-1069225671.html","Blurb":"Sputnik signed a content exchange agreement with Cameroonian news website Cameroon News Agency in November 2024.","BRICS_":"N","Kremlin_":"Y","Lat":5.70382657,"Long":12.74653653}},
{"type":"Feature","id":48,"geometry":{"type":"Point","coordinates":[21.763444,6.45311900000024]},"properties":{"OBJECTID":48,"Country_Name":"Central African Republic","ISO_3_Digit_Code":"CAF","Russian_Organization":"Sputnik","Partner_Organization":"Agence Centrafricaine de Presse (ACAP)","Partner_Organization_Website":"https ://acap-rca dot com/","Date_Signed":"Feb-25","Date_Added":"Apr-26","Source":"https ://en.sputniknews dot africa/20250221/sputnik-signs-cooperation-agreement-with-central-african-republics-press-agency-1070760327.html ; https://rossiyasegodnya dot com/20250221/668174.html","Blurb":"Sputnik signed a media partnership agreement with Central African state news agency Agence Centrafricaine de Presse (ACAP) in February 2025.","BRICS_":"N","Kremlin_":"Y","Lat":6.453119,"Long":21.763444}},
{"type":"Feature","id":49,"geometry":{"type":"Point","coordinates":[42.283078,11.4686159999998]},"properties":{"OBJECTID":49,"Country_Name":"Djibouti","ISO_3_Digit_Code":"DJI","Russian_Organization":"Sputnik","Partner_Organization":"Djibouti News Agency (ADI)","Partner_Organization_Website":"https ://www.adi dot dj/index.php/site/ar","Date_Signed":"Jul-25","Date_Added":"Apr-26","Source":"https ://fr.sputniknews dot africa/20250715/sputnik-et-lagence-djiboutienne-dinformation-signent-un-accord-de-cooperation-1075571247.html","Blurb":"Sputnik signed a content exchange agreement with Djiboutian state news agency Djibouti News Agency in July 2025.","BRICS_":"N","Kremlin_":"Y","Lat":11.468616,"Long":42.283078}},
{"type":"Feature","id":50,"geometry":{"type":"Point","coordinates":[-1.20344899999998,6.94646800000029]},"properties":{"OBJECTID":50,"Country_Name":"Ghana","ISO_3_Digit_Code":"GHA","Russian_Organization":"Sputnik","Partner_Organization":"University of Media, Arts, and Communications","Partner_Organization_Website":null,"Date_Signed":"Feb-26","Date_Added":"05/06/2026","Source":"https ://en dot sputniknews.africa/20260212/sputnik-launches-cooperation-with-ghana-1083363586.html ; https://www.linkedin.com/pulse/unimac-management-pays-courtesy-call-russian-embassy-ghana-strengthen-4b9uf","Blurb":"Sputnik signed a memorandum of understanding with the University of Media, Arts, and Communications (UniMAC) in Ghana in February 2026.","BRICS_":"N","Kremlin_":"Y","Lat":6.946468,"Long":-1.203449}},
{"type":"Feature","id":51,"geometry":{"type":"Point","coordinates":[112.938694,-1.47978799999983]},"properties":{"OBJECTID":51,"Country_Name":"Indonesia","ISO_3_Digit_Code":"IDN","Russian_Organization":"Sputnik","Partner_Organization":"YAI Persada Indonesia University","Partner_Organization_Website":null,"Date_Signed":"Oct-24","Date_Added":"05/06/2026","Source":"https ://www dot rossiyasegodnya dot com/20241009/642974.html ; https://yai dot ac.id/article/press-release-sputnik-upi-yai","Blurb":"Sputnik signed a cooperation agreement with YAI Persada Indonesia University in October 2024.","BRICS_":"N","Kremlin_":"Y","Lat":-1.479788,"Long":112.938694}},
{"type":"Feature","id":52,"geometry":{"type":"Point","coordinates":[8.11013156000007,9.61691995000002]},"properties":{"OBJECTID":52,"Country_Name":"Nigeria","ISO_3_Digit_Code":"NGA","Russian_Organization":"Sputnik","Partner_Organization":"Kaduna State University (KASU)","Partner_Organization_Website":null,"Date_Signed":"May-26","Date_Added":"05/07/2026","Source":"https ://xn--c1acbl2abdlkab1og dot xn--p1ai/20260505/773445.html","Blurb":"Sputnik signed a memorandum of understanding with Kaduna State University (KASU) in Nigeria in May 2026.","BRICS_":"N","Kremlin_":"Y","Lat":9.61691995,"Long":8.11013156}},
{"type":"Feature","id":53,"geometry":{"type":"Point","coordinates":[121.032855,15.9567224000003]},"properties":{"OBJECTID":53,"Country_Name":"Philippines","ISO_3_Digit_Code":"PHL","Russian_Organization":"Sputnik","Partner_Organization":"New Era University","Partner_Organization_Website":null,"Date_Signed":"Jan-24","Date_Added":"05/06/2026","Source":"https: //www.pna dot gov.ph/articles/1217223 ; https://rossiyasegodnya dot com/20240112/594833.html","Blurb":"Sputnik signed a memorandum of understanding with New Era University in the Philippines in January 2024.","BRICS_":"N","Kremlin_":"Y","Lat":15.9567224,"Long":121.032855}},
{"type":"Feature","id":54,"geometry":{"type":"Point","coordinates":[9.55968942000004,34.16092359]},"properties":{"OBJECTID":54,"Country_Name":"Tunisia","ISO_3_Digit_Code":"TUN","Russian_Organization":"Sputnik","Partner_Organization":"Tunis Afrique Presse (TAP)","Partner_Organization_Website":"https ://www.tap.info dot tn/fr","Date_Signed":"Sep-23","Date_Added":"Apr-26","Source":"https ://en.sputniknews dot africa/20231003/sputnik-launches-cooperation-with-tunisias-leading-news-agency-1062516306.html ; https://www.tap dot info.tn/en/Portal-Headlines/16668210-tap-and-sputnik","Blurb":"Sputnik signed a media partnership agreement with Tunis Afrique Presse (TAP) in September 2023.","BRICS_":"N","Kremlin_":"Y","Lat":34.16092359,"Long":9.55968942}},
{"type":"Feature","id":55,"geometry":{"type":"Point","coordinates":[2.62914800000004,28.4245500000002]},"properties":{"OBJECTID":55,"Country_Name":"Algeria","ISO_3_Digit_Code":"DZA","Russian_Organization":"Sputnik ","Partner_Organization":"Algeria Press Service (APS)","Partner_Organization_Website":"https ://www.aps dot dz/fr","Date_Signed":"Nov-23","Date_Added":"Apr-26","Source":"https ://embmoscow dot mfa.gov.dz/news-and-press-releases/signing-of-a-cooperation-agreement-between-the-algerian-news-agency-and-the-russian-sputnik-agency ; https://sputnikglobe dot com/20160427/deal-press-sputnik-1038709041.html","Blurb":"Sputnik signed a media cooperation agreement with Algerian state news agency Algeria Press Service (APS) in November 2023. Sputnik previously signed a media cooperation agreement with APS in April 2016.","BRICS_":"N","Kremlin_":"Y","Lat":28.42455,"Long":2.629148}},
{"type":"Feature","id":56,"geometry":{"type":"Point","coordinates":[-65.40922675,-36.61005193]},"properties":{"OBJECTID":56,"Country_Name":"Argentina","ISO_3_Digit_Code":"ARG","Russian_Organization":"Sputnik ","Partner_Organization":"Ahora San Juan","Partner_Organization_Website":"https ://www.ahorasanjuan dot com/","Date_Signed":"Dec-22","Date_Added":"Apr-26","Source":"https ://xn--c1acbl2abdlkab1og dot xn--p1ai/20221215/366327.html ; https://www.ahorasanjuan dot com/ahora-san-juan-firma-importante-convenio-de-cooperacion-en-moscu-con-la-agencia-sputnik/","Blurb":"Sputnik signed a cooperation agreement with Argentine online newspaper Ahora San Juan in December 2022 focused on establishing Spanish-language information exchange.","BRICS_":"N","Kremlin_":"Y","Lat":-36.61005193,"Long":-65.40922675}},
{"type":"Feature","id":57,"geometry":{"type":"Point","coordinates":[89.8484383000001,24.4422699]},"properties":{"OBJECTID":57,"Country_Name":"Bangladesh","ISO_3_Digit_Code":"BGD","Russian_Organization":"Sputnik ","Partner_Organization":"Daffodil International University","Partner_Organization_Website":null,"Date_Signed":"Dec-25","Date_Added":"05/06/2026","Source":"https ://rossiyasegodnya dot com/20251212/760104.html; https://www.facebook.com/diu.international/posts/sputnik-daffodil-international-university-sign-cooperation-agreement/1187647496798178/","Blurb":"Sputnik signed a memorandum of understanding with Daffodil International University in Bangladesh in December 2025.","BRICS_":"N","Kremlin_":"Y","Lat":24.4422699,"Long":89.8484383}},
{"type":"Feature","id":58,"geometry":{"type":"Point","coordinates":[89.8484383000001,24.4422699]},"properties":{"OBJECTID":58,"Country_Name":"Bangladesh","ISO_3_Digit_Code":"BGD","Russian_Organization":"Sputnik ","Partner_Organization":"Deshkal News","Partner_Organization_Website":"https ://www.deshkalnews dot com/","Date_Signed":"Nov-25","Date_Added":"Apr-26","Source":"https ://bangladesh dot rs.gov.ru/en/news/deshkal-news-and-sputnik-international-news-agency-and-radio-sign-cooperation-memorandum-to-strengthen-ties-between-bangladeshi-and-russian-media-%F0%9F%93%9D/; https://www.deshkalnews dot com/international-relations/9816","Blurb":"Sputnik signed a memorandum of understanding with Bangladeshi online newspaper Deshkal News in November 2025.","BRICS_":"N","Kremlin_":"Y","Lat":24.4422699,"Long":89.8484383}},
{"type":"Feature","id":59,"geometry":{"type":"Point","coordinates":[89.8484383000001,24.4422699]},"properties":{"OBJECTID":59,"Country_Name":"Bangladesh","ISO_3_Digit_Code":"BGD","Russian_Organization":"Sputnik ","Partner_Organization":"The Daily Messenger","Partner_Organization_Website":"https ://www.dailymessenger dot net/","Date_Signed":"Aug-24","Date_Added":"Apr-26","Source":"https :// sputnikglobe dot com/20240815/sputniks-first-official-partner-in-bangladesh-1119784695.html","Blurb":"Sputnik reported that it signed a cooperation agreement with Bangladeshi newspaper The Daily Messenger in August 2024.","BRICS_":"N","Kremlin_":"Y","Lat":24.4422699,"Long":89.8484383}},
{"type":"Feature","id":60,"geometry":{"type":"Point","coordinates":[104.2108468,37.5544495799998]},"properties":{"OBJECTID":60,"Country_Name":"China","ISO_3_Digit_Code":"CHN","Russian_Organization":"Sputnik ","Partner_Organization":"Dongbeiwang","Partner_Organization_Website":"https ://english dot dbw dot cn/","Date_Signed":"Aug-19","Date_Added":"Apr-26","Source":"https ://heilongjiang.dbw dot cn/system/2019/08/14/058246377.shtml","Blurb":"Sputnik signed a cooperation memorandum with Chinese media network Dongbeiwang in August 2019.","BRICS_":"N","Kremlin_":"Y","Lat":37.55444958,"Long":104.2108468}},
{"type":"Feature","id":61,"geometry":{"type":"Point","coordinates":[15.2235769500001,-0.842182980000032]},"properties":{"OBJECTID":61,"Country_Name":"Congo","ISO_3_Digit_Code":"COG","Russian_Organization":"Sputnik ","Partner_Organization":"Agence Congolaise d’Information (ACI)","Partner_Organization_Website":"https ://www.aci dot cg/","Date_Signed":"Jul-22","Date_Added":"Apr-26","Source":"https ://rossiyasegodnya dot com/20220726/274580.html","Blurb":"Rossiya Segodnya reported that Sputnik signed an updated cooperation agreement focused on content exchange and journalistic training with Congolese state news agency Agence Congolaise d’Information (ACI) in July 2022.","BRICS_":"N","Kremlin_":"Y","Lat":-0.84218298,"Long":15.22357695}},
{"type":"Feature","id":62,"geometry":{"type":"Point","coordinates":[15.2235769500001,-0.842182980000032]},"properties":{"OBJECTID":62,"Country_Name":"Congo","ISO_3_Digit_Code":"COG","Russian_Organization":"Sputnik ","Partner_Organization":"La Nouvelle République","Partner_Organization_Website":"https ://lanouvellerepublique dot cg/","Date_Signed":"Apr-24","Date_Added":"Apr-26","Source":"https ://fr dot sputniknews.africa/20240403/sputnik-etend-son-reseau-de-partenaires-en-afrique-1065896962.html","Blurb":"Sputnik reported that it signed a French-language content exchange agreement with Congolese news website La Nouvelle République in April 2024.","BRICS_":"N","Kremlin_":"Y","Lat":-0.84218298,"Long":15.22357695}},
{"type":"Feature","id":63,"geometry":{"type":"Point","coordinates":[-79.1170999999999,21.9953800000001]},"properties":{"OBJECTID":63,"Country_Name":"Cuba","ISO_3_Digit_Code":"CUB","Russian_Organization":"Sputnik ","Partner_Organization":"Institute of Information and Social Communication (ICS)","Partner_Organization_Website":"https ://www dot ics.gob.cu/en/","Date_Signed":"Aug-25","Date_Added":"Apr-26","Source":"https ://ria dot ru/20250805/sputnik-2033470402.html ; https://www.ics dot gob.cu/firman-sputnik-y-la-radio-cubana-memorando-de-colaboracion/","Blurb":"Sputnik signed a cooperation memorandum with Cuban state information agency Institute of Information and Social Communication (ICS) in August 2025. The agreement includes implementing joint information projects and launching regular Spanish-language Sputnik broadcasts on Cuban radio.","BRICS_":"N","Kremlin_":"Y","Lat":21.99538,"Long":-79.1171}},
{"type":"Feature","id":64,"geometry":{"type":"Point","coordinates":[-79.1170999999999,21.9953800000001]},"properties":{"OBJECTID":64,"Country_Name":"Cuba","ISO_3_Digit_Code":"CUB","Russian_Organization":"Sputnik ","Partner_Organization":"Prensa Latina","Partner_Organization_Website":"https ://www.prensa-latina dot cu/","Date_Signed":"Mar-17","Date_Added":"Apr-26","Source":"https: //understandingwar.org/research/russia-ukraine/the-kremlins-expanding-media/ ; https://www.radiotelevisionmarti dot com/a/cuba-sputnik-prensa-latina-acuerdo-colaboracion/141466.html","Blurb":"Sputnik signed a cooperation agreement on joint radio broadcasting with Cuban state news agency Prensa Latina in March 2017.","BRICS_":"N","Kremlin_":"Y","Lat":21.99538,"Long":-79.1171}},
{"type":"Feature","id":65,"geometry":{"type":"Point","coordinates":[29.8638504200001,26.59281234]},"properties":{"OBJECTID":65,"Country_Name":"Egypt","ISO_3_Digit_Code":"EGY","Russian_Organization":"Sputnik ","Partner_Organization":"Asia Center for Studies and Translation","Partner_Organization_Website":null,"Date_Signed":"Mar-26","Date_Added":"06/10/2026","Source":"https ://en dot sputniknews.africa/20260331/sputnik-starts-cooperation-with-egyptian-analytical-center-1084749854.html ; https://borkena dot com/2026/03/31/etypt-sputnik-starts-cooperation-with-egyptian-analytical-center/#google_vignette ; https://rossiyasegodnya dot com/20260401/769125.html ","Blurb":"Sputnik signed a memorandum of understanding with Egyptian analytical center Asia Center for Studies and Translation in March 2026.","BRICS_":"N","Kremlin_":"Y","Lat":26.59281234,"Long":29.86385042}},
{"type":"Feature","id":66,"geometry":{"type":"Point","coordinates":[-15.3864867299999,13.45279007]},"properties":{"OBJECTID":66,"Country_Name":"Gambia","ISO_3_Digit_Code":"GMB","Russian_Organization":"Sputnik ","Partner_Organization":"Gambia News Agency (GAMNA)","Partner_Organization_Website":"https ://gamna dot gov.gm/","Date_Signed":"Aug-23","Date_Added":"Apr-26","Source":"https ://en dot sputniknews.africa/20230801/sputnik-expands-network-of-partners-in-africa-1060978151.html","Blurb":"Sputnik signed a cooperation agreement during the Economic and Humanitarian Forum Russia-Africa with Gambian state news agency Gambia News Agency (GAMNA) in August 2023.","BRICS_":"N","Kremlin_":"Y","Lat":13.45279007,"Long":-15.38648673}},
{"type":"Feature","id":67,"geometry":{"type":"Point","coordinates":[79.6320385600001,23.2131182700003]},"properties":{"OBJECTID":67,"Country_Name":"India","ISO_3_Digit_Code":"IND","Russian_Organization":"Sputnik ","Partner_Organization":"Republic Media Network","Partner_Organization_Website":null,"Date_Signed":"Dec-25","Date_Added":"Apr-26","Source":"https ://sputniknews dot in/20251203/republic-sputnik-team-up-for-putins-india-visit-joint-broadcast-10154837.html ; https://www.youtube dot com/watch?v=X_ddlR6QbKI ","Blurb":"Sputnik partnered with Indian news channel Republic Media Network to cover Putin’s visit to India in December 2025.","BRICS_":"N","Kremlin_":"Y","Lat":23.21311827,"Long":79.63203856}},
{"type":"Feature","id":68,"geometry":{"type":"Point","coordinates":[79.6320385600001,23.2131182700003]},"properties":{"OBJECTID":68,"Country_Name":"India","ISO_3_Digit_Code":"IND","Russian_Organization":"Sputnik ","Partner_Organization":"Visvaniti Foundation","Partner_Organization_Website":"https ://visvaniti dot org/","Date_Signed":"May-26","Date_Added":"05/07/2026","Source":"https ://ria dot ru/20260505/sputnik-2090663032.html ; https://sputniknews dot in/20260505/sputnik-begins-cooperation-with-indian-think-tank-10852597.html ","Blurb":"Sputnik signed a memorandum of understanding with Indian think tank Visvaniti Foundation in May 2026.","BRICS_":"N","Kremlin_":"Y","Lat":23.21311827,"Long":79.63203856}},
{"type":"Feature","id":69,"geometry":{"type":"Point","coordinates":[54.1120949300001,32.9428898500002]},"properties":{"OBJECTID":69,"Country_Name":"Iran","ISO_3_Digit_Code":"IRN","Russian_Organization":"Sputnik ","Partner_Organization":"Radio Tehran","Partner_Organization_Website":"http ://radiotehran dot ir/","Date_Signed":"Jun-25","Date_Added":"Apr-26","Source":"https ://www.tehrantimes dot com/news/513859/Radio-Tehran-and-Russia-s-Sputnik-strengthen-media-diplomacy","Blurb":"Sputnik and Iranian state radio station Radio Tehran established collaboration in June 2025 to “facilitate content exchange and develop joint analytical programs.”","BRICS_":"N","Kremlin_":"Y","Lat":32.94288985,"Long":54.11209493}},
{"type":"Feature","id":70,"geometry":{"type":"Point","coordinates":[43.7575252400001,33.1181033300003]},"properties":{"OBJECTID":70,"Country_Name":"Iraq","ISO_3_Digit_Code":"IRQ","Russian_Organization":"Sputnik ","Partner_Organization":"Iraq International News Agency","Partner_Organization_Website":"https ://www.iina dot news/","Date_Signed":"Mar-24","Date_Added":"Apr-26","Source":" https ://rossiyasegodnya dot com/20240319/607537.html ; https://www.iina dot news/announcement-partnership-between-sputnik-and-iina/","Blurb":"Sputnik signed a cooperation agreement with United Kingdom-based Iraq International News Agency (IINA) in March 2024 focused on English-language content exchange and development of joint educational projects.","BRICS_":"N","Kremlin_":"Y","Lat":33.11810333,"Long":43.75752524}},
{"type":"Feature","id":71,"geometry":{"type":"Point","coordinates":[37.85787165,0.530802950000044]},"properties":{"OBJECTID":71,"Country_Name":"Kenya","ISO_3_Digit_Code":"KEN","Russian_Organization":"Sputnik ","Partner_Organization":"Radio Africa Group","Partner_Organization_Website":"https ://radioafricagroup dot co.ke/","Date_Signed":"Aug-23","Date_Added":"Apr-26","Source":"https ://en dot sputniknews.africa/20230801/sputnik-expands-network-of-partners-in-africa-1060978151.html","Blurb":"Sputnik signed a cooperation agreement  with Kenyan media group Radio Africa Group during the Economic and Humanitarian Forum Russia-Africa in August 2023.","BRICS_":"N","Kremlin_":"Y","Lat":0.53080295,"Long":37.85787165}},
{"type":"Feature","id":72,"geometry":{"type":"Point","coordinates":[-10.3204723599999,20.3475573300001]},"properties":{"OBJECTID":72,"Country_Name":"Mauritania","ISO_3_Digit_Code":"MRT","Russian_Organization":"Sputnik ","Partner_Organization":"Mauritanian News Agency (AMI)","Partner_Organization_Website":"https ://ami dot mr/en/","Date_Signed":"Aug-23","Date_Added":"Apr-26","Source":"https ://en dot sputniknews.africa/20230801/sputnik-expands-network-of-partners-in-africa-1060978151.html","Blurb":"Sputnik signed a cooperation agreement during the Economic and Humanitarian Forum Russia-Africa with Mauritanian state media outlet Mauritanian News Agency (AMI) in August 2023.","BRICS_":"N","Kremlin_":"Y","Lat":20.34755733,"Long":-10.32047236}},
{"type":"Feature","id":73,"geometry":{"type":"Point","coordinates":[-102.7120138,24.1928844699998]},"properties":{"OBJECTID":73,"Country_Name":"Mexico","ISO_3_Digit_Code":"MEX","Russian_Organization":"Sputnik ","Partner_Organization":"El Soberano","Partner_Organization_Website":"https ://elsoberano dot mx/","Date_Signed":"Dec-22","Date_Added":"Apr-26","Source":"https ://xn--c1acbl2abdlkab1og dot xn--p1ai/20221215/366327.html; https://elsoberano dot mx/2023/02/24/firman-el-soberano-y-sputnik-memorandum-de-entendimiento/","Blurb":"Sputnik signed a memorandum of understanding with Mexican online newspaper El Soberano in December 2022 to establish free content exchange.","BRICS_":"N","Kremlin_":"Y","Lat":24.19288447,"Long":-102.7120138}},
{"type":"Feature","id":74,"geometry":{"type":"Point","coordinates":[103.0450712,46.9717459199999]},"properties":{"OBJECTID":74,"Country_Name":"Mongolia","ISO_3_Digit_Code":"MNG","Russian_Organization":"Sputnik ","Partner_Organization":"Montsame","Partner_Organization_Website":"https ://www.montsame dot mn/en/","Date_Signed":"Sep-17","Date_Added":"Apr-26","Source":"https ://montsame dot mn/en/read/131547 ; https://www.montsame dot mn/en/more/411","Blurb":"Sputnik signed a cooperation agreement on content sharing and joint projects with Mongolian state news agency Montsame in September 2017. Montsame lists Sputnik as a partner as of March 2026.","BRICS_":"N","Kremlin_":"Y","Lat":46.97174592,"Long":103.0450712}},
{"type":"Feature","id":75,"geometry":{"type":"Point","coordinates":[96.5043126900001,21.27991506]},"properties":{"OBJECTID":75,"Country_Name":"Myanmar","ISO_3_Digit_Code":"MMR","Russian_Organization":"Sputnik ","Partner_Organization":"Global New Light of Myanmar","Partner_Organization_Website":"https ://www.gnlm dot com.mm/","Date_Signed":"Sep-23","Date_Added":"Apr-26","Source":"https :// sputnikglobe dot com/20230906/sputnik-starts-cooperating-with-myanmars-leading-media-outlet-1113149340.html ; https://www.moi dot gov.mm/npe/global-new-light-myanmar-nng-ruraaniungngn-sputnik-information-agency-ttiuakaa","Blurb":"Sputnik signed a cooperation agreement with Myanmar state newspaper Global New Light of Myanmar (GNLM) in September 2023.","BRICS_":"N","Kremlin_":"Y","Lat":21.27991506,"Long":96.50431269}},
{"type":"Feature","id":76,"geometry":{"type":"Point","coordinates":[96.5043126900001,21.27991506]},"properties":{"OBJECTID":76,"Country_Name":"Myanmar","ISO_3_Digit_Code":"MMR","Russian_Organization":"Sputnik ","Partner_Organization":"Myawaddy TV","Partner_Organization_Website":"https ://www.myawady dot net.mm/","Date_Signed":"Sep-22","Date_Added":"Apr-26","Source":"https :// rossiyasegodnya dot com/20220906/296259.html","Blurb":"Rossiya Segodnya reported that Sputnik signed a memorandum of understanding with Myanmar Armed Forces-owned television network Myawaddy TV in September 2022 to exchange content and hold joint events.","BRICS_":"N","Kremlin_":"Y","Lat":21.27991506,"Long":96.50431269}},
{"type":"Feature","id":77,"geometry":{"type":"Point","coordinates":[-85.0340738199999,12.84573479]},"properties":{"OBJECTID":77,"Country_Name":"Nicaragua","ISO_3_Digit_Code":"NIC","Russian_Organization":"Sputnik ","Partner_Organization":"Communication and Citizenry Council of Nicaragua","Partner_Organization_Website":null,"Date_Signed":"Sep-22","Date_Added":"Apr-26","Source":"https ://www.voanews dot com/a/nicaragua-cuts-deal-with-kremlin-station-sputnik-to-air-content-/6747611.html; https://rsf dot org/en/nicaragua-latin-american-hotspot-russian-propaganda","Blurb":"Sputnik signed a cooperation agreement with Nicaraguan state media holding Communication and Citizenry Council of Nicaragua in September 2022.","BRICS_":"N","Kremlin_":"Y","Lat":12.84573479,"Long":-85.03407382}},
{"type":"Feature","id":78,"geometry":{"type":"Point","coordinates":[73.2476920000001,34.9214588000003]},"properties":{"OBJECTID":78,"Country_Name":"Pakistan","ISO_3_Digit_Code":"PAK","Russian_Organization":"Sputnik ","Partner_Organization":"Associated Press of Pakistan","Partner_Organization_Website":"https ://www.app dot com dot pk/","Date_Signed":"Nov-25","Date_Added":"Apr-26","Source":"https ://sputnikglobe dot com/20251127/sputnik-and-pakistans-app-news-agency-sign-cooperation-agreement-1123183347.html","Blurb":"Sputnik reported that it signed a media cooperation agreement with Pakistani state media outlet Associated Press of Pakistan (APP) in November 2025. The agreement involves content exchange in English, Arabic, and Chinese, and the organization of joint seminars, workshops, press conferences, and media events.","BRICS_":"N","Kremlin_":"Y","Lat":34.9214588,"Long":73.247692}},
{"type":"Feature","id":79,"geometry":{"type":"Point","coordinates":[121.032855,15.9567224000003]},"properties":{"OBJECTID":79,"Country_Name":"Philippines","ISO_3_Digit_Code":"PHL","Russian_Organization":"Sputnik ","Partner_Organization":"Philippine News Agency","Partner_Organization_Website":"https ://www.pna dot gov.ph/","Date_Signed":"Mar-23","Date_Added":"Apr-26","Source":"https ://www dot pna.gov.ph/articles/1196598 ; https://ria dot ru/20230303/sotrudnichestvo-1855674408.html","Blurb":"Sputnik signed a cooperation and content sharing agreement with Philippines state news agency Philippine News Agency (PNA) in March 2023.","BRICS_":"N","Kremlin_":"Y","Lat":15.9567224,"Long":121.032855}},
{"type":"Feature","id":80,"geometry":{"type":"Point","coordinates":[44.4808236800001,24.27970415]},"properties":{"OBJECTID":80,"Country_Name":"Saudi Arabia","ISO_3_Digit_Code":"SAU","Russian_Organization":"Sputnik ","Partner_Organization":"Saudi Arabian Press Agency","Partner_Organization_Website":"https ://www.spa dot gov.sa/","Date_Signed":"Oct-23","Date_Added":"Apr-26","Source":"https ://xn--c1acbl2abdlkab1og dot xn--p1ai/20231012/574003.html ; https://www.spa dot gov.sa/en/N1978404 ","Blurb":"Sputnik signed a cooperation agreement with the Saudi Arabian Press Agency (SPA) in October 2023 for information exchange and organization of joint media events.","BRICS_":"N","Kremlin_":"Y","Lat":24.27970415,"Long":44.48082368}},
{"type":"Feature","id":81,"geometry":{"type":"Point","coordinates":[44.4808236800001,24.27970415]},"properties":{"OBJECTID":81,"Country_Name":"Saudi Arabia","ISO_3_Digit_Code":"SAU","Russian_Organization":"Sputnik ","Partner_Organization":"Union of OIC News Agencies","Partner_Organization_Website":"https ://una-oic dot org/","Date_Signed":"Nov-21","Date_Added":"Apr-26","Source":"https ://www.arabnews dot com/node/1975021/media;  https://x.com/UNAOIC/status/1791214288205455838?s=20 ","Blurb":"Sputnik signed a media cooperation agreement with the Saudi-based Union of Organization of Islamic Countries (OIC) News Agencies in November 2021.","BRICS_":"N","Kremlin_":"Y","Lat":24.27970415,"Long":44.48082368}},
{"type":"Feature","id":82,"geometry":{"type":"Point","coordinates":[-14.46972181,14.3753509000002]},"properties":{"OBJECTID":82,"Country_Name":"Senegal","ISO_3_Digit_Code":"SEN","Russian_Organization":"Sputnik ","Partner_Organization":"Agence de Presse Sénégalaise (APS)","Partner_Organization_Website":"https ://aps dot sn/","Date_Signed":"Aug-23","Date_Added":"Apr-26","Source":"https ://en dot sputniknews.africa/20230801/sputnik-expands-network-of-partners-in-africa-1060978151.html","Blurb":"Sputnik signed a cooperation agreement during the Economic and Humanitarian Forum Russia-Africa with Senegalese state news agency Agence de Presse Sénégalaise (APS) in August 2023.","BRICS_":"N","Kremlin_":"Y","Lat":14.3753509,"Long":-14.46972181}},
{"type":"Feature","id":83,"geometry":{"type":"Point","coordinates":[32.38643389,1.28113552000002]},"properties":{"OBJECTID":83,"Country_Name":"Uganda","ISO_3_Digit_Code":"UGA","Russian_Organization":"Sputnik ","Partner_Organization":"New Vision Group","Partner_Organization_Website":"https ://www.newvision dot co.ug/","Date_Signed":"Aug-23","Date_Added":"Apr-26","Source":"https ://en dot sputniknews.africa/20230801/sputnik-expands-network-of-partners-in-africa-1060978151.html","Blurb":"Sputnik signed a cooperation agreement during the Economic and Humanitarian Forum Russia-Africa with Ugandan media holding New Vision Group in August 2023.","BRICS_":"N","Kremlin_":"Y","Lat":1.28113552,"Long":32.38643389}},
{"type":"Feature","id":84,"geometry":{"type":"Point","coordinates":[55.9406204,25.3478822]},"properties":{"OBJECTID":84,"Country_Name":"United Arab Emirates","ISO_3_Digit_Code":"ARE","Russian_Organization":"Sputnik ","Partner_Organization":"TRENDS Group","Partner_Organization_Website":"https ://trendsresearch dot org/?srsltid=AfmBOooY12CfBAD6x7iDfoK3L3PPpw8ZJCvcTxXJ2UDq8DZleUzcB5RU","Date_Signed":"Jun-26","Date_Added":"06/10/2026","Source":"https ://ria dot ru/20260606/soglashenie-2097357609.html ; https://xn--c1acbl2abdlkab1og dot xn--p1ai/20260609/784918.html","Blurb":"Sputnik signed a memorandum of understanding to expand cooperation between the expert and media communities in Russia and the UAE with Emirati research firm TRENDS Group in June 2026.","BRICS_":"N","Kremlin_":"Y","Lat":25.3478822,"Long":55.9406204}},
{"type":"Feature","id":85,"geometry":{"type":"Point","coordinates":[-70.5264515999999,7.95028539999976]},"properties":{"OBJECTID":85,"Country_Name":"Venezuela","ISO_3_Digit_Code":"VEN","Russian_Organization":"Sputnik ","Partner_Organization":"Venezuelan government","Partner_Organization_Website":null,"Date_Signed":"Nov-24","Date_Added":"Apr-26","Source":"https ://ria dot ru/20241126/venesuela-1985883782.html ","Blurb":"Sputnik signed a cooperation agreement for projects in communications sector with the Venezuelan government in November 2024.","BRICS_":"N","Kremlin_":"Y","Lat":7.9502854,"Long":-70.5264516}},
{"type":"Feature","id":86,"geometry":{"type":"Point","coordinates":[108.179645,12.0246368]},"properties":{"OBJECTID":86,"Country_Name":"Vietnam","ISO_3_Digit_Code":"VNM","Russian_Organization":"Sputnik ","Partner_Organization":"Vietnam News Agency","Partner_Organization_Website":"https ://vnanet dot vn/en/","Date_Signed":"Jun-17","Date_Added":"Apr-26","Source":"http ://vietnamnews dot vn/politics-laws/379298/vietnam-news-agency-inks-cooperation-deal-with-sputnik.html","Blurb":"Sputnik signed a cooperation agreement on content sharing and joint projects with Vietnamese state news agency Vietnam News Agency (VNA) in June 2017.","BRICS_":"N","Kremlin_":"Y","Lat":12.0246368,"Long":108.179645}},
{"type":"Feature","id":87,"geometry":{"type":"Point","coordinates":[2.62914800000004,28.4245500000002]},"properties":{"OBJECTID":87,"Country_Name":"Algeria","ISO_3_Digit_Code":"DZA","Russian_Organization":"TASS","Partner_Organization":"Algeria Press Service (APS)","Partner_Organization_Website":"https ://www.aps dot dz/fr","Date_Signed":"Jul-23","Date_Added":"Apr-26","Source":"https://tass dot com/world/1653075","Blurb":"TASS signed a cooperation memorandum with Algerian state news agency Algeria Press Service (APS) on the sidelines of the second Russia-Africa media forum in July 2023.","BRICS_":"N","Kremlin_":"Y","Lat":28.42455,"Long":2.629148}},
{"type":"Feature","id":88,"geometry":{"type":"Point","coordinates":[44.9432100000001,40.2930900000002]},"properties":{"OBJECTID":88,"Country_Name":"Armenia","ISO_3_Digit_Code":"ARM","Russian_Organization":"TASS","Partner_Organization":"Armenpress","Partner_Organization_Website":"https ://armenpress dot am/en","Date_Signed":"Apr-13","Date_Added":"Apr-26","Source":"https ://armenpress dot am/en/article/716031","Blurb":"TASS signed a cooperation agreement with Armenian state news agency Armenpress in 2013. The Armenpress website currently lists TASS as a partner.","BRICS_":"N","Kremlin_":"Y","Lat":40.29309,"Long":44.94321}},
{"type":"Feature","id":89,"geometry":{"type":"Point","coordinates":[104.2108468,37.5544495799998]},"properties":{"OBJECTID":89,"Country_Name":"China","ISO_3_Digit_Code":"CHN","Russian_Organization":"TASS","Partner_Organization":"People's Daily","Partner_Organization_Website":"https ://en dot people.cn/","Date_Signed":"May-26","Date_Added":"05/20/2026","Source":"http ://kremlin dot ru/supplement/6488 ; https://www.mfa dot gov.cn/zyxw/202605/t20260521_11914946.shtml","Blurb":"TASS signed a cooperation agreement with People's Daily in May 2026.","BRICS_":"N","Kremlin_":"Y","Lat":37.55444958,"Long":104.2108468}},
{"type":"Feature","id":90,"geometry":{"type":"Point","coordinates":[104.2108468,37.5544495799998]},"properties":{"OBJECTID":90,"Country_Name":"China","ISO_3_Digit_Code":"CHN","Russian_Organization":"TASS","Partner_Organization":"Xinhua","Partner_Organization_Website":"https ://english dot news.cn/","Date_Signed":"Sep-25","Date_Added":"Apr-26","Source":"https ://tass dot com/politics/2010843; http://kremlin dot ru/supplement/6380","Blurb":"TASS and Xinhua signed the Strategy for the Development of Cooperation for 2026-2030 in September 2025.","BRICS_":"N","Kremlin_":"Y","Lat":37.55444958,"Long":104.2108468}},
{"type":"Feature","id":91,"geometry":{"type":"Point","coordinates":[104.2108468,37.5544495799998]},"properties":{"OBJECTID":91,"Country_Name":"China","ISO_3_Digit_Code":"CHN","Russian_Organization":"TASS","Partner_Organization":"Xinhua","Partner_Organization_Website":"https ://english dot news.cn/","Date_Signed":"Mar-23","Date_Added":"Apr-26","Source":"https ://tass dot com/society/1591751","Blurb":"TASS and Xinhua signed a renewed cooperation agreement in March 2023.","BRICS_":"N","Kremlin_":"Y","Lat":37.55444958,"Long":104.2108468}},
{"type":"Feature","id":92,"geometry":{"type":"Point","coordinates":[15.2235769500001,-0.842182980000032]},"properties":{"OBJECTID":92,"Country_Name":"Congo","ISO_3_Digit_Code":"COG","Russian_Organization":"TASS","Partner_Organization":"Agence Congolaise d’Information (ACI)","Partner_Organization_Website":"https ://www.aci dot cg/","Date_Signed":"Jul-23","Date_Added":"Apr-26","Source":"https ://tass dot com/society/1653597","Blurb":"TASS signed a cooperation memorandum with Congolese state news agency Agence Congolaise d’Information (ACI) on the sidelines of the second Russia-Africa media forum in July 2023.","BRICS_":"N","Kremlin_":"Y","Lat":-0.84218298,"Long":15.22357695}},
{"type":"Feature","id":93,"geometry":{"type":"Point","coordinates":[15.2235769500001,-0.842182980000032]},"properties":{"OBJECTID":93,"Country_Name":"Congo","ISO_3_Digit_Code":"COG","Russian_Organization":"TASS","Partner_Organization":"Agence d’Information d’Afrique Centrale (ADIAC)","Partner_Organization_Website":"https ://www.adiac-congo dot com/","Date_Signed":"Jul-23","Date_Added":"Apr-26","Source":"https://tass dot com/world/1653075","Blurb":"TASS signed a cooperation memorandum with Congo-based Agence d’Information d’Afrique Centrale (ADIAC) on the sidelines of the second Russia-Africa media forum in July 2023.","BRICS_":"N","Kremlin_":"Y","Lat":-0.84218298,"Long":15.22357695}},
{"type":"Feature","id":94,"geometry":{"type":"Point","coordinates":[79.6320385600001,23.2131182700003]},"properties":{"OBJECTID":94,"Country_Name":"India","ISO_3_Digit_Code":"IND","Russian_Organization":"TASS","Partner_Organization":"Press Trust of India","Partner_Organization_Website":"https ://www.ptinews dot com/","Date_Signed":"Dec-25","Date_Added":"Apr-26","Source":"https ://tass dot com/society/2054009 ; https://www.ptinews dot com/story/national/pti-tass-sign-agreement-for-exchange-of-news-content-on-india-russia/3160634","Blurb":"TASS signed a signed a cooperation agreement with Indian news agency Press Trust of India (PTI) during Putin's state visit to India in December 2025.","BRICS_":"N","Kremlin_":"Y","Lat":23.21311827,"Long":79.63203856}},
{"type":"Feature","id":95,"geometry":{"type":"Point","coordinates":[35.8892512300001,33.9231831400002]},"properties":{"OBJECTID":95,"Country_Name":"Lebanon","ISO_3_Digit_Code":"LBN","Russian_Organization":"TASS","Partner_Organization":"National News Agency (NNA)","Partner_Organization_Website":"https ://www.nna-leb dot gov.lb/en/latest-news","Date_Signed":"Sep-24","Date_Added":"Apr-26","Source":"https ://tass dot com/society/1843259 ; https://eastnews dot net/Details/15423/%D9%85%D8%B0%D9%83%D8%B1%D8%A9-%D8%AA%D8%B9%D8%A7%D9%88%D9%86-%D8%A8%D9%8A%D9%86--%D8%A7%D9%84%D9%88%D9%83%D8%A7%D9%84%D8%A9-%D8%A7%D9%84%D9%88%D8%B7%D9%86%D9%8A%D8%A9--%D9%88-%D8%AA%D8%A7%D8%B3- ","Blurb":"TASS signed a memorandum of understanding with Lebanese state news agency National News Agency (NNA) in September 2024 focused on content sharing and journalist exchanges.","BRICS_":"N","Kremlin_":"Y","Lat":33.92318314,"Long":35.88925123}},
{"type":"Feature","id":96,"geometry":{"type":"Point","coordinates":[17.2256357200001,-22.24830158]},"properties":{"OBJECTID":96,"Country_Name":"Namibia","ISO_3_Digit_Code":"NAM","Russian_Organization":"TASS","Partner_Organization":"Namibia Press Agency (NAMPA)","Partner_Organization_Website":"https ://www.nampa dot org/","Date_Signed":"Jul-23","Date_Added":"Apr-26","Source":"https://tass dot com/world/1653075","Blurb":"TASS signed a cooperation memorandum with Namibian state news agency Namibia Press Agency (NAMPA) on the sidelines of the second Russia-Africa media forum in July 2023.","BRICS_":"N","Kremlin_":"Y","Lat":-22.24830158,"Long":17.22563572}},
{"type":"Feature","id":97,"geometry":{"type":"Point","coordinates":[125.4619901,38.4161351]},"properties":{"OBJECTID":97,"Country_Name":"North Korea","ISO_3_Digit_Code":"PRK","Russian_Organization":"TASS","Partner_Organization":"Korean Central News Agency (KCNA)","Partner_Organization_Website":"http ://www.kcna dot kp","Date_Signed":"Mar-26","Date_Added":"Apr-26","Source":"https ://tass dot ru/obschestvo/26923155; https://www.nknews dot org/2026/03/russias-top-news-agency-reaches-deal-with-north-korea-to-combat-fake-news/","Blurb":"TASS signed a cooperation agreement with North Korean state media outlet Korean Central News Agency (KCNA) in March 2026, focusing on information exchanges and countering “disinformation.”","BRICS_":"N","Kremlin_":"Y","Lat":38.4161351,"Long":125.4619901}},
{"type":"Feature","id":98,"geometry":{"type":"Point","coordinates":[-14.46972181,14.3753509000002]},"properties":{"OBJECTID":98,"Country_Name":"Senegal","ISO_3_Digit_Code":"SEN","Russian_Organization":"TASS","Partner_Organization":"Agence de Presse Sénégalaise (APS)","Partner_Organization_Website":"https ://aps dot sn/","Date_Signed":"Jul-23","Date_Added":"Apr-26","Source":"https://tass dot com/society/1653597 ","Blurb":"TASS signed a cooperation memorandum with Senegalese state news agency Agence de Presse Sénégalaise (APS) on the sidelines of the second Russia-Africa media forum in July 2023.","BRICS_":"N","Kremlin_":"Y","Lat":14.3753509,"Long":-14.46972181}},
{"type":"Feature","id":99,"geometry":{"type":"Point","coordinates":[108.179645,12.0246368]},"properties":{"OBJECTID":99,"Country_Name":"Vietnam","ISO_3_Digit_Code":"VNM","Russian_Organization":"TASS","Partner_Organization":"Nhân Dân","Partner_Organization_Website":"https ://en dot nhandan.vn/","Date_Signed":"Feb-26","Date_Added":"Apr-26","Source":"https ://tass dot ru/obschestvo/26554543","Blurb":"TASS and Vietnamese state newspaper Nhân Dân agreed to expand cooperation in February 2026.","BRICS_":"N","Kremlin_":"Y","Lat":12.0246368,"Long":108.179645}},
{"type":"Feature","id":100,"geometry":{"type":"Point","coordinates":[108.179645,12.0246368]},"properties":{"OBJECTID":100,"Country_Name":"Vietnam","ISO_3_Digit_Code":"VNM","Russian_Organization":"TASS","Partner_Organization":"Vietnam News Agency","Partner_Organization_Website":"https ://vnanet dot vn/en/","Date_Signed":"Feb-26","Date_Added":"Apr-26","Source":"https ://tass dot ru/ekonomika/26541009","Blurb":"TASS updated its cooperation agreement with Vietnam News Agency (VNA) in February 2026.","BRICS_":"N","Kremlin_":"Y","Lat":12.0246368,"Long":108.179645}},
{"type":"Feature","id":101,"geometry":{"type":"Point","coordinates":[30.2975423,-17.7882478999999]},"properties":{"OBJECTID":101,"Country_Name":"Zimbabwe","ISO_3_Digit_Code":"ZWE","Russian_Organization":"TASS","Partner_Organization":"New Ziana","Partner_Organization_Website":"https ://newziana dot co.zw","Date_Signed":"Jul-23","Date_Added":"Apr-26","Source":"https://tass dot com/world/1653075","Blurb":"TASS signed a cooperation memorandum with Zimbabwean state news agency New Ziana news agency (also known as Zimbabwe's Inter-Africa News Agency) on the sidelines of the second Russia-Africa media forum in July 2023.","BRICS_":"N","Kremlin_":"Y","Lat":-17.7882479,"Long":30.2975423}},
{"type":"Feature","id":102,"geometry":{"type":"Point","coordinates":[-64.4436207,-31.3156125000001]},"properties":{"OBJECTID":102,"Country_Name":"Argentina","ISO_3_Digit_Code":"ARG","Russian_Organization":"TV BRICS","Partner_Organization":"Ahora San Juan","Partner_Organization_Website":"https ://www.ahorasanjuan dot com/tvbrics/","Date_Signed":"Jun-23","Date_Added":"Apr-26","Source":"https ://tvbrics dot com/en/news/tv-brics-and-ahora-san-juan-launch-a-special-brics-news-section-in-spanish/","Blurb":"TV BRICS partnered with Argentine online newspaper Ahora San Juan in June 2023 to create a Spanish-language BRICS news section in Ahora San Juan.","BRICS_":"Y","Kremlin_":"N","Lat":-31.3156125,"Long":-64.4436207}},
{"type":"Feature","id":103,"geometry":{"type":"Point","coordinates":[-64.4436207,-31.3156125000001]},"properties":{"OBJECTID":103,"Country_Name":"Argentina","ISO_3_Digit_Code":"ARG","Russian_Organization":"TV BRICS","Partner_Organization":"AsiaTV","Partner_Organization_Website":"https ://www.youtube dot com/channel/UCwQAOOwPbBKh1IMaOxohe_Q","Date_Signed":null,"Date_Added":"Apr-26","Source":"https ://tvbrics dot com/en/partners/","Blurb":"TV BRICS lists Argentinian digital media outlet AsiaTV as a partner as of September 2026.","BRICS_":"Y","Kremlin_":"N","Lat":-31.3156125,"Long":-64.4436207}},
{"type":"Feature","id":104,"geometry":{"type":"Point","coordinates":[-64.4436207,-31.3156125000001]},"properties":{"OBJECTID":104,"Country_Name":"Argentina","ISO_3_Digit_Code":"ARG","Russian_Organization":"TV BRICS","Partner_Organization":"BRICSLat","Partner_Organization_Website":"https ://bricslat dot com/","Date_Signed":null,"Date_Added":"Apr-26","Source":"https ://tvbrics dot com/en/partners/","Blurb":"TV BRICS lists Argentinian online outlet BRICSLat as a partner as of September 2026.","BRICS_":"Y","Kremlin_":"N","Lat":-31.3156125,"Long":-64.4436207}},
{"type":"Feature","id":105,"geometry":{"type":"Point","coordinates":[-64.4436207,-31.3156125000001]},"properties":{"OBJECTID":105,"Country_Name":"Argentina","ISO_3_Digit_Code":"ARG","Russian_Organization":"TV BRICS","Partner_Organization":"Center for Integration and Cooperation Between Russia and Latin America (CICRAL)","Partner_Organization_Website":"https ://cicral dot com/","Date_Signed":"Jun-26","Date_Added":"06/09/2026","Source":"https ://tvbrics dot com/news/mediaset-tv-brics-budet-prodvigat-sotrudnichestvo-stran-briks-i-globalnogo-yuga-v-oblasti-publichnoy/","Blurb":"TV BRICS signed a cooperation agreement with Argeninian public diplomacy organization Center for Integration and Cooperation Between Russia and Latin America (CICRAL) in June 2026.","BRICS_":"Y","Kremlin_":"N","Lat":-31.3156125,"Long":-64.4436207}},
{"type":"Feature","id":106,"geometry":{"type":"Point","coordinates":[-64.4436207,-31.3156125000001]},"properties":{"OBJECTID":106,"Country_Name":"Argentina","ISO_3_Digit_Code":"ARG","Russian_Organization":"TV BRICS","Partner_Organization":"Extra!","Partner_Organization_Website":"https ://www.youtube dot com/@canalextratv","Date_Signed":null,"Date_Added":"Apr-26","Source":"https ://tvbrics dot com/en/partners/","Blurb":"TV BRICS lists Argentinian news channel Extra! as a partner as of September 2026.","BRICS_":"Y","Kremlin_":"N","Lat":-31.3156125,"Long":-64.4436207}},
{"type":"Feature","id":107,"geometry":{"type":"Point","coordinates":[28.0559200000001,53.5869100000003]},"properties":{"OBJECTID":107,"Country_Name":"Belarus","ISO_3_Digit_Code":"BLR","Russian_Organization":"TV BRICS","Partner_Organization":"BelTA","Partner_Organization_Website":"https ://eng dot belta.by/","Date_Signed":"Oct-24","Date_Added":"Apr-26","Source":"https ://tvbrics dot com/en/news/tv-brics-to-assist-in-building-positive-image-of-the-republic-of-belarus-abroad/ ; https ://eng dot belta.by/society/view/belta-becomes-partner-of-tv-brics-international-network-161851-2024/ ","Blurb":"Russian-registered media organization TV BRICS signed a cooperation agreement with Belarusian state news agency BelTA in October 2024.","BRICS_":"Y","Kremlin_":"N","Lat":53.58691,"Long":28.05592}},
{"type":"Feature","id":108,"geometry":{"type":"Point","coordinates":[28.0559200000001,53.5869100000003]},"properties":{"OBJECTID":108,"Country_Name":"Belarus","ISO_3_Digit_Code":"BLR","Russian_Organization":"TV BRICS","Partner_Organization":"Belteleradio","Partner_Organization_Website":null,"Date_Signed":"Dec-25","Date_Added":"Apr-26","Source":"https ://news dot by/news/obshchestvo/belteleradiokompaniya-i-mezhdunarodnaya-set-tv-brics-podpisali-soglashenie-o-sotrudnichestve ; https ://tvbrics dot com/en/news/brics-partner-countries-establish-mutual-media-communications-through-tv-brics/","Blurb":"TV BRICS signed a cooperation agreement with Belarusian state television and radio broadcasting company Belteleradio in December 2025.","BRICS_":"Y","Kremlin_":"N","Lat":53.58691,"Long":28.05592}},
{"type":"Feature","id":109,"geometry":{"type":"Point","coordinates":[-64.66489329,-16.7826549499999]},"properties":{"OBJECTID":109,"Country_Name":"Bolivia","ISO_3_Digit_Code":"BOL","Russian_Organization":"TV BRICS","Partner_Organization":"Bolivia TV","Partner_Organization_Website":"https ://www.boliviatv dot bo/principal/","Date_Signed":"Sep-25","Date_Added":"Apr-26","Source":"https ://tvbrics dot com/en/news/bolivia-s-leading-state-television-channel-begins-cooperation-with-foreign-media-through-tv-brics/","Blurb":"TV BRICS signed a cooperation agreement with Bolivian state television station Bolivia TV in September 2025.","BRICS_":"Y","Kremlin_":"N","Lat":-16.78265495,"Long":-64.66489329}},
{"type":"Feature","id":110,"geometry":{"type":"Point","coordinates":[-64.66489329,-16.7826549499999]},"properties":{"OBJECTID":110,"Country_Name":"Bolivia","ISO_3_Digit_Code":"BOL","Russian_Organization":"TV BRICS","Partner_Organization":"Palenque TV","Partner_Organization_Website":null,"Date_Signed":"May-26","Date_Added":"05/22/2026","Source":"https://tvbrics dot com/news/boliviya-budet-razvivat-s-tv-brics-sotsialnuyu-zhurnalistiku/ ; https://www.telesurtv dot net/bolivia-desarrollo-periodismo-social-tv-brics/ ","Blurb":"TV BRICS signed a cooperation agreement with Bolivian television channel Palenque TV in May 2026.","BRICS_":"Y","Kremlin_":"N","Lat":-16.78265495,"Long":-64.66489329}},
{"type":"Feature","id":111,"geometry":{"type":"Point","coordinates":[-64.66489329,-16.7826549499999]},"properties":{"OBJECTID":111,"Country_Name":"Bolivia","ISO_3_Digit_Code":"BOL","Russian_Organization":"TV BRICS","Partner_Organization":"Visión 360","Partner_Organization_Website":"https ://www.vision360 dot bo/","Date_Signed":"Mar-26","Date_Added":"04/29/2026","Source":"https ://tvbrics dot com/en/news/bolivia-strengthens-its-information-presence-in-unified-brics-agenda/","Blurb":"TV BRICS signed a cooperation agreement with Bolivian digital newspaper Visión 360 in March 2026.","BRICS_":"Y","Kremlin_":"N","Lat":-16.78265495,"Long":-64.66489329}},
{"type":"Feature","id":112,"geometry":{"type":"Point","coordinates":[-53.02741953,-11.17194571]},"properties":{"OBJECTID":112,"Country_Name":"Brazil","ISO_3_Digit_Code":"BRA","Russian_Organization":"TV BRICS","Partner_Organization":"Brasil de Fato (BdF)","Partner_Organization_Website":"https ://www.brasildefato dot com dot br/english/","Date_Signed":null,"Date_Added":"Apr-26","Source":"https ://tvbrics dot com/en/partners/","Blurb":"TV BRICS lists Brazilian multimedia outlet Brasil de Fato as a partner as of September 2026.","BRICS_":"Y","Kremlin_":"N","Lat":-11.17194571,"Long":-53.02741953}},
{"type":"Feature","id":113,"geometry":{"type":"Point","coordinates":[-53.02741953,-11.17194571]},"properties":{"OBJECTID":113,"Country_Name":"Brazil","ISO_3_Digit_Code":"BRA","Russian_Organization":"TV BRICS","Partner_Organization":"Brazil 247","Partner_Organization_Website":"https ://www.brasil247 dot com/","Date_Signed":null,"Date_Added":"Apr-26","Source":"https ://tvbrics dot com/en/partners/","Blurb":"TV BRICS lists Brazilian news website Brasil 247 as a partner as of September 2026.","BRICS_":"Y","Kremlin_":"N","Lat":-11.17194571,"Long":-53.02741953}},
{"type":"Feature","id":114,"geometry":{"type":"Point","coordinates":[-53.02741953,-11.17194571]},"properties":{"OBJECTID":114,"Country_Name":"Brazil","ISO_3_Digit_Code":"BRA","Russian_Organization":"TV BRICS","Partner_Organization":"CMA Group","Partner_Organization_Website":"https ://www.cma dot com dot br/eng/home-eng/","Date_Signed":"Nov-23","Date_Added":"Apr-26","Source":"https ://tvbrics dot com/en/news/tv-brics-and-cma-group-intensify-coverage-of-agricultural-co-operation-between-brics-countries/","Blurb":"TV BRICS signed a memorandum of cooperation with Brazilian financial news and analysis agency CMA Group in November 2023.","BRICS_":"Y","Kremlin_":"N","Lat":-11.17194571,"Long":-53.02741953}},
{"type":"Feature","id":115,"geometry":{"type":"Point","coordinates":[-53.02741953,-11.17194571]},"properties":{"OBJECTID":115,"Country_Name":"Brazil","ISO_3_Digit_Code":"BRA","Russian_Organization":"TV BRICS","Partner_Organization":"Com Brasil","Partner_Organization_Website":"https ://combrasiltv.com dot br/","Date_Signed":null,"Date_Added":"Apr-26","Source":"https ://tvbrics dot com/en/partners/","Blurb":"TV BRICS lists Brazilian TV channel Com Brasil as a partner as of September 2026.","BRICS_":"Y","Kremlin_":"N","Lat":-11.17194571,"Long":-53.02741953}},
{"type":"Feature","id":116,"geometry":{"type":"Point","coordinates":[-53.02741953,-11.17194571]},"properties":{"OBJECTID":116,"Country_Name":"Brazil","ISO_3_Digit_Code":"BRA","Russian_Organization":"TV BRICS","Partner_Organization":"Grupo Bandeirantes de Comunicação","Partner_Organization_Website":"https ://www.band dot co dot .br/","Date_Signed":null,"Date_Added":"Apr-26","Source":"https ://tvbrics dot com/en/partners/","Blurb":"TV BRICS lists Brazilian media holding Grupo Bandeirantes de Comunicação as a partner as of September 2026.","BRICS_":"Y","Kremlin_":"N","Lat":-11.17194571,"Long":-53.02741953}},
{"type":"Feature","id":117,"geometry":{"type":"Point","coordinates":[-53.02741953,-11.17194571]},"properties":{"OBJECTID":117,"Country_Name":"Brazil","ISO_3_Digit_Code":"BRA","Russian_Organization":"TV BRICS","Partner_Organization":"Metropoles","Partner_Organization_Website":"https ://www.metropoles dot com/","Date_Signed":null,"Date_Added":"Apr-26","Source":"https ://tvbrics dot com/en/partners/","Blurb":"TV BRICS lists Brazilian news agency Metropoles as a partner as of September 2026.","BRICS_":"Y","Kremlin_":"N","Lat":-11.17194571,"Long":-53.02741953}},
{"type":"Feature","id":118,"geometry":{"type":"Point","coordinates":[-53.02741953,-11.17194571]},"properties":{"OBJECTID":118,"Country_Name":"Brazil","ISO_3_Digit_Code":"BRA","Russian_Organization":"TV BRICS","Partner_Organization":"State University of Campinas (Unicamp); TV Unicamp","Partner_Organization_Website":null,"Date_Signed":"May-26","Date_Added":"05/20/2026","Source":"https ://tvbrics dot com/news/braziliya-predstavit-mezhdunarodnomu-soobshchestvu-dostizheniya-svoikh-molodykh-uchenykh-cherez-tv-b/","Blurb":"TV BRICS signed a cooperation agreement with Brazilian State University of Campinas (Unicamp) and its official television channel TV Unicamp in May 2026.","BRICS_":"Y","Kremlin_":"N","Lat":-11.17194571,"Long":-53.02741953}},
{"type":"Feature","id":119,"geometry":{"type":"Point","coordinates":[-53.02741953,-11.17194571]},"properties":{"OBJECTID":119,"Country_Name":"Brazil","ISO_3_Digit_Code":"BRA","Russian_Organization":"TV BRICS","Partner_Organization":"Toda Palavra","Partner_Organization_Website":"https ://www.todapalavra dot info/","Date_Signed":null,"Date_Added":"Apr-26","Source":"https ://tvbrics dot com/en/partners/","Blurb":"TV BRICS lists Brazilian newspaper Toda Palavra as a partner as of September 2026.","BRICS_":"Y","Kremlin_":"N","Lat":-11.17194571,"Long":-53.02741953}},
{"type":"Feature","id":120,"geometry":{"type":"Point","coordinates":[-53.02741953,-11.17194571]},"properties":{"OBJECTID":120,"Country_Name":"Brazil","ISO_3_Digit_Code":"BRA","Russian_Organization":"TV BRICS","Partner_Organization":"TV Cultura","Partner_Organization_Website":"https ://cultura.uol dot com dot br/","Date_Signed":null,"Date_Added":"Apr-26","Source":"https ://tvbrics dot com/en/partners/","Blurb":"TV BRICS lists Brazilian TV network TV Cultura as a partner as of September 2026.","BRICS_":"Y","Kremlin_":"N","Lat":-11.17194571,"Long":-53.02741953}},
{"type":"Feature","id":121,"geometry":{"type":"Point","coordinates":[-53.02741953,-11.17194571]},"properties":{"OBJECTID":121,"Country_Name":"Brazil","ISO_3_Digit_Code":"BRA","Russian_Organization":"TV BRICS","Partner_Organization":"TVC RIO","Partner_Organization_Website":"https ://www.tvcomunitaria dot rio/","Date_Signed":null,"Date_Added":"Apr-26","Source":"https ://tvbrics dot com/en/partners/","Blurb":"TV BRICS lists Brazilian TV channel TVC RIO as a partner as of September 2026.","BRICS_":"Y","Kremlin_":"N","Lat":-11.17194571,"Long":-53.02741953}},
{"type":"Feature","id":122,"geometry":{"type":"Point","coordinates":[-53.02741953,-11.17194571]},"properties":{"OBJECTID":122,"Country_Name":"Brazil","ISO_3_Digit_Code":"BRA","Russian_Organization":"TV BRICS","Partner_Organization":"Univesp TV","Partner_Organization_Website":"https ://univesptv dot com dot br/","Date_Signed":null,"Date_Added":"Apr-26","Source":"https ://tvbrics dot com/en/partners/","Blurb":"TV BRICS lists Brazilian TV station Univesp TV as a partner as of September 2026.","BRICS_":"Y","Kremlin_":"N","Lat":-11.17194571,"Long":-53.02741953}},
{"type":"Feature","id":123,"geometry":{"type":"Point","coordinates":[-72.3081574999999,-38.6518936999998]},"properties":{"OBJECTID":123,"Country_Name":"Chile","ISO_3_Digit_Code":"CHL","Russian_Organization":"TV BRICS","Partner_Organization":"Cronica Digital","Partner_Organization_Website":"https ://cronicadigital dot cl/","Date_Signed":"Mar-24","Date_Added":"Apr-26","Source":"https ://tvbrics dot com/en/news/tv-brics-expands-audience-geography-through-partnership-with-chile-s-cr-nica-digital/ ; https://cronicadigital dot cl/cronica-digital-y-tv-brics-firman-acuerdo-de-cooperacion-para-expandir-la-geografia-de-su-audiencia/","Blurb":"TV BRICS signed a cooperation agreement with Chilean news website Cronica Digital in March 2024.","BRICS_":"Y","Kremlin_":"N","Lat":-38.6518937,"Long":-72.3081575}},
{"type":"Feature","id":124,"geometry":{"type":"Point","coordinates":[-72.3081574999999,-38.6518936999998]},"properties":{"OBJECTID":124,"Country_Name":"Chile","ISO_3_Digit_Code":"CHL","Russian_Organization":"TV BRICS","Partner_Organization":"El Ciudadano","Partner_Organization_Website":"https ://www.elciudadano dot com/","Date_Signed":"Mar-24","Date_Added":"Apr-26","Source":"https ://tvbrics dot com/en/news/chilean-portal-el-ciudadano-joins-tv-brics-international-media-network/","Blurb":"TV BRICS signed a cooperation agreement with Chilean news outlet El Ciudadano in March 2024.","BRICS_":"Y","Kremlin_":"N","Lat":-38.6518937,"Long":-72.3081575}},
{"type":"Feature","id":125,"geometry":{"type":"Point","coordinates":[-72.3081574999999,-38.6518936999998]},"properties":{"OBJECTID":125,"Country_Name":"Chile","ISO_3_Digit_Code":"CHL","Russian_Organization":"TV BRICS","Partner_Organization":"El Maipo","Partner_Organization_Website":"https ://elmaipo dot cl/","Date_Signed":"Aug-25","Date_Added":"Apr-26","Source":"https ://tvbrics dot com/en/news/brics-countries-to-receive-more-unique-news-about-latin-america/ ","Blurb":"TV BRICS signed a cooperation agreement with Chilean online news portal El Maipo in August 2025.","BRICS_":"Y","Kremlin_":"N","Lat":-38.6518937,"Long":-72.3081575}},
{"type":"Feature","id":126,"geometry":{"type":"Point","coordinates":[107.4461767,29.8673196000003]},"properties":{"OBJECTID":126,"Country_Name":"China","ISO_3_Digit_Code":"CHN","Russian_Organization":"TV BRICS","Partner_Organization":"China Daily","Partner_Organization_Website":"https ://www.chinadaily dot com.cn/","Date_Signed":null,"Date_Added":"Apr-26","Source":"https ://tvbrics dot com/en/partners/","Blurb":"TV BRICS lists Chinese state newspaper China Daily as a partner as of September 2026.","BRICS_":"Y","Kremlin_":"N","Lat":29.8673196,"Long":107.4461767}},
{"type":"Feature","id":127,"geometry":{"type":"Point","coordinates":[107.4461767,29.8673196000003]},"properties":{"OBJECTID":127,"Country_Name":"China","ISO_3_Digit_Code":"CHN","Russian_Organization":"TV BRICS","Partner_Organization":"China Global Television Network (CGTN)","Partner_Organization_Website":"https ://www.cgtn dot com/","Date_Signed":null,"Date_Added":"Apr-26","Source":"https ://tvbrics dot com/en/partners/","Blurb":"TV BRICS lists China Global Television Network (CGTN) as a partner as of September 2026.","BRICS_":"Y","Kremlin_":"N","Lat":29.8673196,"Long":107.4461767}},
{"type":"Feature","id":128,"geometry":{"type":"Point","coordinates":[107.4461767,29.8673196000003]},"properties":{"OBJECTID":128,"Country_Name":"China","ISO_3_Digit_Code":"CHN","Russian_Organization":"TV BRICS","Partner_Organization":"China Radio International","Partner_Organization_Website":"http ://english dot cri.cn/","Date_Signed":null,"Date_Added":"Apr-26","Source":"https ://tvbrics dot com/en/partners/","Blurb":"TV BRICS lists Chinese state radio company China Radio International as a partner as of September 2026.","BRICS_":"Y","Kremlin_":"N","Lat":29.8673196,"Long":107.4461767}},
{"type":"Feature","id":129,"geometry":{"type":"Point","coordinates":[107.4461767,29.8673196000003]},"properties":{"OBJECTID":129,"Country_Name":"China","ISO_3_Digit_Code":"CHN","Russian_Organization":"TV BRICS","Partner_Organization":"China.com","Partner_Organization_Website":"https ://www.china dot com/","Date_Signed":null,"Date_Added":"Apr-26","Source":"https ://tvbrics dot com/en/partners/","Blurb":"TV BRICS lists Chinese multimedia platform China.com as a partner as of September 2026.","BRICS_":"Y","Kremlin_":"N","Lat":29.8673196,"Long":107.4461767}},
{"type":"Feature","id":130,"geometry":{"type":"Point","coordinates":[107.4461767,29.8673196000003]},"properties":{"OBJECTID":130,"Country_Name":"China","ISO_3_Digit_Code":"CHN","Russian_Organization":"TV BRICS","Partner_Organization":"Dongbeiwang","Partner_Organization_Website":"https ://english dot dbw dot cn/","Date_Signed":"Feb-23","Date_Added":"Apr-26","Source":"https ://tvbrics dot com/en/news/tv-brics-begins-cooperation-with-one-of-china-s-largest-portals/?sphrase_id=40491  ; https://heilongjiang.dbw dot cn/system/2019/08/14/058246377.shtml","Blurb":"TV BRICS signed a cooperation agreement with Chinese media network Dongbeiwang in February 2023. Dongbeiwang signed a memorandum of cooperation with Sputnik in August 2019.","BRICS_":"Y","Kremlin_":"N","Lat":29.8673196,"Long":107.4461767}},
{"type":"Feature","id":131,"geometry":{"type":"Point","coordinates":[107.4461767,29.8673196000003]},"properties":{"OBJECTID":131,"Country_Name":"China","ISO_3_Digit_Code":"CHN","Russian_Organization":"TV BRICS","Partner_Organization":"Global Times","Partner_Organization_Website":"https ://www.globaltimes dot cn/","Date_Signed":"Jan-25","Date_Added":"Apr-26","Source":"https ://tvbrics dot com/en/news/china-develops-media-communications-with-brics-countries-through-tv-brics-international-media-networ/","Blurb":"TV BRICS signed a cooperation agreement with Chinese state newspaper Global Times in January 2025.","BRICS_":"Y","Kremlin_":"N","Lat":29.8673196,"Long":107.4461767}},
{"type":"Feature","id":132,"geometry":{"type":"Point","coordinates":[107.4461767,29.8673196000003]},"properties":{"OBJECTID":132,"Country_Name":"China","ISO_3_Digit_Code":"CHN","Russian_Organization":"TV BRICS","Partner_Organization":"Guancha Media Company","Partner_Organization_Website":"https ://m dot guancha.cn/","Date_Signed":"Mar-25","Date_Added":"Apr-26","Source":"https ://tvbrics dot com/en/news/china-and-tv-brics-to-strengthen-international-promotion-of-global-south-agenda/ ","Blurb":"TV BRICS signed a cooperation agreement with Chinese online newspaper Guancha Media Company in March 2025.","BRICS_":"Y","Kremlin_":"N","Lat":29.8673196,"Long":107.4461767}},
{"type":"Feature","id":133,"geometry":{"type":"Point","coordinates":[107.4461767,29.8673196000003]},"properties":{"OBJECTID":133,"Country_Name":"China","ISO_3_Digit_Code":"CHN","Russian_Organization":"TV BRICS","Partner_Organization":"Jilin Province Intermedia Media","Partner_Organization_Website":null,"Date_Signed":null,"Date_Added":"Apr-26","Source":"https ://tvbrics dot com/en/partners/","Blurb":"TV BRICS lists the press center of the Jilin Provincial People's Government as a partner as of September 2026.","BRICS_":"Y","Kremlin_":"N","Lat":29.8673196,"Long":107.4461767}},
{"type":"Feature","id":134,"geometry":{"type":"Point","coordinates":[107.4461767,29.8673196000003]},"properties":{"OBJECTID":134,"Country_Name":"China","ISO_3_Digit_Code":"CHN","Russian_Organization":"TV BRICS","Partner_Organization":"People’s Daily","Partner_Organization_Website":"https ://en.people dot cn/","Date_Signed":null,"Date_Added":"Apr-26","Source":"https ://tvbrics dot com/en/partners/","Blurb":"TV BRICS lists People's Daily as a partner as of September 2026.","BRICS_":"Y","Kremlin_":"N","Lat":29.8673196,"Long":107.4461767}},
{"type":"Feature","id":135,"geometry":{"type":"Point","coordinates":[-73.0754833999999,3.92213206000001]},"properties":{"OBJECTID":135,"Country_Name":"Colombia","ISO_3_Digit_Code":"COL","Russian_Organization":"TV BRICS","Partner_Organization":"Canal ZONA D","Partner_Organization_Website":"https ://www.facebook dot com/canalzonad/?locale=es_LA","Date_Signed":"Sep-24","Date_Added":"Apr-26","Source":"https ://tvbrics dot com/en/news/tv-brics-starts-co-operation-with-colombia-/?sphrase_id=40491  ","Blurb":"TV BRICS signed a cooperation agreement with regional southwestern Colombian television channel Canal ZONA D in September 2024.","BRICS_":"Y","Kremlin_":"N","Lat":3.92213206,"Long":-73.0754834}},
{"type":"Feature","id":136,"geometry":{"type":"Point","coordinates":[-75.0018696329999,20.2191463360001]},"properties":{"OBJECTID":136,"Country_Name":"Cuba","ISO_3_Digit_Code":"CUB","Russian_Organization":"TV BRICS","Partner_Organization":"Prensa Latina","Partner_Organization_Website":"https ://www.prensa-latina dot cu/","Date_Signed":"Dec-22","Date_Added":"Apr-26","Source":"https ://www.plenglish dot com/news/2022/12/16/prensa-latina-signs-collaboration-memorandum-with-tv-brics/ ; https://tvbrics dot com/en/news/tv-brics-and-prensa-latina-sign-cooperation-agreement/","Blurb":"TV BRICS signed a cooperation memorandum with Cuban state news agency Prensa Latina in December 2022.","BRICS_":"Y","Kremlin_":"N","Lat":-20.3071682,"Long":-75.7063085}},
{"type":"Feature","id":137,"geometry":{"type":"Point","coordinates":[-75.0018696329999,20.2191463360001]},"properties":{"OBJECTID":137,"Country_Name":"Cuba","ISO_3_Digit_Code":"CUB","Russian_Organization":"TV BRICS","Partner_Organization":"University of Havana","Partner_Organization_Website":null,"Date_Signed":"Apr-26","Date_Added":"05/06/2026","Source":"https ://tvbrics dot com/news/stareyshiy-universitet-kuby-budet-razvivat-sotrudnichestvo-s-partnerami-po-briks-cherez-mediaset-tv-/ ; https://www.acn dot cu/cuba/universidad-de-la-habana-acuerda-colaboracion-con-tv-brics","Blurb":"TV BRICS signed a cooperation agreement with the University of Havana in Cuba in April 2026.","BRICS_":"Y","Kremlin_":"N","Lat":-20.3071682,"Long":-75.7063085}},
{"type":"Feature","id":138,"geometry":{"type":"Point","coordinates":[26.9209653,23.5450760000003]},"properties":{"OBJECTID":138,"Country_Name":"Egypt","ISO_3_Digit_Code":"EGY","Russian_Organization":"TV BRICS","Partner_Organization":"Daily News Egypt","Partner_Organization_Website":"https ://www.dailynewsegypt dot com/","Date_Signed":"Oct-23","Date_Added":"Apr-26","Source":"https ://www dot dailynewsegypt dot com/2023/10/13/daily-news-egypt-joins-tv-brics-international-media-network/","Blurb":"TV BRICS signed a cooperation agreement with English-language Egyptian newspaper Daily News Egypt in October 2023.","BRICS_":"Y","Kremlin_":"N","Lat":23.545076,"Long":26.9209653}},
{"type":"Feature","id":139,"geometry":{"type":"Point","coordinates":[26.9209653,23.5450760000003]},"properties":{"OBJECTID":139,"Country_Name":"Egypt","ISO_3_Digit_Code":"EGY","Russian_Organization":"TV BRICS","Partner_Organization":"Middle East News Agency (MENA)","Partner_Organization_Website":"https ://mena dot org dot eg/en/mena-news","Date_Signed":"Oct-24","Date_Added":"Apr-26","Source":"https ://tvbrics dot com/en/news/tv-brics-international-media-network-expands-partnership-in-the-middle-east/ ; https://www.rosaelyoussef dot com/1237138","Blurb":"TV BRICS signed a cooperation agreement with Egyptian state news agency Middle East News Agency (MENA) in October 2024.","BRICS_":"Y","Kremlin_":"N","Lat":23.545076,"Long":26.9209653}},
{"type":"Feature","id":140,"geometry":{"type":"Point","coordinates":[26.9209653,23.5450760000003]},"properties":{"OBJECTID":140,"Country_Name":"Egypt","ISO_3_Digit_Code":"EGY","Russian_Organization":"TV BRICS","Partner_Organization":"Sada El Balad","Partner_Organization_Website":"https ://www.elbalad dot news/","Date_Signed":"Jan-25","Date_Added":"Apr-26","Source":"https ://tvbrics dot com/en/news/tv-brics-strengthens-its-media-presence-in-the-arab-world/","Blurb":"TV BRICS signed a cooperation agreement with Egyptian news website Sada El Balad in January 2025.","BRICS_":"Y","Kremlin_":"N","Lat":23.545076,"Long":26.9209653}},
{"type":"Feature","id":141,"geometry":{"type":"Point","coordinates":[39.788373,7.56199699999989]},"properties":{"OBJECTID":141,"Country_Name":"Ethiopia","ISO_3_Digit_Code":"ETH","Russian_Organization":"TV BRICS","Partner_Organization":"University of Gondar","Partner_Organization_Website":null,"Date_Signed":"May-26","Date_Added":"05/20/2026","Source":"https ://tvbrics dot com/news/efiopiya-nachinaet-rabotat-s-tv-brics-v-tselyakh-mezhdunarodnoy-populyarizatsii-i-razvitiya-kachestv/ ; https://t.me/rusafroclub/11882  ","Blurb":"TV BRICS signed a collaboration agreement with the University of Gondar in Ethiopia in May 2026.","BRICS_":"Y","Kremlin_":"N","Lat":7.561997,"Long":39.788373}},
{"type":"Feature","id":142,"geometry":{"type":"Point","coordinates":[-1.31376469999998,9.98882009999996]},"properties":{"OBJECTID":142,"Country_Name":"Ghana","ISO_3_Digit_Code":"GHA","Russian_Organization":"TV BRICS","Partner_Organization":"Ghana News Agency (GNA)","Partner_Organization_Website":null,"Date_Signed":"Jul-26","Date_Added":"07/03/2026","Source":"https ://tvbrics dot com/news/gana-vklyuchaetsya-v-mezhdunarodnyy-informatsionnyy-obmen-cherez-tv-brics/ ","Blurb":"TV BRICS signed a cooperation agreement with Ghanaian state news agency Ghana News Agency (GNA) in July 2026.","BRICS_":"Y","Kremlin_":"N","Lat":9.9888201,"Long":-1.3137647}},
{"type":"Feature","id":143,"geometry":{"type":"Point","coordinates":[76.1118823,14.9794551000003]},"properties":{"OBJECTID":143,"Country_Name":"India","ISO_3_Digit_Code":"IND","Russian_Organization":"TV BRICS","Partner_Organization":"Asian News International","Partner_Organization_Website":"https ://aninews dot in/","Date_Signed":null,"Date_Added":"Apr-26","Source":"https ://tvbrics dot com/en/partners/ ","Blurb":"TV BRICS lists Indian news agency Asian News International as a partner as of September 2026.","BRICS_":"Y","Kremlin_":"N","Lat":14.9794551,"Long":76.1118823}},
{"type":"Feature","id":144,"geometry":{"type":"Point","coordinates":[76.1118823,14.9794551000003]},"properties":{"OBJECTID":144,"Country_Name":"India","ISO_3_Digit_Code":"IND","Russian_Organization":"TV BRICS","Partner_Organization":"Indo-Asian News Service","Partner_Organization_Website":"https ://www.ians dot in/login","Date_Signed":null,"Date_Added":"Apr-26","Source":"https ://tvbrics dot com/en/partners/ ","Blurb":"TV BRICS lists Indian news agency Indo-Asian News Service as a partner as of September 2026.","BRICS_":"Y","Kremlin_":"N","Lat":14.9794551,"Long":76.1118823}},
{"type":"Feature","id":145,"geometry":{"type":"Point","coordinates":[76.1118823,14.9794551000003]},"properties":{"OBJECTID":145,"Country_Name":"India","ISO_3_Digit_Code":"IND","Russian_Organization":"TV BRICS","Partner_Organization":"Janhit Times","Partner_Organization_Website":"https: //janhittimes24x7 dot live/","Date_Signed":null,"Date_Added":"Apr-26","Source":"https ://tvbrics dot com/en/partners/ ","Blurb":"TV BRICS lists Indian newspaper Janhit Times as a partner as of September 2026.","BRICS_":"Y","Kremlin_":"N","Lat":14.9794551,"Long":76.1118823}},
{"type":"Feature","id":146,"geometry":{"type":"Point","coordinates":[76.1118823,14.9794551000003]},"properties":{"OBJECTID":146,"Country_Name":"India","ISO_3_Digit_Code":"IND","Russian_Organization":"TV BRICS","Partner_Organization":"Malai Murasu TV","Partner_Organization_Website":"https ://www.malaimurasu dot com/live-tv","Date_Signed":null,"Date_Added":"Apr-26","Source":"https ://tvbrics dot com/en/partners/ ","Blurb":"TV BRICS lists Indian TV broadcaster Malai Murasu TV as a partner as of September 2026.","BRICS_":"Y","Kremlin_":"N","Lat":14.9794551,"Long":76.1118823}},
{"type":"Feature","id":147,"geometry":{"type":"Point","coordinates":[76.1118823,14.9794551000003]},"properties":{"OBJECTID":147,"Country_Name":"India","ISO_3_Digit_Code":"IND","Russian_Organization":"TV BRICS","Partner_Organization":"Prasar Bharati","Partner_Organization_Website":"https ://prasarbharati dot gov.in/","Date_Signed":"Dec-25","Date_Added":"Apr-26","Source":"http ://en.kremlin dot ru/supplement/6425","Blurb":"TV BRICS signed a memorandum of understanding with Prasar Bharati during Putin’s state visit to India on December 4 and 5, 2025.","BRICS_":"Y","Kremlin_":"N","Lat":14.9794551,"Long":76.1118823}},
{"type":"Feature","id":148,"geometry":{"type":"Point","coordinates":[76.1118823,14.9794551000003]},"properties":{"OBJECTID":148,"Country_Name":"India","ISO_3_Digit_Code":"IND","Russian_Organization":"TV BRICS","Partner_Organization":"Trinity Mirror","Partner_Organization_Website":"https ://www.trinitymirror dot net/news/","Date_Signed":null,"Date_Added":"Apr-26","Source":"https ://tvbrics dot com/en/partners/ ","Blurb":"TV BRICS lists Indian newspaper Trinity Mirror as a partner as of September 2026.","BRICS_":"Y","Kremlin_":"N","Lat":14.9794551,"Long":76.1118823}},
{"type":"Feature","id":149,"geometry":{"type":"Point","coordinates":[76.1118823,14.9794551000003]},"properties":{"OBJECTID":149,"Country_Name":"India","ISO_3_Digit_Code":"IND","Russian_Organization":"TV BRICS","Partner_Organization":"TV9","Partner_Organization_Website":"https ://www.tv9 dot com/","Date_Signed":"Jun-24","Date_Added":"Apr-26","Source":"https ://tvbrics dot com/en/news/india-s-largest-television-network-tv9-and-tv-brics-to-jointly-promote-united-brics-agenda-/ ; https://tvbrics dot com/en/news/tv-brics-international-media-network-strengthens-its-support-for-humanitarian-cooperation-among-bric/","Blurb":"TV BRICS signed a cooperation agreement with Indian television network TV9 in June 2024.","BRICS_":"Y","Kremlin_":"N","Lat":14.9794551,"Long":76.1118823}},
{"type":"Feature","id":150,"geometry":{"type":"Point","coordinates":[103.2508211,-3.09177769999994]},"properties":{"OBJECTID":150,"Country_Name":"Indonesia","ISO_3_Digit_Code":"IDN","Russian_Organization":"TV BRICS","Partner_Organization":"Televisi Republik Indonesia (TVRI)","Partner_Organization_Website":"https ://tvri.go dot id/","Date_Signed":"Oct-25","Date_Added":"Apr-26","Source":"https ://tvbrics dot com/en/news/tv-brics-launches-media-cooperation-with-republic-of-indonesia/ ","Blurb":"TV BRICS signed a partnership agreement with Indonesian public broadcaster Televisi Republik Indonesia (TVRI) in October 2025.","BRICS_":"Y","Kremlin_":"N","Lat":-3.0917777,"Long":103.2508211}},
{"type":"Feature","id":151,"geometry":{"type":"Point","coordinates":[56.6075704000001,29.7286313000001]},"properties":{"OBJECTID":151,"Country_Name":"Iran","ISO_3_Digit_Code":"IRN","Russian_Organization":"TV BRICS","Partner_Organization":"Islamic Republic News Agency","Partner_Organization_Website":"https ://en dot irna.ir/","Date_Signed":"Feb-24","Date_Added":"Apr-26","Source":"https ://tvbrics dot com/en/news/co-operation-between-tv-brics-and-iran-s-oldest-news-agency-to-help-integrate-the-agenda-of-the-isla/","Blurb":"TV BRICS signed a cooperation agreement with Iranian state news agency Islamic Republic News Agency (IRNA) in February 2024.","BRICS_":"Y","Kremlin_":"N","Lat":29.7286313,"Long":56.6075704}},
{"type":"Feature","id":152,"geometry":{"type":"Point","coordinates":[56.6075704000001,29.7286313000001]},"properties":{"OBJECTID":152,"Country_Name":"Iran","ISO_3_Digit_Code":"IRN","Russian_Organization":"TV BRICS","Partner_Organization":"Islamic Republic of Iran Broadcasting","Partner_Organization_Website":"http ://www.irib dot ir/","Date_Signed":"Aug-25","Date_Added":"Apr-26","Source":"https ://www.presstv dot ir/Detail/2025/08/27/753885/IRIB-signs-cooperation-agreements-Russian-media- ; https://iranpress dot com/content/309347/iran-and-russia-sign-media-cooperation-agreements ","Blurb":"TV BRICS signed an annex to the Mir-IRIB agreement in August 2025.","BRICS_":"Y","Kremlin_":"N","Lat":29.7286313,"Long":56.6075704}},
{"type":"Feature","id":153,"geometry":{"type":"Point","coordinates":[56.6075704000001,29.7286313000001]},"properties":{"OBJECTID":153,"Country_Name":"Iran","ISO_3_Digit_Code":"IRN","Russian_Organization":"TV BRICS","Partner_Organization":"Mehr Media Group","Partner_Organization_Website":"https ://en dot mehrnews.com/","Date_Signed":"Feb-24","Date_Added":"Apr-26","Source":"https ://tvbrics dot com/en/news/so-operation-agreement-between-tv-brics-and-iran-s-largest-media-company-mehr-media-group-will-expan/","Blurb":"TV BRICS signed a cooperation agreement with Iranian state media group Mehr Media Group in February 2024.","BRICS_":"Y","Kremlin_":"N","Lat":29.7286313,"Long":56.6075704}},
{"type":"Feature","id":154,"geometry":{"type":"Point","coordinates":[56.6075704000001,29.7286313000001]},"properties":{"OBJECTID":154,"Country_Name":"Iran","ISO_3_Digit_Code":"IRN","Russian_Organization":"TV BRICS","Partner_Organization":"Nour News","Partner_Organization_Website":"https ://nournews dot ir/en","Date_Signed":"Nov-25","Date_Added":"Apr-26","Source":"https ://tvbrics dot com/en/news/iran-expands-information-exchange-with-foreign-countries-through-tv-brics/","Blurb":"TV BRICS signed a media partnership with Iranian state news agency Nour News in November 2025.","BRICS_":"Y","Kremlin_":"N","Lat":29.7286313,"Long":56.6075704}},
{"type":"Feature","id":155,"geometry":{"type":"Point","coordinates":[56.6075704000001,29.7286313000001]},"properties":{"OBJECTID":155,"Country_Name":"Iran","ISO_3_Digit_Code":"IRN","Russian_Organization":"TV BRICS","Partner_Organization":"Tabnak","Partner_Organization_Website":"https ://www.tabnak dot ir/","Date_Signed":"Jul-25","Date_Added":"Apr-26","Source":"https ://tvbrics dot com/en/news/brics-member-states-strengthen-their-agenda-in-international-media-space/","Blurb":"TV BRICS signed a cooperation agreement with Iranian online news agency Tabnak in July 2025.","BRICS_":"Y","Kremlin_":"N","Lat":29.7286313,"Long":56.6075704}},
{"type":"Feature","id":156,"geometry":{"type":"Point","coordinates":[56.6075704000001,29.7286313000001]},"properties":{"OBJECTID":156,"Country_Name":"Iran","ISO_3_Digit_Code":"IRN","Russian_Organization":"TV BRICS","Partner_Organization":"University of Tehran","Partner_Organization_Website":"https ://ut dot ac.ir/","Date_Signed":"Dec-24","Date_Added":"Apr-26","Source":"https ://tvbrics dot com/en/news/iran-s-largest-university-to-be-assisted-by-tv-brics-in-realising-international-projects/","Blurb":"TV BRICS signed a cooperation agreement on international media projects with the University of Tehran in Iran in December 2024.","BRICS_":"Y","Kremlin_":"N","Lat":29.7286313,"Long":56.6075704}},
{"type":"Feature","id":157,"geometry":{"type":"Point","coordinates":[66.73021694,48.30229736]},"properties":{"OBJECTID":157,"Country_Name":"Kazakhstan","ISO_3_Digit_Code":"KAZ","Russian_Organization":"TV BRICS","Partner_Organization":"Kazinform","Partner_Organization_Website":"https ://qazinform dot com/","Date_Signed":null,"Date_Added":"Apr-26","Source":"https ://tvbrics dot com/en/partners/ ","Blurb":"TV BRICS lists Kazakh national news agency Kazinform as a partner as of September 2026.","BRICS_":"Y","Kremlin_":"N","Lat":48.30229736,"Long":66.73021694}},
{"type":"Feature","id":158,"geometry":{"type":"Point","coordinates":[38.9737371000001,-2.24238819999997]},"properties":{"OBJECTID":158,"Country_Name":"Kenya","ISO_3_Digit_Code":"KEN","Russian_Organization":"TV BRICS","Partner_Organization":"Mediamax Network","Partner_Organization_Website":"https ://mediamaxnetwork dot co dot ke/","Date_Signed":"Nov-23","Date_Added":"Apr-26","Source":"https ://tvbrics dot com/en/news/tv-brics-and-mediamax-network-to-promote-brics-agenda-in-kenya/","Blurb":"TV BRICS signed a cooperation agreement with Kenyan media holding group Mediamax Network in November 2023.","BRICS_":"Y","Kremlin_":"N","Lat":-2.2423882,"Long":38.9737371}},
{"type":"Feature","id":159,"geometry":{"type":"Point","coordinates":[74.5716458300002,41.4860710400003]},"properties":{"OBJECTID":159,"Country_Name":"Kyrgyzstan","ISO_3_Digit_Code":"KGZ","Russian_Organization":"TV BRICS","Partner_Organization":"Akchabar","Partner_Organization_Website":"https ://www.akchabar dot kg/en","Date_Signed":"Nov-25","Date_Added":"Apr-26","Source":"https ://tvbrics dot com/en/news/brics-media-space-to-be-complemented-by-financial-analytics-from-eaeu-countries/ ; https://www.akchabar dot kg/en/news/akchabar-vikhodit-na-mezhdunarodnij-uroven-analitika-kirgizstana-poyavitsya-v-mediaprostranstve-briks-zrbfuuirhrkljkhk","Blurb":"TV BRICS signed a cooperation agreement with Kyrgyz financial analytical portal Akchabar in November 2025.","BRICS_":"Y","Kremlin_":"N","Lat":41.48607104,"Long":74.57164583}},
{"type":"Feature","id":160,"geometry":{"type":"Point","coordinates":[74.5716458300002,41.4860710400003]},"properties":{"OBJECTID":160,"Country_Name":"Kyrgyzstan","ISO_3_Digit_Code":"KGZ","Russian_Organization":"TV BRICS","Partner_Organization":"National Television and Radio Broadcasting Corporation of Kyrgyzstan","Partner_Organization_Website":"https ://utrk dot kg/","Date_Signed":"Dec-25","Date_Added":"Apr-26","Source":"https ://tvbrics dot com/en/news/leader-of-kyrgyzstan-s-television-and-radio-broadcasting-joins-tv-brics-media-partner-network/","Blurb":"TV BRICS signed a cooperation agreement with the National Television and Radio Broadcasting Corporation of Kyrgyzstan (NTRK) in December 2025.","BRICS_":"Y","Kremlin_":"N","Lat":41.48607104,"Long":74.57164583}},
{"type":"Feature","id":161,"geometry":{"type":"Point","coordinates":[102.123279,4.01189820000027]},"properties":{"OBJECTID":161,"Country_Name":"Malaysia","ISO_3_Digit_Code":"MYS","Russian_Organization":"TV BRICS","Partner_Organization":"Astro AWANI","Partner_Organization_Website":"https ://www.astroawani dot com/home","Date_Signed":"Apr-26","Date_Added":"04/28/2026","Source":"https ://tvbrics dot com/en/news/integration-potential-of-brics-and-asean-to-be-presented-by-tv-brics/ ; https://international dot astroawani.com/global-news/integration-potential-brics-and-asean-be-presented-tv-brics ","Blurb":"TV BRICS signed a cooperation agreement with Malaysian broadcaster Astro AWANI in April 2026.","BRICS_":"Y","Kremlin_":"N","Lat":4.0118982,"Long":102.123279}},
{"type":"Feature","id":162,"geometry":{"type":"Point","coordinates":[102.123279,4.01189820000027]},"properties":{"OBJECTID":162,"Country_Name":"Malaysia","ISO_3_Digit_Code":"MYS","Russian_Organization":"TV BRICS","Partner_Organization":"Bernama","Partner_Organization_Website":"https ://www.bernama dot com/en/","Date_Signed":"Jun-25","Date_Added":"Apr-26","Source":"https ://www.bernama dot com/en/news.php?id=2436045 ; https://tvbrics dot com/en/news/malaysia-s-national-news-agency-joins-international-media-cooperation-through-tv-brics/","Blurb":"TV BRICS signed a memorandum of understanding with Malaysian national news agency Bernama in June 2025.","BRICS_":"Y","Kremlin_":"N","Lat":4.0118982,"Long":102.123279}},
{"type":"Feature","id":163,"geometry":{"type":"Point","coordinates":[-95.9822234,17.6333253000001]},"properties":{"OBJECTID":163,"Country_Name":"Mexico","ISO_3_Digit_Code":"MEX","Russian_Organization":"TV BRICS","Partner_Organization":"Canal 6 TV","Partner_Organization_Website":"https ://www.canal6tv dot com/","Date_Signed":"Feb-25","Date_Added":"Apr-26","Source":"https ://tvbrics dot com/en/video/tv-brics-begins-cooperation-with-mexico/ ; https://www.facebook dot com/canalseistv/videos/canal-6-valle-de-m%C3%A9xico-es-el-primer-medio-mexicano-en-firmar-alianza-con-tv-bri/24227417240225691/?locale=es_LA ","Blurb":"TV BRICS signed a cooperation agreement with Mexican television network Canal 6 TV in February 2025.","BRICS_":"Y","Kremlin_":"N","Lat":17.6333253,"Long":-95.9822234}},
{"type":"Feature","id":164,"geometry":{"type":"Point","coordinates":[35.51700112,-17.4000036599998]},"properties":{"OBJECTID":164,"Country_Name":"Mozambique","ISO_3_Digit_Code":"MOZ","Russian_Organization":"TV BRICS","Partner_Organization":"Televisão de Moçambique (TVM)","Partner_Organization_Website":"https ://www.tvm.co dot mz/","Date_Signed":"Apr-23","Date_Added":"Apr-26","Source":"https ://tvbrics dot com/en/news/tv-brics-integrates-mozambique-s-media-agenda-into-brics-media-context/","Blurb":"TV BRICS signed a cooperation agreement with Mozambique public broadcaster Televisão de Moçambique (TVM) in April 2023.","BRICS_":"Y","Kremlin_":"N","Lat":-17.40000366,"Long":35.51700112}},
{"type":"Feature","id":165,"geometry":{"type":"Point","coordinates":[84.2869,27.748033]},"properties":{"OBJECTID":165,"Country_Name":"Nepal","ISO_3_Digit_Code":"NPL","Russian_Organization":"TV BRICS","Partner_Organization":"Nepal Film and Cultural Academy","Partner_Organization_Website":"https ://nfcacademy dot org/","Date_Signed":"Mar-26","Date_Added":"05/12/2026","Source":"https ://tvbrics dot com/en/news/nepal-s-film-industry-to-be-integrated-into-brics-cultural-space-through-tv-brics/","Blurb":"TV BRICS signed a cooperation agreement with Nepalese non-profit organization Nepal Film and Cultural Academy in March 2026.","BRICS_":"Y","Kremlin_":"N","Lat":27.748033,"Long":84.2869}},
{"type":"Feature","id":166,"geometry":{"type":"Point","coordinates":[84.2869,27.748033]},"properties":{"OBJECTID":166,"Country_Name":"Nepal","ISO_3_Digit_Code":"NPL","Russian_Organization":"TV BRICS","Partner_Organization":"Oscar International College","Partner_Organization_Website":null,"Date_Signed":"May-26","Date_Added":"05/11/2026","Source":"https ://tvbrics dot com/news/nepal-ukreplyaet-mezhdunarodnoe-kulturnoe-vliyanie-cherez-mediaset-tv-brics/ ; https://www.telesurtv dot net/nepal-proyeccion-cultural-red-mediatica-tvbrics/ ","Blurb":"TV BRICS signed a cooperation agreement with Nepalese film school Oscar International College in May 2026.","BRICS_":"Y","Kremlin_":"N","Lat":27.748033,"Long":84.2869}},
{"type":"Feature","id":167,"geometry":{"type":"Point","coordinates":[4.93488690000004,6.82909130000009]},"properties":{"OBJECTID":167,"Country_Name":"Nigeria","ISO_3_Digit_Code":"NGA","Russian_Organization":"TV BRICS","Partner_Organization":"Afia TV","Partner_Organization_Website":"https ://www.afiatv dot net/","Date_Signed":"Dec-24","Date_Added":"Apr-26","Source":"https ://tvbrics dot com/en/news/nigeria-joins-international-information-exchange-through-tv-brics/ ; https://www.facebook dot com/afiatvofficial/posts/nigeria-has-taken-a-significant-step-in-global-media-collaboration-by-partnering/608228108397577/  ","Blurb":"TV BRICS signed a cooperation agreement with regional southeastern Nigerian television channel Afia TV on content exchange and joint content production in December 2024.","BRICS_":"Y","Kremlin_":"N","Lat":6.8290913,"Long":4.9348869}},
{"type":"Feature","id":168,"geometry":{"type":"Point","coordinates":[4.93488690000004,6.82909130000009]},"properties":{"OBJECTID":168,"Country_Name":"Nigeria","ISO_3_Digit_Code":"NGA","Russian_Organization":"TV BRICS","Partner_Organization":"News Agency of Nigeria (NAN)","Partner_Organization_Website":"https ://nannews dot ng/","Date_Signed":"Mar-25","Date_Added":"Apr-26","Source":"https ://tvbrics dot com/en/shows/nigeria-s-largest-news-agency-becomes-partner-of-tv-brics/ ","Blurb":"TV BRICS signed a cooperation agreement with Nigerian state news agency News Agency of Nigeria (NAN) in March 2025.","BRICS_":"Y","Kremlin_":"N","Lat":6.8290913,"Long":4.9348869}},
{"type":"Feature","id":169,"geometry":{"type":"Point","coordinates":[20.79743674,44.0588196600001]},"properties":{"OBJECTID":169,"Country_Name":"Serbia","ISO_3_Digit_Code":"SRB","Russian_Organization":"TV BRICS","Partner_Organization":"Muzička televizija Srbije","Partner_Organization_Website":null,"Date_Signed":"Jul-24","Date_Added":"Apr-26","Source":"https ://tvbrics dot com/en/news/tv-brics-projects-to-be-available-on-popular-entertainment-media-resources-in-the-western-balkans/","Blurb":"TV BRICS signed a cooperation agreement with Serbian media company Muzička televizija Srbije (MTS) in July 2024. MTS partners with Serbian state-owned radio and television broadcaster Radio televizija Srbije.","BRICS_":"Y","Kremlin_":"N","Lat":44.05881966,"Long":20.79743674}},
{"type":"Feature","id":170,"geometry":{"type":"Point","coordinates":[25.03880358,-29.1251479699999]},"properties":{"OBJECTID":170,"Country_Name":"South Africa","ISO_3_Digit_Code":"ZAF","Russian_Organization":"TV BRICS","Partner_Organization":"African News Agency (ANA)","Partner_Organization_Website":"https ://africa-news-agency dot com/home/","Date_Signed":null,"Date_Added":"Apr-26","Source":"https ://tvbrics dotcom/en/partners/","Blurb":"TV BRICS lists South African news agency African News Agency as a partner as of September 2026.","BRICS_":"Y","Kremlin_":"N","Lat":-29.12514797,"Long":25.03880358}},
{"type":"Feature","id":171,"geometry":{"type":"Point","coordinates":[25.03880358,-29.1251479699999]},"properties":{"OBJECTID":171,"Country_Name":"South Africa","ISO_3_Digit_Code":"ZAF","Russian_Organization":"TV BRICS","Partner_Organization":"African Times","Partner_Organization_Website":"https ://www.atnews.co dot za/","Date_Signed":"Aug-23","Date_Added":"Apr-26","Source":"https://tvbrics dot com/en/news/tv-brics-expands-the-geography-of-its-cooperation-in-south-africa/ ; https://www.atnews dot co.za/tv-brics-african-times-sign-partnership-agreement/ ","Blurb":"TV BRICS signed a cooperation agreement with African Times, a pan-African media organization, in August 2023.","BRICS_":"Y","Kremlin_":"N","Lat":-29.12514797,"Long":25.03880358}},
{"type":"Feature","id":172,"geometry":{"type":"Point","coordinates":[25.03880358,-29.1251479699999]},"properties":{"OBJECTID":172,"Country_Name":"South Africa","ISO_3_Digit_Code":"ZAF","Russian_Organization":"TV BRICS","Partner_Organization":"Durban TV","Partner_Organization_Website":"https ://www.durbantv dot net/","Date_Signed":null,"Date_Added":"Apr-26","Source":"https ://tvbrics dotcom/en/partners/","Blurb":"TV BRICS lists South African streamcasting TV channel Durban TV as a partner as of September 2026.","BRICS_":"Y","Kremlin_":"N","Lat":-29.12514797,"Long":25.03880358}},
{"type":"Feature","id":173,"geometry":{"type":"Point","coordinates":[25.03880358,-29.1251479699999]},"properties":{"OBJECTID":173,"Country_Name":"South Africa","ISO_3_Digit_Code":"ZAF","Russian_Organization":"TV BRICS","Partner_Organization":"Pretoria News","Partner_Organization_Website":"https ://pretorianews.co dot za/","Date_Signed":null,"Date_Added":"Apr-26","Source":"https ://tvbrics dotcom/en/partners/","Blurb":"TV BRICS lists South African newspaper Pretoria News as a partner as of September 2026.","BRICS_":"Y","Kremlin_":"N","Lat":-29.12514797,"Long":25.03880358}},
{"type":"Feature","id":174,"geometry":{"type":"Point","coordinates":[25.03880358,-29.1251479699999]},"properties":{"OBJECTID":174,"Country_Name":"South Africa","ISO_3_Digit_Code":"ZAF","Russian_Organization":"TV BRICS","Partner_Organization":"Soweto TV","Partner_Organization_Website":"https ://www.sowetotv dot co dot za/","Date_Signed":null,"Date_Added":"Apr-26","Source":"https ://tvbrics dotcom/en/partners/","Blurb":"TV BRICS lists South African TV station Soweto TV as a partner as of September 2026.","BRICS_":"Y","Kremlin_":"N","Lat":-29.12514797,"Long":25.03880358}},
{"type":"Feature","id":175,"geometry":{"type":"Point","coordinates":[25.03880358,-29.1251479699999]},"properties":{"OBJECTID":175,"Country_Name":"South Africa","ISO_3_Digit_Code":"ZAF","Russian_Organization":"TV BRICS","Partner_Organization":"The Diplomatic Society","Partner_Organization_Website":"https ://www.thediplomaticsociety.co dot za/","Date_Signed":null,"Date_Added":"Apr-26","Source":"https ://tvbrics dotcom/en/partners/","Blurb":"TV BRICS lists South African international relations and diplomatic media platform The Diplomatic Society as a partner as of September 2026.","BRICS_":"Y","Kremlin_":"N","Lat":-29.12514797,"Long":25.03880358}},
{"type":"Feature","id":176,"geometry":{"type":"Point","coordinates":[25.03880358,-29.1251479699999]},"properties":{"OBJECTID":176,"Country_Name":"South Africa","ISO_3_Digit_Code":"ZAF","Russian_Organization":"TV BRICS","Partner_Organization":"Umthala TV","Partner_Organization_Website":"https ://www.youtube dot com/@umthala-TV","Date_Signed":"Oct-23","Date_Added":"Apr-26","Source":"https ://tvbrics dot com/en/news/tv-brics-starts-co-operation-with-umthala-tv-which-broadcasts-in-11-south-african-languages/?sphrase_id=40491","Blurb":"TV BRICS established a media cooperation partnership with South African television channel Umthala TV in October 2023.","BRICS_":"Y","Kremlin_":"N","Lat":-29.12514797,"Long":25.03880358}},
{"type":"Feature","id":177,"geometry":{"type":"Point","coordinates":[16.2678730000001,62.7779630000001]},"properties":{"OBJECTID":177,"Country_Name":"Sweden","ISO_3_Digit_Code":"SWE","Russian_Organization":"TV BRICS","Partner_Organization":"NewsVoice","Partner_Organization_Website":"https ://newsvoice dot se/english/","Date_Signed":"Mar-25","Date_Added":"05/06/2026","Source":"https: //tvbrics dot com/en/news/european-countries-join-international-information-exchange-via-tv-brics/ ; https://embassylife dot ru/en/2025/03/11/73215/ ","Blurb":"TV BRICS signed a cooperation agreement with Swedish online newspaper NewsVoice in March 2025.","BRICS_":"Y","Kremlin_":"N","Lat":62.777963,"Long":16.267873}},
{"type":"Feature","id":178,"geometry":{"type":"Point","coordinates":[101.0181182,15.1952527800003]},"properties":{"OBJECTID":178,"Country_Name":"Thailand","ISO_3_Digit_Code":"THA","Russian_Organization":"TV BRICS","Partner_Organization":"Thai Public Broadcasting Service","Partner_Organization_Website":"https ://world.thaipbs dot or dot th/","Date_Signed":"Sep-25","Date_Added":"Apr-26","Source":"https ://tvbrics dot com/en/news/tv-brics-brings-together-news-feeds-from-brics-and-asean-countries/; https://en dot thaipbs.or.th/content/225","Blurb":"TV BRICS signed a media partnership with Thai Public Broadcasting Service (Thai PBS) in September 2025.","BRICS_":"Y","Kremlin_":"N","Lat":15.19525278,"Long":101.0181182}},
{"type":"Feature","id":179,"geometry":{"type":"Point","coordinates":[10.8417552,32.8204089999998]},"properties":{"OBJECTID":179,"Country_Name":"Tunisia","ISO_3_Digit_Code":"TUN","Russian_Organization":"TV BRICS","Partner_Organization":"Tunis Afrique Presse (TAP)","Partner_Organization_Website":"https ://www.tap.info dot tn/fr","Date_Signed":"Jan-24","Date_Added":"Apr-26","Source":"https ://tvbrics dot com/en/news/tv-brics-and-tunis-afrique-presse-intensify-the-promotion-of-the-arab-african-agenda-in-the-global-m/","Blurb":"TV BRICS established a media cooperation partnership with Tunis Afrique Presse (TAP) in January 2024.","BRICS_":"Y","Kremlin_":"N","Lat":32.820409,"Long":10.8417552}},
{"type":"Feature","id":180,"geometry":{"type":"Point","coordinates":[54.3393080400001,23.9175255399999]},"properties":{"OBJECTID":180,"Country_Name":"United Arab Emirates","ISO_3_Digit_Code":"ARE","Russian_Organization":"TV BRICS","Partner_Organization":"Emirates News Agency (WAM)","Partner_Organization_Website":"https ://www.wam dot ae/en","Date_Signed":"Apr-24","Date_Added":"Apr-26","Source":"https ://tvbrics dot com/en/news/uae-joins-media-co-operation-with-brics-countries-through-tv-brics-network/?sphrase_id=40491 ; https://tvbrics dot com/en/shows/tv-brics-and-the-uae-news-agency-wam-sign-memorandum-of-co-operation/  ","Blurb":"TV BRICS signed a cooperation agreement with the Emirates News Agency (WAM) in April 2024.","BRICS_":"Y","Kremlin_":"N","Lat":23.91752554,"Long":54.33930804}},
{"type":"Feature","id":181,"geometry":{"type":"Point","coordinates":[-56.0089237099999,-32.8216804699998]},"properties":{"OBJECTID":181,"Country_Name":"Uruguay","ISO_3_Digit_Code":"URY","Russian_Organization":"TV BRICS","Partner_Organization":"Diario la R","Partner_Organization_Website":"https ://grupormultimedio dot com/","Date_Signed":"Aug-25","Date_Added":"Apr-26","Source":"https ://tvbrics dot com/en/news/uruguay-s-agenda-to-appear-in-brics-information-space/ ; https://grupormultimedio dot com/tv-brics-y-diario-la-r-firmaron-acuerdo-de-cooperacion-id169737/","Blurb":"TV BRICS signed a media partnership agreement with Uruguayan online newspaper Diario la R in August 2025.","BRICS_":"Y","Kremlin_":"N","Lat":-32.82168047,"Long":-56.00892371}},
{"type":"Feature","id":182,"geometry":{"type":"Point","coordinates":[-66.17503624,7.14122572000015]},"properties":{"OBJECTID":182,"Country_Name":"Venezuela","ISO_3_Digit_Code":"VEN","Russian_Organization":"TV BRICS","Partner_Organization":"Telesur","Partner_Organization_Website":"https ://www.telesurtv dot net/","Date_Signed":"Apr-23","Date_Added":"Apr-26","Source":"https ://orinocotribune dot com/tv-brics-and-telesur-sign-strategic-cooperation-agreement/ ; https://tvbrics dot com/en/news/tv-brics-signs-agreement-with-one-of-latin-america-s-most-influential-media-sources/","Blurb":"TV BRICS signed a cooperation agreement with Telesur in April 2023. Telesur is a Caracas-based television network sponsored by Venezuela, Cuba, and Nicaragua.","BRICS_":"Y","Kremlin_":"N","Lat":7.14122572,"Long":-66.17503624}},
{"type":"Feature","id":183,"geometry":{"type":"Point","coordinates":[104.6174538,21.6573929]},"properties":{"OBJECTID":183,"Country_Name":"Vietnam","ISO_3_Digit_Code":"VNM","Russian_Organization":"TV BRICS","Partner_Organization":"Vietnam News Agency","Partner_Organization_Website":"https ://vnane dot vn/en/","Date_Signed":"Jun-24","Date_Added":"Apr-26","Source":"https ://tvbrics dot com/en/news/tv-brics-begins-co-operation-with-vietnam/?sphrase_id=22584 ; https://vietnamlawmagazine dot vn/vietnam-news-agency-signs-cooperation-agreement-with-tv-brics-71991.html","Blurb":"TV BRICS signed a cooperation agreement with Vietnam News Agency (VNA) in June 2024.","BRICS_":"Y","Kremlin_":"N","Lat":21.6573929,"Long":104.6174538}},
{"type":"Feature","id":184,"geometry":{"type":"Point","coordinates":[30.2975423,-20.7422351000001]},"properties":{"OBJECTID":184,"Country_Name":"Zimbabwe","ISO_3_Digit_Code":"ZWE","Russian_Organization":"TV BRICS","Partner_Organization":"The Herald","Partner_Organization_Website":"https ://www.heraldonline dot co dot zw/","Date_Signed":null,"Date_Added":"Apr-26","Source":"https ://tvbrics dot com/en/partners/","Blurb":"TV BRICS lists Zimbabwean state-owned newspaper The Herald as a partner as of September 2026.","BRICS_":"Y","Kremlin_":"N","Lat":-20.7422351,"Long":30.2975423}},
{"type":"Feature","id":185,"geometry":{"type":"Point","coordinates":[30.2975423,-20.7422351000001]},"properties":{"OBJECTID":185,"Country_Name":"Zimbabwe","ISO_3_Digit_Code":"ZWE","Russian_Organization":"TV BRICS","Partner_Organization":"Zimbabwe Broadcasting Corporation (ZBC)","Partner_Organization_Website":"https ://zbc dot co dot zw/","Date_Signed":"Apr-24","Date_Added":"Apr-26","Source":"https ://tvbrics dot com/en/news/russian-classics-to-be-played-on-zimbabwe-s-national-radio-for-first-time/","Blurb":"TV BRICS established an agreement with Zimbabwe Broadcasting Corporation (ZBC) in April 2024.","BRICS_":"Y","Kremlin_":"N","Lat":-20.7422351,"Long":30.2975423}},
{"type":"Feature","id":186,"geometry":{"type":"Point","coordinates":[104.2108468,37.5544495799998]},"properties":{"OBJECTID":186,"Country_Name":"China","ISO_3_Digit_Code":"CHN","Russian_Organization":"VGTRK (All-Russian State Television and Radio Broadcasting Company)","Partner_Organization":"China Media Group","Partner_Organization_Website":"https ://www.cctv dot com/gyys/","Date_Signed":"May-26","Date_Added":"05/20/2026","Source":"http ://kremlin dot ru/supplement/6488 ; https://www.mfa dot gov.cn/zyxw/202605/t20260521_11914946.shtml","Blurb":"The All-Russian State Television and Radio Broadcasting Company (VGTRK) signed a cooperation agreement with China Media Group in May 2026.","BRICS_":"N","Kremlin_":"Y","Lat":37.55444958,"Long":104.2108468}},
{"type":"Feature","id":187,"geometry":{"type":"Point","coordinates":[104.2108468,37.5544495799998]},"properties":{"OBJECTID":187,"Country_Name":"China","ISO_3_Digit_Code":"CHN","Russian_Organization":"VGTRK (All-Russian State Television and Radio Broadcasting Company)","Partner_Organization":"China Media Group","Partner_Organization_Website":"https ://www.cctv dot com/gyys/","Date_Signed":"May-25","Date_Added":"Apr-26","Source":"http://www.kremlin dot ru/supplement/6308 ","Blurb":"The All-Russian State Television and Radio Broadcasting Company (VGTRK) signed a memorandum on deepening cooperation with China Media Group in May 2025.","BRICS_":"N","Kremlin_":"Y","Lat":37.55444958,"Long":104.2108468}},
{"type":"Feature","id":188,"geometry":{"type":"Point","coordinates":[63.0874475,41.82777584]},"properties":{"OBJECTID":188,"Country_Name":"Uzbekistan","ISO_3_Digit_Code":"UZB","Russian_Organization":"VGTRK (All-Russian State Television and Radio Broadcasting Company)","Partner_Organization":"National Television and Radio Company of Uzbekistan","Partner_Organization_Website":"https ://www.mtrk dot uz/en/","Date_Signed":"May-19","Date_Added":"Apr-26","Source":"https ://kun dot uz/en/news/2019/05/28/uzbek-mtrk-to-cooperate-with-russian-vgtrk ; https://uz dot sputniknews.ru/20190527/Natsionalnaya-teleradiokompaniya-Uzbekistana-budet-sotrudnichat-s-VGTRK-11618620.html","Blurb":"Russian state-owned broadcaster The All-Russian State Television and Radio Broadcasting Company (VGTRK) signed a cooperation agreement with the National Television and Radio Company of Uzbekistan (MTRK) in May 2019.","BRICS_":"N","Kremlin_":"Y","Lat":41.82777584,"Long":63.0874475}}
]}
