_LayerID,_LayerName,AFF_ISO,AI_Related,Additional_Context,Associated_People,BRICS_,Blurb,COUNTRY,COUNTRYAFF,CWCoordsCrosswalk_ExportTable3_ISO3,CW_Countries_Dataset_Taiwan_manually_split_USE_INSTEAD_OF_WORLD_COUNTRIES_COUNTRY,Country,Country_Name,Date_Added,Date_Held,Date_Signed,Event__,FREQUENCY,Format,Held_Between_JUL_2025_and_JUL_2026,ISO,ISO2,ISO3,ISO_3_Digit_Code,InteRussia,InterNovosti,Kremlin_,Lat,Lat_D,Lat_D_1,Location,Lon,Lon_D,Lon_D_1,Long,NB_Edited_Blurb,New_Media_Workshop,OBJECTID,OBJECTID_1,OBJECTID_12,OBJECTID_1_1,OBJECTID_1_12,ORIG_FID,Partner_Organization,Partner_Organization_Website,Partner_Organization__if_applicable_,RT_Academy,RT_School,RU_House_Address,Region,Russia_House_Handle_or_URL,Russian_Organization,Russian_Program,Shape__Area,Shape__Length,Source,SputnikPro,Target_Country,World_Countries_Equivalent,featurecla,min_zoom,scalerank,Blurb_ko,Additional_Context_ko,Associated_People_ko,COUNTRY_ko,COUNTRYAFF_ko,Country_ko,Country_Name_ko,Region_ko,Target_Country_ko,World_Countries_Equivalent_ko,Location_ko,Russian_Organization_ko,Russian_Program_ko,Format_ko,_LayerName_ko
65,Russian and TV BRICS Media Cooperation Agreements,,,,,N,Russian media group Bolshaya Aziya signed a cooperation agreement with China Media Group in September 2025.,,,,,,China,Apr-26,,Sep-25,,,,,,,,CHN,,,Y,37.55444958,,,,,,,104.2108468,,,1,,,,,,China Media Group,https ://www.cctv dot com/gyys/,,,,,,,Bolshaya Aziya,,,,http://kremlin dot ru/supplement/6380,,,,,,,러시아 언론 그룹 볼샤야 아지야(Bolshaya Aziya)는 2025년 9월 중국미디어그룹(China Media Group)과 협력 협정을 체결했다.,,,,,,중국,,,,,볼샤야 아지야,,,러시아 및 TV BRICS 언론 협력 협정
65,Russian and TV BRICS Media Cooperation Agreements,,,,,N,Bolshaya Aziya signed a cooperation and collaboration memorandum with Indian state-owned public broadcaster Prasar Bharati in December 2025.,,,,,,India,Apr-26,,Dec-25,,,,,,,,IND,,,Y,23.21311827,,,,,,,79.63203856,,,2,,,,,,Prasar Bharati,https ://prasarbharati dot gov.in/,,,,,,,Bolshaya Aziya,,,,http ://en.kremlin dot ru/supplement/6425 ,,,,,,,볼샤야 아지야는 2025년 12월 인도 국영 방송사 프라사르 바라티(Prasar Bharati)와 협력·공조 양해각서를 체결했다.,,,,,,인도,,,,,볼샤야 아지야,,,러시아 및 TV BRICS 언론 협력 협정
65,Russian and TV BRICS Media Cooperation Agreements,,,,,N,Financial University Under the Government of the Russian Federation signed a memorandum of cooperation with China Media Group in May 2026.,,,,,,China,05/21/2026,,May-26,,,,,,,,CHN,,,Y,37.55444958,,,,,,,104.2108468,,,3,,,,,,China Media Group,https ://www.cctv dot com/gyys/,,,,,,,Financial University Under the Government of the Russian Federation,,,,https ://www.vedomosti dot ru/press_releases/2026/05/21/finansovii-universitet-i-mediakorporatsiya-kitaya-cmg-podpisali-memorandum-o-sotrudnichestve-na-polyah-vizita-prezidenta-rossii-vladimira-putina-v-knr ; https://lingua-sinica dot org/dispatch/russias-financial-university-and-cmg-sign-cooperation-memorandum/ ,,,,,,,러시아연방 정부 산하 금융대학교는 2026년 5월 중국미디어그룹과 협력 양해각서를 체결했다.,,,,,,중국,,,,,러시아연방 정부 산하 금융대학교,,,러시아 및 TV BRICS 언론 협력 협정
65,Russian and TV BRICS Media Cooperation Agreements,,,,,N,Gazprom Media signed a cooperation agreement with Chinese state media conglomerate China Media Group in May 2024.,,,,,,China,Apr-26,,May-24,,,,,,,,CHN,,,Y,37.55444958,,,,,,,104.2108468,,,4,,,,,,China Media Group,https ://www.cctv dot com/gyys/,,,,,,,Gazprom Media,,,,https ://www dot gazprom-media dot com/en/media/gazprom-media-i-mediakorporaciya-kitaya-podpisali-soglashenie-o-sotrudnichestve ; https://lingua-sinica dot org/dispatch/china-media-group-and-gazprom-media-holding-sign-strategic-media-partnership-agreement/,,,,,,,가스프롬 미디어(Gazprom Media)는 2024년 5월 중국 국영 미디어 그룹 중국미디어그룹과 협력 협정을 체결했다.,,,,,,중국,,,,,가스프롬 미디어,,,러시아 및 TV BRICS 언론 협력 협정
65,Russian and TV BRICS Media Cooperation Agreements,,,,,N,Gazprom Media signed a memorandum of cooperation with Chinese news agency Xinhua in May 2026.,,,,,,China,05/20/2026,,May-26,,,,,,,,CHN,,,Y,37.55444958,,,,,,,104.2108468,,,5,,,,,,Xinhua,https ://english dot news.cn/,,,,,,,Gazprom Media,,,,http ://kremlin dot ru/supplement/6488 ; https://www.mfa dot gov.cn/zyxw/202605/t20260521_11914946.shtml,,,,,,,가스프롬 미디어는 2026년 5월 중국 관영 통신사 신화통신(Xinhua)과 협력 양해각서를 체결했다.,,,,,,중국,,,,,가스프롬 미디어,,,러시아 및 TV BRICS 언론 협력 협정
65,Russian and TV BRICS Media Cooperation Agreements,,,,,N,Gazprom Media Holding signed a memorandum of cooperation with Chinese state news agency Xinhua in May 2025.,,,,,,China,Apr-26,,May-25,,,,,,,,CHN,,,Y,37.55444958,,,,,,,104.2108468,,,6,,,,,,Xinhua,https ://english dot news.cn/,,,,,,,Gazprom Media,,,,http ://www.kremlin dot ru/supplement/6308,,,,,,,가스프롬 미디어 홀딩스(Gazprom Media Holding)는 2025년 5월 중국 국영 통신사 신화통신과 협력 양해각서를 체결했다.,,,,,,중국,,,,,가스프롬 미디어,,,러시아 및 TV BRICS 언론 협력 협정
65,Russian and TV BRICS Media Cooperation Agreements,,,,,N,Gazprom Media signed a cooperation agreement with Indian state-owned public broadcaster Prasar Bharati in December 2025.,,,,,,India,Apr-26,,Dec-25,,,,,,,,IND,,,Y,23.21311827,,,,,,,79.63203856,,,7,,,,,,Prasar Bharati,https ://prasarbharati dot gov.in/,,,,,,,Gazprom Media,,,,http ://en.kremlin dot ru/supplement/6425 ,,,,,,,가스프롬 미디어는 2025년 12월 인도 국영 방송사 프라사르 바라티와 협력 협정을 체결했다.,,,,,,인도,,,,,가스프롬 미디어,,,러시아 및 TV BRICS 언론 협력 협정
65,Russian and TV BRICS Media Cooperation Agreements,,,,,N,Russian news agency Interfax signed a cooperation memorandum with the Saudi Arabia-based Union of OIC News Agencies in May 2024.,,,,,,Saudi Arabia,Apr-26,,May-24,,,,,,,,SAU,,,Y,24.27970415,,,,,,,44.48082368,,,8,,,,,,Union of OIC News Agencies,https ://una-oic dot org/,,,,,,,Interfax,,,,https ://interfax dot com/newsroom/top-stories/102410/ ,,,,,,,러시아 통신사 인테르팍스(Interfax)는 2024년 5월 사우디아라비아에 본부를 둔 이슬람협력기구(OIC) 통신사연합(UNA)과 협력 양해각서를 체결했다.,,,,,,사우디아라비아,,,,,인테르팍스,,,러시아 및 TV BRICS 언론 협력 협정
65,Russian and TV BRICS Media Cooperation Agreements,,,,,N,Russian newspaper Izvestia signed a cooperation agreement with Bulgarian news agency NOVINATA in February 2025.,,,,,,Bulgaria,Apr-26,,Feb-25,,,,,,,,BGR,,,Y,42.77345,,,,,,,25.23488,,,9,,,,,,Novinata,https ://novinata dot bg/,,,,,,,Izvestia,,,,https://t.me/izvestia/200609 ; https ://bulgaria dot news-pravda.com/en/world/2025/02/21/881.html ,,,,,,,러시아 신문 이즈베스티야(Izvestia)는 2025년 2월 불가리아 통신사 노비나타(NOVINATA)와 협력 협정을 체결했다.,,,,,,불가리아,,,,,이즈베스티야,,,러시아 및 TV BRICS 언론 협력 협정
65,Russian and TV BRICS Media Cooperation Agreements,,,,,N,Lomonosov Moscow State University signed a memorandum of cooperation with China Media Group in May 2025.,,,,,,China,Apr-26,,May-25,,,,,,,,CHN,,,Y,37.55444958,,,,,,,104.2108468,,,10,,,,,,China Media Group,https ://www.cctv dot com/gyys/,,,,,,,Lomonosov Moscow State University,,,,http ://www.kremlin dot ru/supplement/6308,,,,,,,로모노소프 모스크바 국립대학교는 2025년 5월 중국미디어그룹과 협력 양해각서를 체결했다.,,,,,,중국,,,,,로모노소프 모스크바 국립대학교,,,러시아 및 TV BRICS 언론 협력 협정
65,Russian and TV BRICS Media Cooperation Agreements,,,,,N,Lomonosov Moscow State University signed a memorandum of understanding with official newspaper of the Central Committee of the Chinese Communist Party People's Daily in May 2025.,,,,,,China,Apr-26,,May-25,,,,,,,,CHN,,,Y,37.55444958,,,,,,,104.2108468,,,11,,,,,,People's Daily,https ://en.people dot cn/,,,,,,,Lomonosov Moscow State University,,,,http ://www.kremlin dot ru/supplement/6308,,,,,,,로모노소프 모스크바 국립대학교는 2025년 5월 중국 공산당 중앙위원회 기관지 인민일보(People's Daily)와 양해각서를 체결했다.,,,,,,중국,,,,,로모노소프 모스크바 국립대학교,,,러시아 및 TV BRICS 언론 협력 협정
65,Russian and TV BRICS Media Cooperation Agreements,,,,,N,The Ministry of Sports of the Russian Federation signed a cooperation agreement with China Media Group in May 2026.,,,,,,China,05/20/2026,,May-26,,,,,,,,CHN,,,Y,37.55444958,,,,,,,104.2108468,,,12,,,,,,China Media Group,https ://www.cctv dot com/gyys/,,,,,,,Ministry of Sport of the Russian Federation,,,,http ://kremlin dot ru/supplement/6488 ; https://www.mfa dot gov.cn/zyxw/202605/t20260521_11914946.shtml,,,,,,,러시아연방 체육부는 2026년 5월 중국미디어그룹과 협력 협정을 체결했다.,,,,,,중국,,,,,러시아연방 체육부,,,러시아 및 TV BRICS 언론 협력 협정
65,Russian and TV BRICS Media Cooperation Agreements,,,,,N,Moscow-based multinational television broadcaster Mir signed a memorandum of understanding with Islamic Republic of Iran Broadcasting (IRIB) in August 2025.,,,,,,Iran,Apr-26,,Aug-25,,,,,,,,IRN,,,Y,32.94288985,,,,,,,54.11209493,,,13,,,,,,Islamic Republic of Iran Broadcasting,http ://www.irib dot ir/,,,,,,,Mir,,,,https ://www.presstv dot ir/Detail/2025/08/27/753885/IRIB-signs-cooperation-agreements-Russian-media-  ; https://iranpress dot com/content/309347/iran-and-russia-sign-media-cooperation-agreements ,,,,,,,모스크바에 본사를 둔 다국적 방송사 미르(Mir)는 2025년 8월 이란이슬람공화국방송(IRIB)과 양해각서를 체결했다.,,,,,,이란,,,,,미르,,,러시아 및 TV BRICS 언론 협력 협정
65,Russian and TV BRICS Media Cooperation Agreements,,,,,N,National Media Group signed a cooperation and news exchange agreement with China Daily in May 2026.,,,,,,China,05/20/2026,,May-26,,,,,,,,CHN,,,Y,37.55444958,,,,,,,104.2108468,,,14,,,,,,China Daily,https ://www.chinadaily dot com.cn/,,,,,,,National Media Group (NMG),,,,http ://kremlin dot ru/supplement/6488 ; https://www.mfa dot gov.cn/zyxw/202605/t20260521_11914946.shtml,,,,,,,내셔널 미디어 그룹(NMG)은 2026년 5월 차이나 데일리(China Daily)와 협력 및 뉴스 교류 협정을 체결했다.,,,,,,중국,,,,,내셔널 미디어 그룹(NMG),,,러시아 및 TV BRICS 언론 협력 협정
65,Russian and TV BRICS Media Cooperation Agreements,,,,,N,National Media Group signed a cooperation agreement with China Media Group in May 2026.,,,,,,China,05/20/2026,,May-26,,,,,,,,CHN,,,Y,37.55444958,,,,,,,104.2108468,,,15,,,,,,China Media Group,https ://www.cctv dot com/gyys/,,,,,,,National Media Group (NMG),,,,http ://kremlin dot ru/supplement/6488 ; https://www.mfa dot gov.cn/zyxw/202605/t20260521_11914946.shtml,,,,,,,내셔널 미디어 그룹은 2026년 5월 중국미디어그룹과 협력 협정을 체결했다.,,,,,,중국,,,,,내셔널 미디어 그룹(NMG),,,러시아 및 TV BRICS 언론 협력 협정
65,Russian and TV BRICS Media Cooperation Agreements,,,,,N,Russian private media holding National Media Group (NMG) signed a cooperation agreement with China Media Group in May 2025.,,,,,,China,Apr-26,,May-25,,,,,,,,CHN,,,Y,37.55444958,,,,,,,104.2108468,,,16,,,,,,China Media Group,https ://www.cctv dot com/gyys/,,,,,,,National Media Group (NMG),,,,https ://www dot iz dot ru/1883303/2025-05-08/nmg-and-media-corporation-china-cmg-have-signed-cooperation-agreement ; https://nmg dot ru/news/natsionalnaya-media-gruppa-i-mediakorporatsiya-kitaya-cmg-obyavlyayut-o-nachale-sotrudnichestva/ ; http://www.kremlin dot ru/supplement/6308,,,,,,,러시아 민간 미디어 지주회사 내셔널 미디어 그룹(NMG)은 2025년 5월 중국미디어그룹과 협력 협정을 체결했다.,,,,,,중국,,,,,내셔널 미디어 그룹(NMG),,,러시아 및 TV BRICS 언론 협력 협정
65,Russian and TV BRICS Media Cooperation Agreements,,,,,N,National Media Group signed a cooperation and news exchange agreement with Chinese news agency Xinhua in May 2026.,,,,,,China,05/20/2026,,May-26,,,,,,,,CHN,,,Y,37.55444958,,,,,,,104.2108468,,,17,,,,,,Xinhua,https ://english dot news.cn/,,,,,,,National Media Group (NMG),,,,http ://kremlin dot ru/supplement/6488 ; https://www.mfa dot gov.cn/zyxw/202605/t20260521_11914946.shtml,,,,,,,내셔널 미디어 그룹은 2026년 5월 중국 관영 통신사 신화통신과 협력 및 뉴스 교류 협정을 체결했다.,,,,,,중국,,,,,내셔널 미디어 그룹(NMG),,,러시아 및 TV BRICS 언론 협력 협정
65,Russian and TV BRICS Media Cooperation Agreements,,,,,N,Russian private media holding National Media Group (NMG) signed a cooperation memorandum with Chinese state news agency Xinhua in September 2025.,,,,,,China,Apr-26,,Sep-25,,,,,,,,CHN,,,Y,37.55444958,,,,,,,104.2108468,,,18,,,,,,Xinhua,https ://english dot news.cn/,,,,,,,National Media Group (NMG),,,,http://kremlin dot ru/supplement/6380,,,,,,,러시아 민간 미디어 지주회사 내셔널 미디어 그룹(NMG)은 2025년 9월 중국 국영 통신사 신화통신과 협력 양해각서를 체결했다.,,,,,,중국,,,,,내셔널 미디어 그룹(NMG),,,러시아 및 TV BRICS 언론 협력 협정
65,Russian and TV BRICS Media Cooperation Agreements,,,,,N,Russian private media holding National Media Group (NMG) signed a cooperation and collaboration memorandum with Indian state-owned public broadcaster Prasar Bharati in December 2025.,,,,,,India,Apr-26,,Dec-25,,,,,,,,IND,,,Y,23.21311827,,,,,,,79.63203856,,,19,,,,,,Prasar Bharati,https ://prasarbharati dot gov.in/,,,,,,,National Media Group (NMG),,,,http ://en.kremlin dot ru/supplement/6425 ; https://nmg dot ru/?item=natsionalnaya-media-gruppa-zaklyuchila-soglasheniya-o-sotrudnichestve,,,,,,,러시아 민간 미디어 지주회사 내셔널 미디어 그룹(NMG)은 2025년 12월 인도 국영 방송사 프라사르 바라티와 협력·공조 양해각서를 체결했다.,,,,,,인도,,,,,내셔널 미디어 그룹(NMG),,,러시아 및 TV BRICS 언론 협력 협정
65,Russian and TV BRICS Media Cooperation Agreements,,,,,N,National Media Group signed a cooperation agreement on content creation with Indian media holding Zee Entertainment Enterprises Limited (ZEEL) in June 2026.,,,,,,India,06/11/2026,,Jun-26,,,,,,,,IND,,,Y,23.21311827,,,,,,,79.63203856,,,20,,,,,,Zee Entertainment Enterprises Limited (ZEEL),https ://www.zee dot com/,,,,,,,National Media Group (NMG),,,,https ://en dot iz.ru/en/2108403/2026-06-03/nmg-has-signed-cooperation-agreement-zeel-field-content-creation ; https://www.cnews dot ru/news/line/2026-06-04_nmg_i_zee_entertainment_enterprises_limited ,,,,,,,내셔널 미디어 그룹은 2026년 6월 인도 미디어 지주회사 지 엔터테인먼트 엔터프라이즈(ZEEL)와 콘텐츠 제작 협력 협정을 체결했다.,,,,,,인도,,,,,내셔널 미디어 그룹(NMG),,,러시아 및 TV BRICS 언론 협력 협정
65,Russian and TV BRICS Media Cooperation Agreements,,,,,N,Orpheus Radio signed a memorandum of understanding with Vietnamese national radio broadcaster Voice of Vietnam (VOV) in May 2025.,,,,,,Vietnam,Apr-26,,May-25,,,,,,,,VNM,,,Y,12.0246368,,,,,,,108.179645,,,21,,,,,,Voice of Vietnam,https :/ vovworld dot vn/,,,,,,,Orpheus Radio,,,,https ://www dot abu dot org dot my/2025/05/13/vov-signs-cooperation-agreement-with-russias-orpheus-radio/; https://vovworld dot vn/en-US/news/vov-orpheus-sign-cooperation-agreement-1390049.vov ,,,,,,,오르페우스 라디오(Orpheus Radio)는 2025년 5월 베트남 국영 라디오 방송사 보이스 오브 베트남(VOV)과 양해각서를 체결했다.,,,,,,베트남,,,,,오르페우스 라디오,,,러시아 및 TV BRICS 언론 협력 협정
65,Russian and TV BRICS Media Cooperation Agreements,,,,,N,Bulgarian news agency NOVINATA lists RIA Novosti as a partner as of March 2026.,,,,,,Bulgaria,Apr-26,,,,,,,,,,BGR,,,Y,42.77345,,,,,,,25.23488,,,22,,,,,,Novinata,https ://novinata dot bg/,,,,,,,RIA Novosti,,,,https ://novinata dot bg/partners/,,,,,,,불가리아 통신사 노비나타는 2026년 3월 기준 리아 노보스티(RIA Novosti)를 협력사로 명시하고 있다.,,,,,,불가리아,,,,,리아 노보스티,,,러시아 및 TV BRICS 언론 협력 협정
65,Russian and TV BRICS Media Cooperation Agreements,,,,,N,Kremlin-controlled Russian development institution Roscongress Foundation signed a cooperation agreement with China Media Group in May 2026.,,,,,,China,05/20/2026,,May-26,,,,,,,,CHN,,,Y,37.55444958,,,,,,,104.2108468,,,23,,,,,,China Media Group,https ://www.cctv dot com/gyys/,,,,,,,Roscongress Foundation,,,,http ://kremlin dot ru/supplement/6488 ; https://www.mfa dot gov.cn/zyxw/202605/t20260521_11914946.shtml,,,,,,,크렘린궁의 통제를 받는 러시아 개발기관 로스콩그레스 재단(Roscongress Foundation)은 2026년 5월 중국미디어그룹과 협력 협정을 체결했다.,,,,,,중국,,,,,로스콘그레스 재단,,,러시아 및 TV BRICS 언론 협력 협정
65,Russian and TV BRICS Media Cooperation Agreements,,,,,Y,Rossiya Segodnya signed a cooperation agreement with Bahrain newspaper Al Ayam in June 2025.,,,,,,Bahrain,Apr-26,,Jun-26,,,,,,,,BHR,,,N,26.02269,,,,,,,50.5596,,,24,,,,,,Al Ayam,https ://www.alayam dot com/,,,,,,,Rossiya Segodnya,,,,https ://sputnikglobe dot com/20250620/rossiya-segodnya-media-group-inks-new-partnership-deals-in-bahrain-to-expand-reach-1122297279.html ; https://www.newsofbahrain dot com/bahrain/114545.html,,,,,,,로시야 세고드냐(Rossiya Segodnya)는 2025년 6월 바레인 신문 알 아얌(Al Ayam)과 협력 협정을 체결했다.,,,,,,바레인,,,,,로시야 세고드냐,,,러시아 및 TV BRICS 언론 협력 협정
65,Russian and TV BRICS Media Cooperation Agreements,,,,,Y,Rossiya Segodnya signed a cooperation agreement with Bahrain state media outlet Bahrain News Agency (BNA) in June 2025.,,,,,,Bahrain,Apr-26,,Jun-25,,,,,,,,BHR,,,N,26.02269,,,,,,,50.5596,,,25,,,,,,Bahrain News Agency,https ://www.bna dot bh/,,,,,,,Rossiya Segodnya,,,,https ://sputnikglobe dot com/20250620/rossiya-segodnya-media-group-inks-new-partnership-deals-in-bahrain-to-expand-reach-1122297279.html ; https://www.newsofbahrain dot com/bahrain/114545.html,,,,,,,로시야 세고드냐는 2025년 6월 바레인 국영 매체 바레인 통신사(BNA)와 협력 협정을 체결했다.,,,,,,바레인,,,,,로시야 세고드냐,,,러시아 및 TV BRICS 언론 협력 협정
65,Russian and TV BRICS Media Cooperation Agreements,,,,,Y,Sputnik reported that Rossiya Segodnya signed a cooperation agreement with Botswanan newspaper The Midweek Sun in November 2025.,,,,,,Botswana,Apr-26,,Nov-25,,,,,,,,BWA,,,N,-22.22989829,,,,,,,23.80968857,,,26,,,,,,The Midweek Sun,https ://guardiansun dot co.bw/,,,,,,,Rossiya Segodnya,,,,https ://en dot sputniknews.africa/20251119/1080642408.html,,,,,,,스푸트니크(Sputnik)는 2025년 11월 로시야 세고드냐가 보츠와나 신문 더 미드위크 선(The Midweek Sun)과 협력 협정을 체결했다고 보도했다.,,,,,,보츠와나,,,,,로시야 세고드냐,,,러시아 및 TV BRICS 언론 협력 협정
65,Russian and TV BRICS Media Cooperation Agreements,,,,,Y,Rossiya Segodnya signed an agreement on hosting the 2026 SCO Expert Forum with Chinese state news agency Xinhua in May 2026.,,,,,,China,05/20/2026,,May-26,,,,,,,,CHN,,,N,29.8673196,,,,,,,107.4461767,,,27,,,,,,Xinhua,https ://english dot news.cn/,,,,,,,Rossiya Segodnya,,,,http ://kremlin dot ru/supplement/6488 ; https://www.mfa dot gov.cn/zyxw/202605/t20260521_11914946.shtml,,,,,,,로시야 세고드냐는 2026년 5월 중국 국영 통신사 신화통신과 2026년 상하이협력기구(SCO) 전문가 포럼 개최에 관한 협정을 체결했다.,,,,,,중국,,,,,로시야 세고드냐,,,러시아 및 TV BRICS 언론 협력 협정
65,Russian and TV BRICS Media Cooperation Agreements,,,,,Y,Rossiya Segodnya signed a memorandum of understanding with Malaysian national news agency Bernama in June 2025.,,,,,,Malaysia,Apr-26,,Jun-25,,,,,,,,MYS,,,N,4.0118982,,,,,,,102.123279,,,28,,,,,,Bernama,https ://bernama dot com/en/,,,,,,,Rossiya Segodnya,,,,https ://www.bernama dot com/en/news.php?id=2436045 ; https://x.com/SputnikInt/status/1936234594610683987 ,,,,,,,로시야 세고드냐는 2025년 6월 말레이시아 국영 통신사 베르나마(Bernama)와 양해각서를 체결했다.,,,,,,말레이시아,,,,,로시야 세고드냐,,,러시아 및 TV BRICS 언론 협력 협정
65,Russian and TV BRICS Media Cooperation Agreements,,,,,N,Rossiya Segodnya signed a partnership agreement with Nigerien state news agency Agence Nigérienne de Presse (ANP) in October 2025.,,,,,,Niger,04/29/2026,,Oct-25,,,,,,,,NER,,,Y,15.764476,,,,,,,10.675744,,,29,,,,,,Agence Nigérienne de Presse (ANP),https ://anp dot ne/,,,,,,,Rossiya Segodnya,,,,https://t.me/sputnik_africa/53673 ; https://anp dot ne/media-signature-daccord-de-partenariat-entre-lanp-et-lagence-russe-sputnik/,,,,,,,로시야 세고드냐는 2025년 10월 니제르 국영 통신사 니제르 통신사(ANP)와 파트너십 협정을 체결했다.,,,,,,니제르,,,,,로시야 세고드냐,,,러시아 및 TV BRICS 언론 협력 협정
65,Russian and TV BRICS Media Cooperation Agreements,,,,,Y,Rossiya Segodnya signed a media cooperation agreement with North Korean state media outlet Korean Central News Agency (KCNA) in November 2025.,,,,,,North Korea,Apr-26,,Nov-25,,,,,,,,PRK,,,N,40.17588621,,,,,,,127.1988403,,,30,,,,,,Korean Central News Agency,http ://www.kcna dot kp,,,,,,,Rossiya Segodnya,,,,https ://xn--c1acbl2abdlkab1og dot xn--p1ai/20251111/748899.html ; https://www.nknews dot org/2025/11/russian-north-korean-media-ink-deal-on-objective-coverage-of-bilateral-ties/,,,,,,,로시야 세고드냐는 2025년 11월 북한 국영 매체 조선중앙통신(KCNA)과 미디어 협력 협정을 체결했다.,,,,,,북한,,,,,로시야 세고드냐,,,러시아 및 TV BRICS 언론 협력 협정
65,Russian and TV BRICS Media Cooperation Agreements,,,,,Y,"Rossiya Segodnya signed a memorandum of understanding to combat “misinformation and misleading narratives"" with Pakistani online newspaper Pakistan Observer in November 2025 ",,,,,,Pakistan,Apr-26,,Nov-25,,,,,,,,PAK,,,N,30.13982328,,,,,,,69.47579577,,,31,,,,,,Pakistan Observer,https ://epaper dot pakobserver.net/,,,,,,,Rossiya Segodnya,,,,https ://www.app dot com.pk/national/pakistan-observer-sputnik-sign-mou-to-boost-media-cooperation/ ; https://pakobserver dot net/mou-between-ria-novosti-pakistan-observer-to-open-new-avenues-of-cooperation-vasily-pushkov/ ; https://www.facebook dot com/PakistanEmbassyMoscow/posts/russias-top-state-news-agency-rossiya-segodnya-ria-novosti-sputnik-entered-into-/1174868194762612/ ,,,,,,,로시야 세고드냐는 2025년 11월 파키스탄 온라인 신문 파키스탄 옵서버(Pakistan Observer)와 ‘허위정보 및 오해를 유발하는 서사’에 대응하기 위한 양해각서를 체결했다.,,,,,,파키스탄,,,,,로시야 세고드냐,,,러시아 및 TV BRICS 언론 협력 협정
65,Russian and TV BRICS Media Cooperation Agreements,,,,,Y,Rossiya Segodnya signed a cooperation agreement with Vietnamese state newspaper Nhân Dân in June 2026.,,,,,,Vietnam,07/03/2026,,Jun-26,,,,,,,,VNM,,,N,21.6573929,,,,,,,104.6174538,,,32,,,,,,Nhân Dân,,,,,,,,Rossiya Segodnya,,,,https ://sputnikglobe dot com/20260630/rossiya-segodnya-signs-partnership-deal-with-vietnamese-newspaper-1124379281.html ; https://nhandan dot vn/bao-nhan-dan-va-tap-doan-truyen-thong-nga-rossiya-segodnya-ky-thoa-thuan-hop-tac-post972558.html ,,,,,,,로시야 세고드냐는 2026년 6월 베트남 국영 신문 년전(Nhân Dân)과 협력 협정을 체결했다.,,,,,,베트남,,,,,로시야 세고드냐,,,러시아 및 TV BRICS 언론 협력 협정
65,Russian and TV BRICS Media Cooperation Agreements,,,,,Y,The Editorial office of Russian state-run newspaper Rossiyskaya Gazeta signed a cooperation memorandum with China Media Group in September 2025.,,,,,,China,Apr-26,,Sep-25,,,,,,,,CHN,,,N,29.8673196,,,,,,,107.4461767,,,33,,,,,,China Media Group,https ://www.cctv dot com/gyys/,,,,,,,Rossiyskaya Gazeta,,,,http://kremlin dot ru/supplement/6380,,,,,,,러시아 국영 신문 로시스카야 가제타(Rossiyskaya Gazeta) 편집국은 2025년 9월 중국미디어그룹과 협력 양해각서를 체결했다.,,,,,,중국,,,,,로시스카야 가제타,,,러시아 및 TV BRICS 언론 협력 협정
65,Russian and TV BRICS Media Cooperation Agreements,,,,,Y,The Editorial office of Rossiyskaya Gazeta signed a cooperation memorandum with People's Daily in September 2025.,,,,,,China,Apr-26,,Sep-25,,,,,,,,CHN,,,N,29.8673196,,,,,,,107.4461767,,,34,,,,,,People's Daily,https ://en.people dot cn/,,,,,,,Rossiyskaya Gazeta,,,,http://kremlin dot ru/supplement/6380,,,,,,,로시스카야 가제타 편집국은 2025년 9월 인민일보(People's Daily)와 협력 양해각서를 체결했다.,,,,,,중국,,,,,로시스카야 가제타,,,러시아 및 TV BRICS 언론 협력 협정
65,Russian and TV BRICS Media Cooperation Agreements,,,,,Y,The Editorial office of Rossiyskaya Gazeta signed a cooperation agreement with Chinese state news agency Xinhua in September 2025.,,,,,,China,Apr-26,,Sep-25,,,,,,,,CHN,,,N,29.8673196,,,,,,,107.4461767,,,35,,,,,,Xinhua,https ://english dot news.cn/,,,,,,,Rossiyskaya Gazeta,,,,http://kremlin dot ru/supplement/6380,,,,,,,로시스카야 가제타 편집국은 2025년 9월 중국 국영 통신사 신화통신과 협력 협정을 체결했다.,,,,,,중국,,,,,로시스카야 가제타,,,러시아 및 TV BRICS 언론 협력 협정
65,Russian and TV BRICS Media Cooperation Agreements,,,,,N,Bulgarian news agency NOVINATA lists RT as a partner as of March 2026.,,,,,,Bulgaria,Apr-26,,,,,,,,,,BGR,,,Y,42.77345,,,,,,,25.23488,,,36,,,,,,Novinata,https ://novinata dot bg/,,,,,,,RT,,,,https ://novinata dot bg/partners/,,,,,,,불가리아 통신사 노비나타는 2026년 3월 기준 RT를 협력사로 명시하고 있다.,,,,,,불가리아,,,,,RT,,,러시아 및 TV BRICS 언론 협력 협정
65,Russian and TV BRICS Media Cooperation Agreements,,,,,N,RT established a partnership on the exchange of content aimed at countering alleged Western propaganda with Cameroon-based news network Afrique Media TV in December 2022.,,,,,,Cameroon,Apr-26,,Dec-22,,,,,,,,CMR,,,Y,5.70382657,,,,,,,12.74653653,,,37,,,,,,Afrique Media TV,https ://afriquemedia dot tv/,,,,,,,RT,,,,https ://www.facebook.com/AfriqueMedia/videos/686000459894653/  ; https://disinfo dot africa/afrique-média-tv-wagners-new-african-mouthpiece-7fc7e0a4b9f8 ; https://www.nytimes.com/2023/04/13/world/africa/russia-africa-disinformation.html ; https://reutersinstitute.politics.ox.ac dot uk/news/kremlin-mouthpiece-heart-africa-how-afrique-media-helps-putin-court-audiences-their-own,,,,,,,RT는 2022년 12월 카메룬에 본사를 둔 뉴스 네트워크 아프리크 미디어 TV(Afrique Media TV)와 서방의 선전으로 지칭되는 내용에 대응하기 위한 콘텐츠 교류 파트너십을 구축했다.,,,,,,카메룬,,,,,RT,,,러시아 및 TV BRICS 언론 협력 협정
65,Russian and TV BRICS Media Cooperation Agreements,,,,,N,RT signed a memorandum of cooperation with China Media Group in May 2025.,,,,,,China,Apr-26,,May-25,,,,,,,,CHN,,,Y,37.55444958,,,,,,,104.2108468,,,38,,,,,,China Media Group,https ://www.cctv dot com/gyys/,,,,,,,RT,,,,http ://www.kremlin dot ru/supplement/6308,,,,,,,RT는 2025년 5월 중국미디어그룹과 협력 양해각서를 체결했다.,,,,,,중국,,,,,RT,,,러시아 및 TV BRICS 언론 협력 협정
65,Russian and TV BRICS Media Cooperation Agreements,,,,,N,RT signed a cooperation memorandum with Shanghai Radio and Television Station in September 2025.,,,,,,China,Apr-26,,Sep-25,,,,,,,,CHN,,,Y,37.55444958,,,,,,,104.2108468,,,39,,,,,,Shanghai Radio and Television Station,,,,,,,,RT,,,,http ://www.kremlin dot ru/supplement/6380,,,,,,,RT는 2025년 9월 상하이 라디오·텔레비전 방송국(Shanghai Radio and Television Station)과 협력 양해각서를 체결했다.,,,,,,중국,,,,,RT,,,러시아 및 TV BRICS 언론 협력 협정
65,Russian and TV BRICS Media Cooperation Agreements,,,,,N,RT signed a memorandum of cooperation with Chinese state news agency Xinhua in May 2025.,,,,,,China,Apr-26,,May-25,,,,,,,,CHN,,,Y,37.55444958,,,,,,,104.2108468,,,40,,,,,,Xinhua,https ://english dot news.cn/,,,,,,,RT,,,,http ://www.kremlin dot ru/supplement/6308 ,,,,,,,RT는 2025년 5월 중국 국영 통신사 신화통신과 협력 양해각서를 체결했다.,,,,,,중국,,,,,RT,,,러시아 및 TV BRICS 언론 협력 협정
65,Russian and TV BRICS Media Cooperation Agreements,,,,,N,RT signed an addendum to a cooperation and collaboration memorandum with Indian state-owned public broadcaster Prasar Bharati in December 2025.,,,,,,India,Apr-26,,Dec-25,,,,,,,,IND,,,Y,23.21311827,,,,,,,79.63203856,,,41,,,,,,Prasar Bharati,https ://prasarbharati dot gov.in/,,,,,,,RT,,,,http ://en.kremlin dot ru/supplement/6425 ,,,,,,,RT는 2025년 12월 인도 국영 방송사 프라사르 바라티(Prasar Bharati)와 체결한 협력·공조 양해각서에 추가 합의서를 체결했다.,,,,,,인도,,,,,RT,,,러시아 및 TV BRICS 언론 협력 협정
65,Russian and TV BRICS Media Cooperation Agreements,,,,,N,Ruptly signed a cooperation agreement with Armenian state news agency Armenpress in April 2018. The Armenpress website currently lists Ruptly as a partner.,,,,,,Armenia,Apr-26,,Apr-18,,,,,,,,ARM,,,Y,40.29309,,,,,,,44.94321,,,42,,,,,,Armenpress,https ://armenpress dot am/en,,,,,,,Ruptly,,,,https ://armenpress dot am/en/article/929609; https://armenpress dot am/en/partners,,,,,,,럽틀리(Ruptly)는 2018년 4월 아르메니아 국영 통신사 아르멘프레스(Armenpress)와 협력 협정을 체결했다. 현재 아르멘프레스 웹사이트에는 럽틀리가 협력사로 등재되어 있다.,,,,,,아르메니아,,,,,럽틀리,,,러시아 및 TV BRICS 언론 협력 협정
65,Russian and TV BRICS Media Cooperation Agreements,,,,,N,Ruptly signed a media agreement with Iranian state media network Press TV in August 2025.,,,,,,Iran,Apr-26,,Aug-25,,,,,,,,IRN,,,Y,32.94288985,,,,,,,54.11209493,,,43,,,,,,Press TV,https ://www.presstv dot ir/,,,,,,,Ruptly,,,,https ://www.presstv dot ir/Detail/2025/08/27/753885/IRIB-signs-cooperation-agreements-Russian-media- ; https://iranpress dot com/content/309347/iran-and-russia-sign-media-cooperation-agreements ,,,,,,,럽틀리는 2025년 8월 이란 국영 미디어 네트워크 프레스 TV(Press TV)와 미디어 협정을 체결했다.,,,,,,이란,,,,,럽틀리,,,러시아 및 TV BRICS 언론 협력 협정
65,Russian and TV BRICS Media Cooperation Agreements,,,,,N,"The Russian and Belarusian governments signed a decree creating a media holding company of the Union State in January 2024. The Kremlin planned in January 2024 for the Union State media holding company to incorporate at least two weekly newspapers, a weekly magazine, and a TV channel. The Kremlin announced in February 2026 that Russia and Belarus are finalizing the establishment of joint media companies as part of the January 2024 decree and claimed that the Union State's new media outlets will become operational in 2026.",,,,,,Belarus,Apr-26,,Jan-24,,,,,,,,BLR,,,Y,52.4748504,,,,,,,25.5610419,,,44,,,,,,Belarusian Government,,,,,,,,Russian Government,,,,https ://tass dot ru/obschestvo/19847771?ysclid=mcz5zxrwpt914831659; https://belrus dot ru/content/smi_souznogo_gosudarstva/  ,,,,,,,"러시아와 벨라루스 정부는 2024년 1월 연방국가 미디어 지주회사 설립을 위한 법령에 서명했다. 크렘린궁은 2024년 1월 해당 지주회사에 주간신문 최소 2종, 주간지 1종, TV 채널 1개가 편입될 예정이라고 밝혔다. 크렘린궁은 2026년 2월 러시아와 벨라루스가 2024년 1월 법령에 따른 합작 미디어 기업 설립을 마무리하고 있으며, 새 연방국가 매체들이 2026년 중 운영을 시작할 것이라고 발표했다.",,,,,,벨라루스,,,,,러시아 정부,,,러시아 및 TV BRICS 언론 협력 협정
65,Russian and TV BRICS Media Cooperation Agreements,,,,,N,"The Russian Ministry of Communications signed a memorandum of cooperation with the Moldovan Mass Media Transnistrian State Service for Communications, Information, and Mass Media in 2014. Russia has been illegally occupying the breakaway region of Transnistria in Moldova since 1992. ",,,,,,Moldova,Apr-26,,2014,,,,,,,,MDA,,,Y,47.20820364,,,,,,,28.46958859,,,45,,,,,,"Mass Media Transnistrian State Service for Communications, Information, and Mass Media",https ://mincifra.gospmr dot org/,,,,,,,Russian Ministry of Communications,,,,https ://www.rise dot md/en/article/underground-deals-media-sheriffs-from-transnistria/,,,,,,,러시아 통신부는 2014년 몰도바의 매스미디어·통신·정보 국가서비스(트란스니스트리아)와 협력 양해각서를 체결했다. 러시아는 1992년부터 몰도바 내 분리 지역인 트란스니스트리아를 불법 점령하고 있다.,,,,,,몰도바,,,,,러시아 통신부,,,러시아 및 TV BRICS 언론 협력 협정
65,Russian and TV BRICS Media Cooperation Agreements,,,,,N,Sputnik began broadcasting on Argentinian radio channel Concepto FM 95.5 in September 2024. Concepto FM 95.5 covers Buenos Aires and the provinces of Mendoza and Chubut.,,,,,,Argentina,04/28/2026,,Sep-24,,,,,,,,ARG,,,Y,-36.61005193,,,,,,,-65.40922675,,,46,,,,,,Concepto FM 95.5,https ://www.conceptofm dot com.ar/,,,,,,,Sputnik,,,,https ://rossiyasegodnya dot com/20240902/633386.html ; https://nuevaya dot com.ni/destacadas/sputnik-llega-a-la-fm-en-argentina-una-nueva-voz-en-la-radio-latinoamericana/ ; https://deradios dot com/radio/argentina-el-grupo-ruso-sputnik-copo-la-fm-95-5-con-su-programacion/,,,,,,,"스푸트니크는 2024년 9월 아르헨티나 라디오 채널 콘셉토 FM 95.5(Concepto FM 95.5)에서 방송을 시작했다. 콘셉토 FM 95.5는 부에노스아이레스市와 멘도사州, 추부트州를 대상으로 방송한다.",,,,,,아르헨티나,,,,,스푸트니크,,,러시아 및 TV BRICS 언론 협력 협정
65,Russian and TV BRICS Media Cooperation Agreements,,,,,N,Sputnik signed a content exchange agreement with Cameroonian news website Cameroon News Agency in November 2024.,,,,,,Cameroon,Apr-26,,Nov-24,,,,,,,,CMR,,,Y,5.70382657,,,,,,,12.74653653,,,47,,,,,,Cameroon News Agency (CNA),https ://cameroonnewsagency dot com/,,,,,,,Sputnik,,,,https ://cameroonnewsagency dot com/cna-signs-mou-with-russias-sputnik-news/ ; https://en dot sputniknews.africa/20241114/sputnik-establishes-cooperation-with-cameroon-1069225671.html,,,,,,,스푸트니크는 2024년 11월 카메룬 뉴스 웹사이트 카메룬 뉴스 에이전시(Cameroon News Agency)와 콘텐츠 교류 협정을 체결했다.,,,,,,카메룬,,,,,스푸트니크,,,러시아 및 TV BRICS 언론 협력 협정
65,Russian and TV BRICS Media Cooperation Agreements,,,,,N,Sputnik signed a media partnership agreement with Central African state news agency Agence Centrafricaine de Presse (ACAP) in February 2025.,,,,,,Central African Republic,Apr-26,,Feb-25,,,,,,,,CAF,,,Y,6.453119,,,,,,,21.763444,,,48,,,,,,Agence Centrafricaine de Presse (ACAP),https ://acap-rca dot com/,,,,,,,Sputnik,,,,https ://en.sputniknews dot africa/20250221/sputnik-signs-cooperation-agreement-with-central-african-republics-press-agency-1070760327.html ; https://rossiyasegodnya dot com/20250221/668174.html,,,,,,,스푸트니크는 2025년 2월 중앙아프리카공화국 국영 통신사 중앙아프리카 통신사(ACAP)와 미디어 파트너십 협정을 체결했다.,,,,,,중앙 아프리카 공화국,,,,,스푸트니크,,,러시아 및 TV BRICS 언론 협력 협정
65,Russian and TV BRICS Media Cooperation Agreements,,,,,N,Sputnik signed a content exchange agreement with Djiboutian state news agency Djibouti News Agency in July 2025.,,,,,,Djibouti,Apr-26,,Jul-25,,,,,,,,DJI,,,Y,11.468616,,,,,,,42.283078,,,49,,,,,,Djibouti News Agency (ADI),https ://www.adi dot dj/index.php/site/ar,,,,,,,Sputnik,,,,https ://fr.sputniknews dot africa/20250715/sputnik-et-lagence-djiboutienne-dinformation-signent-un-accord-de-cooperation-1075571247.html,,,,,,,스푸트니크는 2025년 7월 지부티 국영 통신사 지부티 통신사(Djibouti News Agency)와 콘텐츠 교류 협정을 체결했다.,,,,,,지부티,,,,,스푸트니크,,,러시아 및 TV BRICS 언론 협력 협정
65,Russian and TV BRICS Media Cooperation Agreements,,,,,N,"Sputnik signed a memorandum of understanding with the University of Media, Arts, and Communications (UniMAC) in Ghana in February 2026.",,,,,,Ghana,05/06/2026,,Feb-26,,,,,,,,GHA,,,Y,6.946468,,,,,,,-1.203449,,,50,,,,,,"University of Media, Arts, and Communications",,,,,,,,Sputnik,,,,https ://en dot sputniknews.africa/20260212/sputnik-launches-cooperation-with-ghana-1083363586.html ; https://www.linkedin.com/pulse/unimac-management-pays-courtesy-call-russian-embassy-ghana-strengthen-4b9uf,,,,,,,스푸트니크는 2026년 2월 가나 미디어·예술·커뮤니케이션대학교(UniMAC)와 양해각서를 체결했다.,,,,,,가나,,,,,스푸트니크,,,러시아 및 TV BRICS 언론 협력 협정
65,Russian and TV BRICS Media Cooperation Agreements,,,,,N,Sputnik signed a cooperation agreement with YAI Persada Indonesia University in October 2024.,,,,,,Indonesia,05/06/2026,,Oct-24,,,,,,,,IDN,,,Y,-1.479788,,,,,,,112.938694,,,51,,,,,,YAI Persada Indonesia University,,,,,,,,Sputnik,,,,https ://www dot rossiyasegodnya dot com/20241009/642974.html ; https://yai dot ac.id/article/press-release-sputnik-upi-yai,,,,,,,스푸트니크는 2024년 10월 인도네시아 YAI 페르사다대학교와 협력 협정을 체결했다.,,,,,,인도네시아,,,,,스푸트니크,,,러시아 및 TV BRICS 언론 협력 협정
65,Russian and TV BRICS Media Cooperation Agreements,,,,,N,Sputnik signed a memorandum of understanding with Kaduna State University (KASU) in Nigeria in May 2026.,,,,,,Nigeria,05/07/2026,,May-26,,,,,,,,NGA,,,Y,9.61691995,,,,,,,8.11013156,,,52,,,,,,Kaduna State University (KASU),,,,,,,,Sputnik,,,,https ://xn--c1acbl2abdlkab1og dot xn--p1ai/20260505/773445.html,,,,,,,스푸트니크는 2026년 5월 나이지리아 카두나주립대학교(KASU)와 양해각서를 체결했다.,,,,,,나이지리아,,,,,스푸트니크,,,러시아 및 TV BRICS 언론 협력 협정
65,Russian and TV BRICS Media Cooperation Agreements,,,,,N,Sputnik signed a memorandum of understanding with New Era University in the Philippines in January 2024.,,,,,,Philippines,05/06/2026,,Jan-24,,,,,,,,PHL,,,Y,15.9567224,,,,,,,121.032855,,,53,,,,,,New Era University,,,,,,,,Sputnik,,,,https: //www.pna dot gov.ph/articles/1217223 ; https://rossiyasegodnya dot com/20240112/594833.html,,,,,,,스푸트니크는 2024년 1월 필리핀 뉴에라대학교(New Era University)와 양해각서를 체결했다.,,,,,,필리핀,,,,,스푸트니크,,,러시아 및 TV BRICS 언론 협력 협정
65,Russian and TV BRICS Media Cooperation Agreements,,,,,N,Sputnik signed a media partnership agreement with Tunis Afrique Presse (TAP) in September 2023.,,,,,,Tunisia,Apr-26,,Sep-23,,,,,,,,TUN,,,Y,34.16092359,,,,,,,9.55968942,,,54,,,,,,Tunis Afrique Presse (TAP),https ://www.tap.info dot tn/fr,,,,,,,Sputnik,,,,https ://en.sputniknews dot africa/20231003/sputnik-launches-cooperation-with-tunisias-leading-news-agency-1062516306.html ; https://www.tap dot info.tn/en/Portal-Headlines/16668210-tap-and-sputnik,,,,,,,스푸트니크는 2023년 9월 튀니지 아프리크 프레스(TAP)와 미디어 파트너십 협정을 체결했다.,,,,,,튀니지,,,,,스푸트니크,,,러시아 및 TV BRICS 언론 협력 협정
65,Russian and TV BRICS Media Cooperation Agreements,,,,,N,Sputnik signed a media cooperation agreement with Algerian state news agency Algeria Press Service (APS) in November 2023. Sputnik previously signed a media cooperation agreement with APS in April 2016.,,,,,,Algeria,Apr-26,,Nov-23,,,,,,,,DZA,,,Y,28.42455,,,,,,,2.629148,,,55,,,,,,Algeria Press Service (APS),https ://www.aps dot dz/fr,,,,,,,Sputnik ,,,,https ://embmoscow dot mfa.gov.dz/news-and-press-releases/signing-of-a-cooperation-agreement-between-the-algerian-news-agency-and-the-russian-sputnik-agency ; https://sputnikglobe dot com/20160427/deal-press-sputnik-1038709041.html,,,,,,,스푸트니크는 2023년 11월 알제리 국영 통신사 알제리 프레스 서비스(APS)와 미디어 협력 협정을 체결했다. 앞서 스푸트니크는 2016년 4월에도 APS와 미디어 협력 협정을 체결한 바 있다.,,,,,,알제리,,,,,스푸트니크,,,러시아 및 TV BRICS 언론 협력 협정
65,Russian and TV BRICS Media Cooperation Agreements,,,,,N,Sputnik signed a cooperation agreement with Argentine online newspaper Ahora San Juan in December 2022 focused on establishing Spanish-language information exchange.,,,,,,Argentina,Apr-26,,Dec-22,,,,,,,,ARG,,,Y,-36.61005193,,,,,,,-65.40922675,,,56,,,,,,Ahora San Juan,https ://www.ahorasanjuan dot com/,,,,,,,Sputnik ,,,,https ://xn--c1acbl2abdlkab1og dot xn--p1ai/20221215/366327.html ; https://www.ahorasanjuan dot com/ahora-san-juan-firma-importante-convenio-de-cooperacion-en-moscu-con-la-agencia-sputnik/,,,,,,,스푸트니크는 2022년 12월 아르헨티나 온라인 신문 아오라 산후안(Ahora San Juan)과 스페인어 정보 교류 체계 구축을 위한 협력 협정을 체결했다.,,,,,,아르헨티나,,,,,스푸트니크,,,러시아 및 TV BRICS 언론 협력 협정
65,Russian and TV BRICS Media Cooperation Agreements,,,,,N,Sputnik signed a memorandum of understanding with Daffodil International University in Bangladesh in December 2025.,,,,,,Bangladesh,05/06/2026,,Dec-25,,,,,,,,BGD,,,Y,24.4422699,,,,,,,89.8484383,,,57,,,,,,Daffodil International University,,,,,,,,Sputnik ,,,,https ://rossiyasegodnya dot com/20251212/760104.html; https://www.facebook.com/diu.international/posts/sputnik-daffodil-international-university-sign-cooperation-agreement/1187647496798178/,,,,,,,스푸트니크는 2025년 12월 방글라데시 다포딜국제대학교(Daffodil International University)와 양해각서를 체결했다.,,,,,,방글라데시,,,,,스푸트니크,,,러시아 및 TV BRICS 언론 협력 협정
65,Russian and TV BRICS Media Cooperation Agreements,,,,,N,Sputnik signed a memorandum of understanding with Bangladeshi online newspaper Deshkal News in November 2025.,,,,,,Bangladesh,Apr-26,,Nov-25,,,,,,,,BGD,,,Y,24.4422699,,,,,,,89.8484383,,,58,,,,,,Deshkal News,https ://www.deshkalnews dot com/,,,,,,,Sputnik ,,,,https ://bangladesh dot rs.gov.ru/en/news/deshkal-news-and-sputnik-international-news-agency-and-radio-sign-cooperation-memorandum-to-strengthen-ties-between-bangladeshi-and-russian-media-%F0%9F%93%9D/; https://www.deshkalnews dot com/international-relations/9816,,,,,,,스푸트니크는 2025년 11월 방글라데시 온라인 신문 데슈칼 뉴스(Deshkal News)와 양해각서를 체결했다.,,,,,,방글라데시,,,,,스푸트니크,,,러시아 및 TV BRICS 언론 협력 협정
65,Russian and TV BRICS Media Cooperation Agreements,,,,,N,Sputnik reported that it signed a cooperation agreement with Bangladeshi newspaper The Daily Messenger in August 2024.,,,,,,Bangladesh,Apr-26,,Aug-24,,,,,,,,BGD,,,Y,24.4422699,,,,,,,89.8484383,,,59,,,,,,The Daily Messenger,https ://www.dailymessenger dot net/,,,,,,,Sputnik ,,,,https :// sputnikglobe dot com/20240815/sputniks-first-official-partner-in-bangladesh-1119784695.html,,,,,,,스푸트니크는 2024년 8월 방글라데시 신문 더 데일리 메신저(The Daily Messenger)와 협력 협정을 체결했다고 보도했다.,,,,,,방글라데시,,,,,스푸트니크,,,러시아 및 TV BRICS 언론 협력 협정
65,Russian and TV BRICS Media Cooperation Agreements,,,,,N,Sputnik signed a cooperation memorandum with Chinese media network Dongbeiwang in August 2019.,,,,,,China,Apr-26,,Aug-19,,,,,,,,CHN,,,Y,37.55444958,,,,,,,104.2108468,,,60,,,,,,Dongbeiwang,https ://english dot dbw dot cn/,,,,,,,Sputnik ,,,,https ://heilongjiang.dbw dot cn/system/2019/08/14/058246377.shtml,,,,,,,스푸트니크는 2019년 8월 중국 미디어 네트워크 둥베이왕(Dongbeiwang)과 협력 양해각서를 체결했다.,,,,,,중국,,,,,스푸트니크,,,러시아 및 TV BRICS 언론 협력 협정
65,Russian and TV BRICS Media Cooperation Agreements,,,,,N,Rossiya Segodnya reported that Sputnik signed an updated cooperation agreement focused on content exchange and journalistic training with Congolese state news agency Agence Congolaise d’Information (ACI) in July 2022.,,,,,,Congo,Apr-26,,Jul-22,,,,,,,,COG,,,Y,-0.84218298,,,,,,,15.22357695,,,61,,,,,,Agence Congolaise d’Information (ACI),https ://www.aci dot cg/,,,,,,,Sputnik ,,,,https ://rossiyasegodnya dot com/20220726/274580.html,,,,,,,로시야 세고드냐는 2022년 7월 스푸트니크가 콩고 국영 통신사 콩고 정보통신사(ACI)와 콘텐츠 교류 및 언론인 연수를 중점으로 한 개정 협력 협정을 체결했다고 보도했다.,,,,,,콩고,,,,,스푸트니크,,,러시아 및 TV BRICS 언론 협력 협정
65,Russian and TV BRICS Media Cooperation Agreements,,,,,N,Sputnik reported that it signed a French-language content exchange agreement with Congolese news website La Nouvelle République in April 2024.,,,,,,Congo,Apr-26,,Apr-24,,,,,,,,COG,,,Y,-0.84218298,,,,,,,15.22357695,,,62,,,,,,La Nouvelle République,https ://lanouvellerepublique dot cg/,,,,,,,Sputnik ,,,,https ://fr dot sputniknews.africa/20240403/sputnik-etend-son-reseau-de-partenaires-en-afrique-1065896962.html,,,,,,,스푸트니크는 2024년 4월 콩고 뉴스 웹사이트 라 누벨 레퓌블리크(La Nouvelle République)와 프랑스어 콘텐츠 교류 협정을 체결했다고 보도했다.,,,,,,콩고,,,,,스푸트니크,,,러시아 및 TV BRICS 언론 협력 협정
65,Russian and TV BRICS Media Cooperation Agreements,,,,,N,Sputnik signed a cooperation memorandum with Cuban state information agency Institute of Information and Social Communication (ICS) in August 2025. The agreement includes implementing joint information projects and launching regular Spanish-language Sputnik broadcasts on Cuban radio.,,,,,,Cuba,Apr-26,,Aug-25,,,,,,,,CUB,,,Y,21.99538,,,,,,,-79.1171,,,63,,,,,,Institute of Information and Social Communication (ICS),https ://www dot ics.gob.cu/en/,,,,,,,Sputnik ,,,,https ://ria dot ru/20250805/sputnik-2033470402.html ; https://www.ics dot gob.cu/firman-sputnik-y-la-radio-cubana-memorando-de-colaboracion/,,,,,,,스푸트니크는 2025년 8월 쿠바 국영 정보기관 정보·사회소통연구소(ICS)와 협력 양해각서를 체결했다. 협정에는 공동 정보 프로젝트 추진과 쿠바 라디오에서 스푸트니크의 스페인어 정기 방송을 시작하는 내용이 포함됐다.,,,,,,쿠바,,,,,스푸트니크,,,러시아 및 TV BRICS 언론 협력 협정
65,Russian and TV BRICS Media Cooperation Agreements,,,,,N,Sputnik signed a cooperation agreement on joint radio broadcasting with Cuban state news agency Prensa Latina in March 2017.,,,,,,Cuba,Apr-26,,Mar-17,,,,,,,,CUB,,,Y,21.99538,,,,,,,-79.1171,,,64,,,,,,Prensa Latina,https ://www.prensa-latina dot cu/,,,,,,,Sputnik ,,,,https: //understandingwar.org/research/russia-ukraine/the-kremlins-expanding-media/ ; https://www.radiotelevisionmarti dot com/a/cuba-sputnik-prensa-latina-acuerdo-colaboracion/141466.html,,,,,,,스푸트니크는 2017년 3월 쿠바 국영 통신사 프렌사 라티나(Prensa Latina)와 공동 라디오 방송에 관한 협력 협정을 체결했다.,,,,,,쿠바,,,,,스푸트니크,,,러시아 및 TV BRICS 언론 협력 협정
65,Russian and TV BRICS Media Cooperation Agreements,,,,,N,Sputnik signed a memorandum of understanding with Egyptian analytical center Asia Center for Studies and Translation in March 2026.,,,,,,Egypt,06/10/2026,,Mar-26,,,,,,,,EGY,,,Y,26.59281234,,,,,,,29.86385042,,,65,,,,,,Asia Center for Studies and Translation,,,,,,,,Sputnik ,,,,https ://en dot sputniknews.africa/20260331/sputnik-starts-cooperation-with-egyptian-analytical-center-1084749854.html ; https://borkena dot com/2026/03/31/etypt-sputnik-starts-cooperation-with-egyptian-analytical-center/#google_vignette ; https://rossiyasegodnya dot com/20260401/769125.html ,,,,,,,스푸트니크는 2026년 3월 이집트의 분석기관 아시아 연구·번역 센터(Asia Center for Studies and Translation)와 양해각서를 체결했다.,,,,,,이집트,,,,,스푸트니크,,,러시아 및 TV BRICS 언론 협력 협정
65,Russian and TV BRICS Media Cooperation Agreements,,,,,N,Sputnik signed a cooperation agreement during the Economic and Humanitarian Forum Russia-Africa with Gambian state news agency Gambia News Agency (GAMNA) in August 2023.,,,,,,Gambia,Apr-26,,Aug-23,,,,,,,,GMB,,,Y,13.45279007,,,,,,,-15.38648673,,,66,,,,,,Gambia News Agency (GAMNA),https ://gamna dot gov.gm/,,,,,,,Sputnik ,,,,https ://en dot sputniknews.africa/20230801/sputnik-expands-network-of-partners-in-africa-1060978151.html,,,,,,,스푸트니크는 2023년 8월 러시아-아프리카 경제·인도주의 포럼에서 감비아 국영 통신사 감비아 통신사(GAMNA)와 협력 협정을 체결했다.,,,,,,감비아,,,,,스푸트니크,,,러시아 및 TV BRICS 언론 협력 협정
65,Russian and TV BRICS Media Cooperation Agreements,,,,,N,Sputnik partnered with Indian news channel Republic Media Network to cover Putin’s visit to India in December 2025.,,,,,,India,Apr-26,,Dec-25,,,,,,,,IND,,,Y,23.21311827,,,,,,,79.63203856,,,67,,,,,,Republic Media Network,,,,,,,,Sputnik ,,,,https ://sputniknews dot in/20251203/republic-sputnik-team-up-for-putins-india-visit-joint-broadcast-10154837.html ; https://www.youtube dot com/watch?v=X_ddlR6QbKI ,,,,,,,스푸트니크는 2025년 12월 푸틴 대통령의 인도 방문을 취재하기 위해 인도 뉴스 채널 리퍼블릭 미디어 네트워크(Republic Media Network)와 협력했다.,,,,,,인도,,,,,스푸트니크,,,러시아 및 TV BRICS 언론 협력 협정
65,Russian and TV BRICS Media Cooperation Agreements,,,,,N,Sputnik signed a memorandum of understanding with Indian think tank Visvaniti Foundation in May 2026.,,,,,,India,05/07/2026,,May-26,,,,,,,,IND,,,Y,23.21311827,,,,,,,79.63203856,,,68,,,,,,Visvaniti Foundation,https ://visvaniti dot org/,,,,,,,Sputnik ,,,,https ://ria dot ru/20260505/sputnik-2090663032.html ; https://sputniknews dot in/20260505/sputnik-begins-cooperation-with-indian-think-tank-10852597.html ,,,,,,,스푸트니크는 2026년 5월 인도 싱크탱크 비슈바니티 재단(Visvaniti Foundation)과 양해각서를 체결했다.,,,,,,인도,,,,,스푸트니크,,,러시아 및 TV BRICS 언론 협력 협정
65,Russian and TV BRICS Media Cooperation Agreements,,,,,N,Sputnik and Iranian state radio station Radio Tehran established collaboration in June 2025 to “facilitate content exchange and develop joint analytical programs.”,,,,,,Iran,Apr-26,,Jun-25,,,,,,,,IRN,,,Y,32.94288985,,,,,,,54.11209493,,,69,,,,,,Radio Tehran,http ://radiotehran dot ir/,,,,,,,Sputnik ,,,,https ://www.tehrantimes dot com/news/513859/Radio-Tehran-and-Russia-s-Sputnik-strengthen-media-diplomacy,,,,,,,스푸트니크와 이란 국영 라디오 방송국 라디오 테헤란(Radio Tehran)은 2025년 6월 ‘콘텐츠 교류를 촉진하고 공동 분석 프로그램을 개발’하기 위한 협력 관계를 구축했다.,,,,,,이란,,,,,스푸트니크,,,러시아 및 TV BRICS 언론 협력 협정
65,Russian and TV BRICS Media Cooperation Agreements,,,,,N,Sputnik signed a cooperation agreement with United Kingdom-based Iraq International News Agency (IINA) in March 2024 focused on English-language content exchange and development of joint educational projects.,,,,,,Iraq,Apr-26,,Mar-24,,,,,,,,IRQ,,,Y,33.11810333,,,,,,,43.75752524,,,70,,,,,,Iraq International News Agency,https ://www.iina dot news/,,,,,,,Sputnik ,,,, https ://rossiyasegodnya dot com/20240319/607537.html ; https://www.iina dot news/announcement-partnership-between-sputnik-and-iina/,,,,,,,스푸트니크는 2024년 3월 영국에 본부를 둔 이라크 국제통신사(IINA)와 영어 콘텐츠 교류 및 공동 교육 프로젝트 개발을 중점으로 한 협력 협정을 체결했다.,,,,,,이라크,,,,,스푸트니크,,,러시아 및 TV BRICS 언론 협력 협정
65,Russian and TV BRICS Media Cooperation Agreements,,,,,N,Sputnik signed a cooperation agreement  with Kenyan media group Radio Africa Group during the Economic and Humanitarian Forum Russia-Africa in August 2023.,,,,,,Kenya,Apr-26,,Aug-23,,,,,,,,KEN,,,Y,0.53080295,,,,,,,37.85787165,,,71,,,,,,Radio Africa Group,https ://radioafricagroup dot co.ke/,,,,,,,Sputnik ,,,,https ://en dot sputniknews.africa/20230801/sputnik-expands-network-of-partners-in-africa-1060978151.html,,,,,,,스푸트니크는 2023년 8월 러시아-아프리카 경제·인도주의 포럼에서 케냐 미디어 그룹 라디오 아프리카 그룹(Radio Africa Group)과 협력 협정을 체결했다.,,,,,,케냐,,,,,스푸트니크,,,러시아 및 TV BRICS 언론 협력 협정
65,Russian and TV BRICS Media Cooperation Agreements,,,,,N,Sputnik signed a cooperation agreement during the Economic and Humanitarian Forum Russia-Africa with Mauritanian state media outlet Mauritanian News Agency (AMI) in August 2023.,,,,,,Mauritania,Apr-26,,Aug-23,,,,,,,,MRT,,,Y,20.34755733,,,,,,,-10.32047236,,,72,,,,,,Mauritanian News Agency (AMI),https ://ami dot mr/en/,,,,,,,Sputnik ,,,,https ://en dot sputniknews.africa/20230801/sputnik-expands-network-of-partners-in-africa-1060978151.html,,,,,,,스푸트니크는 2023년 8월 러시아-아프리카 경제·인도주의 포럼에서 모리타니 국영 매체 모리타니 통신사(AMI)와 협력 협정을 체결했다.,,,,,,모리타니,,,,,스푸트니크,,,러시아 및 TV BRICS 언론 협력 협정
65,Russian and TV BRICS Media Cooperation Agreements,,,,,N,Sputnik signed a memorandum of understanding with Mexican online newspaper El Soberano in December 2022 to establish free content exchange.,,,,,,Mexico,Apr-26,,Dec-22,,,,,,,,MEX,,,Y,24.19288447,,,,,,,-102.7120138,,,73,,,,,,El Soberano,https ://elsoberano dot mx/,,,,,,,Sputnik ,,,,https ://xn--c1acbl2abdlkab1og dot xn--p1ai/20221215/366327.html; https://elsoberano dot mx/2023/02/24/firman-el-soberano-y-sputnik-memorandum-de-entendimiento/,,,,,,,스푸트니크는 2022년 12월 멕시코 온라인 신문 엘 소베라노(El Soberano)와 무료 콘텐츠 교류 체계를 구축하기 위한 양해각서를 체결했다.,,,,,,멕시코,,,,,스푸트니크,,,러시아 및 TV BRICS 언론 협력 협정
65,Russian and TV BRICS Media Cooperation Agreements,,,,,N,Sputnik signed a cooperation agreement on content sharing and joint projects with Mongolian state news agency Montsame in September 2017. Montsame lists Sputnik as a partner as of March 2026.,,,,,,Mongolia,Apr-26,,Sep-17,,,,,,,,MNG,,,Y,46.97174592,,,,,,,103.0450712,,,74,,,,,,Montsame,https ://www.montsame dot mn/en/,,,,,,,Sputnik ,,,,https ://montsame dot mn/en/read/131547 ; https://www.montsame dot mn/en/more/411,,,,,,,스푸트니크는 2017년 9월 몽골 국영 통신사 몬차메(Montsame)와 콘텐츠 공유 및 공동 프로젝트에 관한 협력 협정을 체결했다. 몬차메는 2026년 3월 기준 스푸트니크를 협력사로 명시하고 있다.,,,,,,몽골,,,,,스푸트니크,,,러시아 및 TV BRICS 언론 협력 협정
65,Russian and TV BRICS Media Cooperation Agreements,,,,,N,Sputnik signed a cooperation agreement with Myanmar state newspaper Global New Light of Myanmar (GNLM) in September 2023.,,,,,,Myanmar,Apr-26,,Sep-23,,,,,,,,MMR,,,Y,21.27991506,,,,,,,96.50431269,,,75,,,,,,Global New Light of Myanmar,https ://www.gnlm dot com.mm/,,,,,,,Sputnik ,,,,https :// sputnikglobe dot com/20230906/sputnik-starts-cooperating-with-myanmars-leading-media-outlet-1113149340.html ; https://www.moi dot gov.mm/npe/global-new-light-myanmar-nng-ruraaniungngn-sputnik-information-agency-ttiuakaa,,,,,,,스푸트니크는 2023년 9월 미얀마 국영 신문 글로벌 뉴 라이트 오브 미얀마(GNLM)와 협력 협정을 체결했다.,,,,,,미얀마,,,,,스푸트니크,,,러시아 및 TV BRICS 언론 협력 협정
65,Russian and TV BRICS Media Cooperation Agreements,,,,,N,Rossiya Segodnya reported that Sputnik signed a memorandum of understanding with Myanmar Armed Forces-owned television network Myawaddy TV in September 2022 to exchange content and hold joint events.,,,,,,Myanmar,Apr-26,,Sep-22,,,,,,,,MMR,,,Y,21.27991506,,,,,,,96.50431269,,,76,,,,,,Myawaddy TV,https ://www.myawady dot net.mm/,,,,,,,Sputnik ,,,,https :// rossiyasegodnya dot com/20220906/296259.html,,,,,,,로시야 세고드냐는 2022년 9월 스푸트니크가 미얀마군 소유의 텔레비전 네트워크 먀와디 TV(Myawaddy TV)와 콘텐츠 교류 및 공동 행사 개최를 위한 양해각서를 체결했다고 보도했다.,,,,,,미얀마,,,,,스푸트니크,,,러시아 및 TV BRICS 언론 협력 협정
65,Russian and TV BRICS Media Cooperation Agreements,,,,,N,Sputnik signed a cooperation agreement with Nicaraguan state media holding Communication and Citizenry Council of Nicaragua in September 2022.,,,,,,Nicaragua,Apr-26,,Sep-22,,,,,,,,NIC,,,Y,12.84573479,,,,,,,-85.03407382,,,77,,,,,,Communication and Citizenry Council of Nicaragua,,,,,,,,Sputnik ,,,,https ://www.voanews dot com/a/nicaragua-cuts-deal-with-kremlin-station-sputnik-to-air-content-/6747611.html; https://rsf dot org/en/nicaragua-latin-american-hotspot-russian-propaganda,,,,,,,스푸트니크는 2022년 9월 니카라과 국영 미디어 지주회사 니카라과 소통·시민위원회(Communication and Citizenry Council of Nicaragua)와 협력 협정을 체결했다.,,,,,,니카라과,,,,,스푸트니크,,,러시아 및 TV BRICS 언론 협력 협정
65,Russian and TV BRICS Media Cooperation Agreements,,,,,N,"Sputnik reported that it signed a media cooperation agreement with Pakistani state media outlet Associated Press of Pakistan (APP) in November 2025. The agreement involves content exchange in English, Arabic, and Chinese, and the organization of joint seminars, workshops, press conferences, and media events.",,,,,,Pakistan,Apr-26,,Nov-25,,,,,,,,PAK,,,Y,34.9214588,,,,,,,73.247692,,,78,,,,,,Associated Press of Pakistan,https ://www.app dot com dot pk/,,,,,,,Sputnik ,,,,https ://sputnikglobe dot com/20251127/sputnik-and-pakistans-app-news-agency-sign-cooperation-agreement-1123183347.html,,,,,,,"스푸트니크는 2025년 11월 파키스탄 국영 매체 파키스탄 통신사(APP)와 미디어 협력 협정을 체결했다고 보도했다. 협정에는 영어·아랍어·중국어 콘텐츠 교류와 공동 세미나, 워크숍, 기자회견 및 미디어 행사 개최가 포함됐다.",,,,,,파키스탄,,,,,스푸트니크,,,러시아 및 TV BRICS 언론 협력 협정
65,Russian and TV BRICS Media Cooperation Agreements,,,,,N,Sputnik signed a cooperation and content sharing agreement with Philippines state news agency Philippine News Agency (PNA) in March 2023.,,,,,,Philippines,Apr-26,,Mar-23,,,,,,,,PHL,,,Y,15.9567224,,,,,,,121.032855,,,79,,,,,,Philippine News Agency,https ://www.pna dot gov.ph/,,,,,,,Sputnik ,,,,https ://www dot pna.gov.ph/articles/1196598 ; https://ria dot ru/20230303/sotrudnichestvo-1855674408.html,,,,,,,스푸트니크는 2023년 3월 필리핀 국영 통신사 필리핀 통신사(PNA)와 협력 및 콘텐츠 공유 협정을 체결했다.,,,,,,필리핀,,,,,스푸트니크,,,러시아 및 TV BRICS 언론 협력 협정
65,Russian and TV BRICS Media Cooperation Agreements,,,,,N,Sputnik signed a cooperation agreement with the Saudi Arabian Press Agency (SPA) in October 2023 for information exchange and organization of joint media events.,,,,,,Saudi Arabia,Apr-26,,Oct-23,,,,,,,,SAU,,,Y,24.27970415,,,,,,,44.48082368,,,80,,,,,,Saudi Arabian Press Agency,https ://www.spa dot gov.sa/,,,,,,,Sputnik ,,,,https ://xn--c1acbl2abdlkab1og dot xn--p1ai/20231012/574003.html ; https://www.spa dot gov.sa/en/N1978404 ,,,,,,,스푸트니크는 2023년 10월 사우디 통신사(SPA)와 정보 교류 및 공동 미디어 행사 개최를 위한 협력 협정을 체결했다.,,,,,,사우디아라비아,,,,,스푸트니크,,,러시아 및 TV BRICS 언론 협력 협정
65,Russian and TV BRICS Media Cooperation Agreements,,,,,N,Sputnik signed a media cooperation agreement with the Saudi-based Union of Organization of Islamic Countries (OIC) News Agencies in November 2021.,,,,,,Saudi Arabia,Apr-26,,Nov-21,,,,,,,,SAU,,,Y,24.27970415,,,,,,,44.48082368,,,81,,,,,,Union of OIC News Agencies,https ://una-oic dot org/,,,,,,,Sputnik ,,,,https ://www.arabnews dot com/node/1975021/media;  https://x.com/UNAOIC/status/1791214288205455838?s=20 ,,,,,,,스푸트니크는 2021년 11월 사우디아라비아에 기반을 둔 이슬람협력기구(OIC) 통신사연합과 미디어 협력 협정을 체결했다.,,,,,,사우디아라비아,,,,,스푸트니크,,,러시아 및 TV BRICS 언론 협력 협정
65,Russian and TV BRICS Media Cooperation Agreements,,,,,N,Sputnik signed a cooperation agreement during the Economic and Humanitarian Forum Russia-Africa with Senegalese state news agency Agence de Presse Sénégalaise (APS) in August 2023.,,,,,,Senegal,Apr-26,,Aug-23,,,,,,,,SEN,,,Y,14.3753509,,,,,,,-14.46972181,,,82,,,,,,Agence de Presse Sénégalaise (APS),https ://aps dot sn/,,,,,,,Sputnik ,,,,https ://en dot sputniknews.africa/20230801/sputnik-expands-network-of-partners-in-africa-1060978151.html,,,,,,,스푸트니크는 2023년 8월 러시아-아프리카 경제·인도주의 포럼에서 세네갈 국영 통신사 세네갈 통신사(APS)와 협력 협정을 체결했다.,,,,,,세네갈,,,,,스푸트니크,,,러시아 및 TV BRICS 언론 협력 협정
65,Russian and TV BRICS Media Cooperation Agreements,,,,,N,Sputnik signed a cooperation agreement during the Economic and Humanitarian Forum Russia-Africa with Ugandan media holding New Vision Group in August 2023.,,,,,,Uganda,Apr-26,,Aug-23,,,,,,,,UGA,,,Y,1.28113552,,,,,,,32.38643389,,,83,,,,,,New Vision Group,https ://www.newvision dot co.ug/,,,,,,,Sputnik ,,,,https ://en dot sputniknews.africa/20230801/sputnik-expands-network-of-partners-in-africa-1060978151.html,,,,,,,스푸트니크는 2023년 8월 러시아-아프리카 경제·인도주의 포럼에서 우간다 미디어 지주회사 뉴비전 그룹(New Vision Group)과 협력 협정을 체결했다.,,,,,,우간다,,,,,스푸트니크,,,러시아 및 TV BRICS 언론 협력 협정
65,Russian and TV BRICS Media Cooperation Agreements,,,,,N,Sputnik signed a memorandum of understanding to expand cooperation between the expert and media communities in Russia and the UAE with Emirati research firm TRENDS Group in June 2026.,,,,,,United Arab Emirates,06/10/2026,,Jun-26,,,,,,,,ARE,,,Y,25.3478822,,,,,,,55.9406204,,,84,,,,,,TRENDS Group,https ://trendsresearch dot org/?srsltid=AfmBOooY12CfBAD6x7iDfoK3L3PPpw8ZJCvcTxXJ2UDq8DZleUzcB5RU,,,,,,,Sputnik ,,,,https ://ria dot ru/20260606/soglashenie-2097357609.html ; https://xn--c1acbl2abdlkab1og dot xn--p1ai/20260609/784918.html,,,,,,,스푸트니크는 2026년 6월 러시아와 아랍에미리트(UAE)의 전문가·미디어 공동체 간 협력을 확대하기 위해 에미리트 연구기관 트렌즈 그룹(TRENDS Group)과 양해각서를 체결했다.,,,,,,아랍에미리트,,,,,스푸트니크,,,러시아 및 TV BRICS 언론 협력 협정
65,Russian and TV BRICS Media Cooperation Agreements,,,,,N,Sputnik signed a cooperation agreement for projects in communications sector with the Venezuelan government in November 2024.,,,,,,Venezuela,Apr-26,,Nov-24,,,,,,,,VEN,,,Y,7.9502854,,,,,,,-70.5264516,,,85,,,,,,Venezuelan government,,,,,,,,Sputnik ,,,,https ://ria dot ru/20241126/venesuela-1985883782.html ,,,,,,,스푸트니크는 2024년 11월 통신 분야 프로젝트 추진을 위해 베네수엘라 정부와 협력 협정을 체결했다.,,,,,,베네수엘라,,,,,스푸트니크,,,러시아 및 TV BRICS 언론 협력 협정
65,Russian and TV BRICS Media Cooperation Agreements,,,,,N,Sputnik signed a cooperation agreement on content sharing and joint projects with Vietnamese state news agency Vietnam News Agency (VNA) in June 2017.,,,,,,Vietnam,Apr-26,,Jun-17,,,,,,,,VNM,,,Y,12.0246368,,,,,,,108.179645,,,86,,,,,,Vietnam News Agency,https ://vnanet dot vn/en/,,,,,,,Sputnik ,,,,http ://vietnamnews dot vn/politics-laws/379298/vietnam-news-agency-inks-cooperation-deal-with-sputnik.html,,,,,,,스푸트니크는 2017년 6월 베트남 국영 통신사 베트남 통신사(VNA)와 콘텐츠 공유 및 공동 프로젝트에 관한 협력 협정을 체결했다.,,,,,,베트남,,,,,스푸트니크,,,러시아 및 TV BRICS 언론 협력 협정
65,Russian and TV BRICS Media Cooperation Agreements,,,,,N,TASS signed a cooperation memorandum with Algerian state news agency Algeria Press Service (APS) on the sidelines of the second Russia-Africa media forum in July 2023.,,,,,,Algeria,Apr-26,,Jul-23,,,,,,,,DZA,,,Y,28.42455,,,,,,,2.629148,,,87,,,,,,Algeria Press Service (APS),https ://www.aps dot dz/fr,,,,,,,TASS,,,,https://tass dot com/world/1653075,,,,,,,타스(TASS)는 2023년 7월 제2차 러시아-아프리카 미디어 포럼을 계기로 알제리 국영 통신사 알제리 프레스 서비스(APS)와 협력 양해각서를 체결했다.,,,,,,알제리,,,,,타스,,,러시아 및 TV BRICS 언론 협력 협정
65,Russian and TV BRICS Media Cooperation Agreements,,,,,N,TASS signed a cooperation agreement with Armenian state news agency Armenpress in 2013. The Armenpress website currently lists TASS as a partner.,,,,,,Armenia,Apr-26,,Apr-13,,,,,,,,ARM,,,Y,40.29309,,,,,,,44.94321,,,88,,,,,,Armenpress,https ://armenpress dot am/en,,,,,,,TASS,,,,https ://armenpress dot am/en/article/716031,,,,,,,타스는 2013년 아르메니아 국영 통신사 아르멘프레스(Armenpress)와 협력 협정을 체결했다. 현재 아르멘프레스 웹사이트에는 타스가 협력사로 등재되어 있다.,,,,,,아르메니아,,,,,타스,,,러시아 및 TV BRICS 언론 협력 협정
65,Russian and TV BRICS Media Cooperation Agreements,,,,,N,TASS signed a cooperation agreement with People's Daily in May 2026.,,,,,,China,05/20/2026,,May-26,,,,,,,,CHN,,,Y,37.55444958,,,,,,,104.2108468,,,89,,,,,,People's Daily,https ://en dot people.cn/,,,,,,,TASS,,,,http ://kremlin dot ru/supplement/6488 ; https://www.mfa dot gov.cn/zyxw/202605/t20260521_11914946.shtml,,,,,,,타스는 2026년 5월 인민일보(People's Daily)와 협력 협정을 체결했다.,,,,,,중국,,,,,타스,,,러시아 및 TV BRICS 언론 협력 협정
65,Russian and TV BRICS Media Cooperation Agreements,,,,,N,TASS and Xinhua signed the Strategy for the Development of Cooperation for 2026-2030 in September 2025.,,,,,,China,Apr-26,,Sep-25,,,,,,,,CHN,,,Y,37.55444958,,,,,,,104.2108468,,,90,,,,,,Xinhua,https ://english dot news.cn/,,,,,,,TASS,,,,https ://tass dot com/politics/2010843; http://kremlin dot ru/supplement/6380,,,,,,,타스와 신화통신(Xinhua)은 2025년 9월 2026~2030년 협력 발전 전략에 서명했다.,,,,,,중국,,,,,타스,,,러시아 및 TV BRICS 언론 협력 협정
65,Russian and TV BRICS Media Cooperation Agreements,,,,,N,TASS and Xinhua signed a renewed cooperation agreement in March 2023.,,,,,,China,Apr-26,,Mar-23,,,,,,,,CHN,,,Y,37.55444958,,,,,,,104.2108468,,,91,,,,,,Xinhua,https ://english dot news.cn/,,,,,,,TASS,,,,https ://tass dot com/society/1591751,,,,,,,타스와 신화통신은 2023년 3월 협력 협정을 갱신해 체결했다.,,,,,,중국,,,,,타스,,,러시아 및 TV BRICS 언론 협력 협정
65,Russian and TV BRICS Media Cooperation Agreements,,,,,N,TASS signed a cooperation memorandum with Congolese state news agency Agence Congolaise d’Information (ACI) on the sidelines of the second Russia-Africa media forum in July 2023.,,,,,,Congo,Apr-26,,Jul-23,,,,,,,,COG,,,Y,-0.84218298,,,,,,,15.22357695,,,92,,,,,,Agence Congolaise d’Information (ACI),https ://www.aci dot cg/,,,,,,,TASS,,,,https ://tass dot com/society/1653597,,,,,,,타스는 2023년 7월 제2차 러시아-아프리카 미디어 포럼을 계기로 콩고 국영 통신사 콩고 정보통신사(ACI)와 협력 양해각서를 체결했다.,,,,,,콩고,,,,,타스,,,러시아 및 TV BRICS 언론 협력 협정
65,Russian and TV BRICS Media Cooperation Agreements,,,,,N,TASS signed a cooperation memorandum with Congo-based Agence d’Information d’Afrique Centrale (ADIAC) on the sidelines of the second Russia-Africa media forum in July 2023.,,,,,,Congo,Apr-26,,Jul-23,,,,,,,,COG,,,Y,-0.84218298,,,,,,,15.22357695,,,93,,,,,,Agence d’Information d’Afrique Centrale (ADIAC),https ://www.adiac-congo dot com/,,,,,,,TASS,,,,https://tass dot com/world/1653075,,,,,,,타스는 2023년 7월 제2차 러시아-아프리카 미디어 포럼을 계기로 콩고에 기반을 둔 중앙아프리카 정보통신사(ADIAC)와 협력 양해각서를 체결했다.,,,,,,콩고,,,,,타스,,,러시아 및 TV BRICS 언론 협력 협정
65,Russian and TV BRICS Media Cooperation Agreements,,,,,N,TASS signed a signed a cooperation agreement with Indian news agency Press Trust of India (PTI) during Putin's state visit to India in December 2025.,,,,,,India,Apr-26,,Dec-25,,,,,,,,IND,,,Y,23.21311827,,,,,,,79.63203856,,,94,,,,,,Press Trust of India,https ://www.ptinews dot com/,,,,,,,TASS,,,,https ://tass dot com/society/2054009 ; https://www.ptinews dot com/story/national/pti-tass-sign-agreement-for-exchange-of-news-content-on-india-russia/3160634,,,,,,,타스는 2025년 12월 푸틴 대통령의 인도 국빈 방문 중 인도 통신사 프레스 트러스트 오브 인디아(PTI)와 협력 협정을 체결했다.,,,,,,인도,,,,,타스,,,러시아 및 TV BRICS 언론 협력 협정
65,Russian and TV BRICS Media Cooperation Agreements,,,,,N,TASS signed a memorandum of understanding with Lebanese state news agency National News Agency (NNA) in September 2024 focused on content sharing and journalist exchanges.,,,,,,Lebanon,Apr-26,,Sep-24,,,,,,,,LBN,,,Y,33.92318314,,,,,,,35.88925123,,,95,,,,,,National News Agency (NNA),https ://www.nna-leb dot gov.lb/en/latest-news,,,,,,,TASS,,,,https ://tass dot com/society/1843259 ; https://eastnews dot net/Details/15423/%D9%85%D8%B0%D9%83%D8%B1%D8%A9-%D8%AA%D8%B9%D8%A7%D9%88%D9%86-%D8%A8%D9%8A%D9%86--%D8%A7%D9%84%D9%88%D9%83%D8%A7%D9%84%D8%A9-%D8%A7%D9%84%D9%88%D8%B7%D9%86%D9%8A%D8%A9--%D9%88-%D8%AA%D8%A7%D8%B3- ,,,,,,,타스는 2024년 9월 레바논 국영 통신사 내셔널 뉴스 에이전시(NNA)와 콘텐츠 공유 및 언론인 교류를 중점으로 한 양해각서를 체결했다.,,,,,,레바논,,,,,타스,,,러시아 및 TV BRICS 언론 협력 협정
65,Russian and TV BRICS Media Cooperation Agreements,,,,,N,TASS signed a cooperation memorandum with Namibian state news agency Namibia Press Agency (NAMPA) on the sidelines of the second Russia-Africa media forum in July 2023.,,,,,,Namibia,Apr-26,,Jul-23,,,,,,,,NAM,,,Y,-22.24830158,,,,,,,17.22563572,,,96,,,,,,Namibia Press Agency (NAMPA),https ://www.nampa dot org/,,,,,,,TASS,,,,https://tass dot com/world/1653075,,,,,,,타스는 2023년 7월 제2차 러시아-아프리카 미디어 포럼을 계기로 나미비아 국영 통신사 나미비아 프레스 에이전시(NAMPA)와 협력 양해각서를 체결했다.,,,,,,나미비아,,,,,타스,,,러시아 및 TV BRICS 언론 협력 협정
65,Russian and TV BRICS Media Cooperation Agreements,,,,,N,"TASS signed a cooperation agreement with North Korean state media outlet Korean Central News Agency (KCNA) in March 2026, focusing on information exchanges and countering “disinformation.”",,,,,,North Korea,Apr-26,,Mar-26,,,,,,,,PRK,,,Y,38.4161351,,,,,,,125.4619901,,,97,,,,,,Korean Central News Agency (KCNA),http ://www.kcna dot kp,,,,,,,TASS,,,,https ://tass dot ru/obschestvo/26923155; https://www.nknews dot org/2026/03/russias-top-news-agency-reaches-deal-with-north-korea-to-combat-fake-news/,,,,,,,타스는 2026년 3월 북한 국영 매체 조선중앙통신(KCNA)과 정보 교류 및 ‘허위정보’ 대응을 중점으로 한 협력 양해각서를 체결했다.,,,,,,북한,,,,,타스,,,러시아 및 TV BRICS 언론 협력 협정
65,Russian and TV BRICS Media Cooperation Agreements,,,,,N,TASS signed a cooperation memorandum with Senegalese state news agency Agence de Presse Sénégalaise (APS) on the sidelines of the second Russia-Africa media forum in July 2023.,,,,,,Senegal,Apr-26,,Jul-23,,,,,,,,SEN,,,Y,14.3753509,,,,,,,-14.46972181,,,98,,,,,,Agence de Presse Sénégalaise (APS),https ://aps dot sn/,,,,,,,TASS,,,,https://tass dot com/society/1653597 ,,,,,,,타스는 2023년 7월 제2차 러시아-아프리카 미디어 포럼을 계기로 세네갈 국영 통신사 세네갈 통신사(APS)와 협력 양해각서를 체결했다.,,,,,,세네갈,,,,,타스,,,러시아 및 TV BRICS 언론 협력 협정
65,Russian and TV BRICS Media Cooperation Agreements,,,,,N,TASS and Vietnamese state newspaper Nhân Dân agreed to expand cooperation in February 2026.,,,,,,Vietnam,Apr-26,,Feb-26,,,,,,,,VNM,,,Y,12.0246368,,,,,,,108.179645,,,99,,,,,,Nhân Dân,https ://en dot nhandan.vn/,,,,,,,TASS,,,,https ://tass dot ru/obschestvo/26554543,,,,,,,타스와 베트남 국영 신문 년전(Nhân Dân)은 2026년 2월 협력 확대에 합의했다.,,,,,,베트남,,,,,타스,,,러시아 및 TV BRICS 언론 협력 협정
65,Russian and TV BRICS Media Cooperation Agreements,,,,,N,TASS updated its cooperation agreement with Vietnam News Agency (VNA) in February 2026.,,,,,,Vietnam,Apr-26,,Feb-26,,,,,,,,VNM,,,Y,12.0246368,,,,,,,108.179645,,,100,,,,,,Vietnam News Agency,https ://vnanet dot vn/en/,,,,,,,TASS,,,,https ://tass dot ru/ekonomika/26541009,,,,,,,타스는 2026년 2월 베트남 통신사(VNA)와 협력 협정을 갱신했다.,,,,,,베트남,,,,,타스,,,러시아 및 TV BRICS 언론 협력 협정
65,Russian and TV BRICS Media Cooperation Agreements,,,,,N,TASS signed a cooperation memorandum with Zimbabwean state news agency New Ziana news agency (also known as Zimbabwe's Inter-Africa News Agency) on the sidelines of the second Russia-Africa media forum in July 2023.,,,,,,Zimbabwe,Apr-26,,Jul-23,,,,,,,,ZWE,,,Y,-17.7882479,,,,,,,30.2975423,,,101,,,,,,New Ziana,https ://newziana dot co.zw,,,,,,,TASS,,,,https://tass dot com/world/1653075,,,,,,,"타스는 2023년 7월 제2차 러시아-아프리카 미디어 포럼을 계기로 짐바브웨 국영 통신사 뉴 지아나(New Ziana, 짐바브웨 인터아프리카 통신사로도 알려짐)와 협력 양해각서를 체결했다.",,,,,,짐바브웨,,,,,타스,,,러시아 및 TV BRICS 언론 협력 협정
65,Russian and TV BRICS Media Cooperation Agreements,,,,,Y,TV BRICS partnered with Argentine online newspaper Ahora San Juan in June 2023 to create a Spanish-language BRICS news section in Ahora San Juan.,,,,,,Argentina,Apr-26,,Jun-23,,,,,,,,ARG,,,N,-31.3156125,,,,,,,-64.4436207,,,102,,,,,,Ahora San Juan,https ://www.ahorasanjuan dot com/tvbrics/,,,,,,,TV BRICS,,,,https ://tvbrics dot com/en/news/tv-brics-and-ahora-san-juan-launch-a-special-brics-news-section-in-spanish/,,,,,,,TV BRICS는 2023년 6월 아르헨티나 온라인 신문 아오라 산후안(Ahora San Juan)과 협력해 해당 매체에 스페인어 BRICS 뉴스 섹션을 신설했다.,,,,,,아르헨티나,,,,,TV BRICS,,,러시아 및 TV BRICS 언론 협력 협정
65,Russian and TV BRICS Media Cooperation Agreements,,,,,Y,TV BRICS lists Argentinian digital media outlet AsiaTV as a partner as of September 2026.,,,,,,Argentina,Apr-26,,,,,,,,,,ARG,,,N,-31.3156125,,,,,,,-64.4436207,,,103,,,,,,AsiaTV,https ://www.youtube dot com/channel/UCwQAOOwPbBKh1IMaOxohe_Q,,,,,,,TV BRICS,,,,https ://tvbrics dot com/en/partners/,,,,,,,TV BRICS는 2026년 9월 기준 아르헨티나 디지털 매체 아시아TV(AsiaTV)를 협력사로 명시하고 있다.,,,,,,아르헨티나,,,,,TV BRICS,,,러시아 및 TV BRICS 언론 협력 협정
65,Russian and TV BRICS Media Cooperation Agreements,,,,,Y,TV BRICS lists Argentinian online outlet BRICSLat as a partner as of September 2026.,,,,,,Argentina,Apr-26,,,,,,,,,,ARG,,,N,-31.3156125,,,,,,,-64.4436207,,,104,,,,,,BRICSLat,https ://bricslat dot com/,,,,,,,TV BRICS,,,,https ://tvbrics dot com/en/partners/,,,,,,,TV BRICS는 2026년 9월 기준 아르헨티나 온라인 매체 BRICSLat를 협력사로 명시하고 있다.,,,,,,아르헨티나,,,,,TV BRICS,,,러시아 및 TV BRICS 언론 협력 협정
65,Russian and TV BRICS Media Cooperation Agreements,,,,,Y,TV BRICS signed a cooperation agreement with Argeninian public diplomacy organization Center for Integration and Cooperation Between Russia and Latin America (CICRAL) in June 2026.,,,,,,Argentina,06/09/2026,,Jun-26,,,,,,,,ARG,,,N,-31.3156125,,,,,,,-64.4436207,,,105,,,,,,Center for Integration and Cooperation Between Russia and Latin America (CICRAL),https ://cicral dot com/,,,,,,,TV BRICS,,,,https ://tvbrics dot com/news/mediaset-tv-brics-budet-prodvigat-sotrudnichestvo-stran-briks-i-globalnogo-yuga-v-oblasti-publichnoy/,,,,,,,TV BRICS는 2026년 6월 아르헨티나 공공외교 단체 러시아·라틴아메리카 통합협력센터(CICRAL)와 협력 협정을 체결했다.,,,,,,아르헨티나,,,,,TV BRICS,,,러시아 및 TV BRICS 언론 협력 협정
65,Russian and TV BRICS Media Cooperation Agreements,,,,,Y,TV BRICS lists Argentinian news channel Extra! as a partner as of September 2026.,,,,,,Argentina,Apr-26,,,,,,,,,,ARG,,,N,-31.3156125,,,,,,,-64.4436207,,,106,,,,,,Extra!,https ://www.youtube dot com/@canalextratv,,,,,,,TV BRICS,,,,https ://tvbrics dot com/en/partners/,,,,,,,TV BRICS는 2026년 9월 기준 아르헨티나 뉴스 채널 엑스트라!(Extra!)를 협력사로 명시하고 있다.,,,,,,아르헨티나,,,,,TV BRICS,,,러시아 및 TV BRICS 언론 협력 협정
65,Russian and TV BRICS Media Cooperation Agreements,,,,,Y,Russian-registered media organization TV BRICS signed a cooperation agreement with Belarusian state news agency BelTA in October 2024.,,,,,,Belarus,Apr-26,,Oct-24,,,,,,,,BLR,,,N,53.58691,,,,,,,28.05592,,,107,,,,,,BelTA,https ://eng dot belta.by/,,,,,,,TV BRICS,,,,https ://tvbrics dot com/en/news/tv-brics-to-assist-in-building-positive-image-of-the-republic-of-belarus-abroad/ ; https ://eng dot belta.by/society/view/belta-becomes-partner-of-tv-brics-international-network-161851-2024/ ,,,,,,,러시아에 등록된 미디어 단체 TV BRICS는 2024년 10월 벨라루스 국영 통신사 벨타(BelTA)와 협력 협정을 체결했다.,,,,,,벨라루스,,,,,TV BRICS,,,러시아 및 TV BRICS 언론 협력 협정
65,Russian and TV BRICS Media Cooperation Agreements,,,,,Y,TV BRICS signed a cooperation agreement with Belarusian state television and radio broadcasting company Belteleradio in December 2025.,,,,,,Belarus,Apr-26,,Dec-25,,,,,,,,BLR,,,N,53.58691,,,,,,,28.05592,,,108,,,,,,Belteleradio,,,,,,,,TV BRICS,,,,https ://news dot by/news/obshchestvo/belteleradiokompaniya-i-mezhdunarodnaya-set-tv-brics-podpisali-soglashenie-o-sotrudnichestve ; https ://tvbrics dot com/en/news/brics-partner-countries-establish-mutual-media-communications-through-tv-brics/,,,,,,,TV BRICS는 2025년 12월 벨라루스 국영 텔레비전·라디오 방송사 벨텔레라디오(Belteleradio)와 협력 협정을 체결했다.,,,,,,벨라루스,,,,,TV BRICS,,,러시아 및 TV BRICS 언론 협력 협정
65,Russian and TV BRICS Media Cooperation Agreements,,,,,Y,TV BRICS signed a cooperation agreement with Bolivian state television station Bolivia TV in September 2025.,,,,,,Bolivia,Apr-26,,Sep-25,,,,,,,,BOL,,,N,-16.78265495,,,,,,,-64.66489329,,,109,,,,,,Bolivia TV,https ://www.boliviatv dot bo/principal/,,,,,,,TV BRICS,,,,https ://tvbrics dot com/en/news/bolivia-s-leading-state-television-channel-begins-cooperation-with-foreign-media-through-tv-brics/,,,,,,,TV BRICS는 2025년 9월 볼리비아 국영 방송사 볼리비아 TV(Bolivia TV)와 협력 협정을 체결했다.,,,,,,볼리비아,,,,,TV BRICS,,,러시아 및 TV BRICS 언론 협력 협정
65,Russian and TV BRICS Media Cooperation Agreements,,,,,Y,TV BRICS signed a cooperation agreement with Bolivian television channel Palenque TV in May 2026.,,,,,,Bolivia,05/22/2026,,May-26,,,,,,,,BOL,,,N,-16.78265495,,,,,,,-64.66489329,,,110,,,,,,Palenque TV,,,,,,,,TV BRICS,,,,https://tvbrics dot com/news/boliviya-budet-razvivat-s-tv-brics-sotsialnuyu-zhurnalistiku/ ; https://www.telesurtv dot net/bolivia-desarrollo-periodismo-social-tv-brics/ ,,,,,,,TV BRICS는 2026년 5월 볼리비아 텔레비전 채널 팔렌케 TV(Palenque TV)와 협력 협정을 체결했다.,,,,,,볼리비아,,,,,TV BRICS,,,러시아 및 TV BRICS 언론 협력 협정
65,Russian and TV BRICS Media Cooperation Agreements,,,,,Y,TV BRICS signed a cooperation agreement with Bolivian digital newspaper Visión 360 in March 2026.,,,,,,Bolivia,04/29/2026,,Mar-26,,,,,,,,BOL,,,N,-16.78265495,,,,,,,-64.66489329,,,111,,,,,,Visión 360,https ://www.vision360 dot bo/,,,,,,,TV BRICS,,,,https ://tvbrics dot com/en/news/bolivia-strengthens-its-information-presence-in-unified-brics-agenda/,,,,,,,TV BRICS는 2026년 3월 볼리비아 디지털 신문 비시온 360(Visión 360)과 협력 협정을 체결했다.,,,,,,볼리비아,,,,,TV BRICS,,,러시아 및 TV BRICS 언론 협력 협정
65,Russian and TV BRICS Media Cooperation Agreements,,,,,Y,TV BRICS lists Brazilian multimedia outlet Brasil de Fato as a partner as of September 2026.,,,,,,Brazil,Apr-26,,,,,,,,,,BRA,,,N,-11.17194571,,,,,,,-53.02741953,,,112,,,,,,Brasil de Fato (BdF),https ://www.brasildefato dot com dot br/english/,,,,,,,TV BRICS,,,,https ://tvbrics dot com/en/partners/,,,,,,,TV BRICS는 2026년 9월 기준 브라질 멀티미디어 매체 브라질 지 파투(Brasil de Fato)를 협력사로 명시하고 있다.,,,,,,브라질,,,,,TV BRICS,,,러시아 및 TV BRICS 언론 협력 협정
65,Russian and TV BRICS Media Cooperation Agreements,,,,,Y,TV BRICS lists Brazilian news website Brasil 247 as a partner as of September 2026.,,,,,,Brazil,Apr-26,,,,,,,,,,BRA,,,N,-11.17194571,,,,,,,-53.02741953,,,113,,,,,,Brazil 247,https ://www.brasil247 dot com/,,,,,,,TV BRICS,,,,https ://tvbrics dot com/en/partners/,,,,,,,TV BRICS는 2026년 9월 기준 브라질 뉴스 웹사이트 브라질 247(Brasil 247)을 협력사로 명시하고 있다.,,,,,,브라질,,,,,TV BRICS,,,러시아 및 TV BRICS 언론 협력 협정
65,Russian and TV BRICS Media Cooperation Agreements,,,,,Y,TV BRICS signed a memorandum of cooperation with Brazilian financial news and analysis agency CMA Group in November 2023.,,,,,,Brazil,Apr-26,,Nov-23,,,,,,,,BRA,,,N,-11.17194571,,,,,,,-53.02741953,,,114,,,,,,CMA Group,https ://www.cma dot com dot br/eng/home-eng/,,,,,,,TV BRICS,,,,https ://tvbrics dot com/en/news/tv-brics-and-cma-group-intensify-coverage-of-agricultural-co-operation-between-brics-countries/,,,,,,,TV BRICS는 2023년 11월 브라질 금융 뉴스·분석 기관 CMA 그룹과 협력 양해각서를 체결했다.,,,,,,브라질,,,,,TV BRICS,,,러시아 및 TV BRICS 언론 협력 협정
65,Russian and TV BRICS Media Cooperation Agreements,,,,,Y,TV BRICS lists Brazilian TV channel Com Brasil as a partner as of September 2026.,,,,,,Brazil,Apr-26,,,,,,,,,,BRA,,,N,-11.17194571,,,,,,,-53.02741953,,,115,,,,,,Com Brasil,https ://combrasiltv.com dot br/,,,,,,,TV BRICS,,,,https ://tvbrics dot com/en/partners/,,,,,,,TV BRICS는 2026년 9월 기준 브라질 TV 채널 콤 브라질(Com Brasil)을 협력사로 명시하고 있다.,,,,,,브라질,,,,,TV BRICS,,,러시아 및 TV BRICS 언론 협력 협정
65,Russian and TV BRICS Media Cooperation Agreements,,,,,Y,TV BRICS lists Brazilian media holding Grupo Bandeirantes de Comunicação as a partner as of September 2026.,,,,,,Brazil,Apr-26,,,,,,,,,,BRA,,,N,-11.17194571,,,,,,,-53.02741953,,,116,,,,,,Grupo Bandeirantes de Comunicação,https ://www.band dot co dot .br/,,,,,,,TV BRICS,,,,https ://tvbrics dot com/en/partners/,,,,,,,TV BRICS는 2026년 9월 기준 브라질 미디어 지주회사 그루푸 반데이란치스 지 코무니카상(Grupo Bandeirantes de Comunicação)을 협력사로 명시하고 있다.,,,,,,브라질,,,,,TV BRICS,,,러시아 및 TV BRICS 언론 협력 협정
65,Russian and TV BRICS Media Cooperation Agreements,,,,,Y,TV BRICS lists Brazilian news agency Metropoles as a partner as of September 2026.,,,,,,Brazil,Apr-26,,,,,,,,,,BRA,,,N,-11.17194571,,,,,,,-53.02741953,,,117,,,,,,Metropoles,https ://www.metropoles dot com/,,,,,,,TV BRICS,,,,https ://tvbrics dot com/en/partners/,,,,,,,TV BRICS는 2026년 9월 기준 브라질 통신사 메트로폴리스(Metropoles)를 협력사로 명시하고 있다.,,,,,,브라질,,,,,TV BRICS,,,러시아 및 TV BRICS 언론 협력 협정
65,Russian and TV BRICS Media Cooperation Agreements,,,,,Y,TV BRICS signed a cooperation agreement with Brazilian State University of Campinas (Unicamp) and its official television channel TV Unicamp in May 2026.,,,,,,Brazil,05/20/2026,,May-26,,,,,,,,BRA,,,N,-11.17194571,,,,,,,-53.02741953,,,118,,,,,,State University of Campinas (Unicamp); TV Unicamp,,,,,,,,TV BRICS,,,,https ://tvbrics dot com/news/braziliya-predstavit-mezhdunarodnomu-soobshchestvu-dostizheniya-svoikh-molodykh-uchenykh-cherez-tv-b/,,,,,,,TV BRICS는 2026년 5월 브라질 캄피나스주립대학교(Unicamp) 및 공식 TV 채널 TV Unicamp와 협력 협정을 체결했다.,,,,,,브라질,,,,,TV BRICS,,,러시아 및 TV BRICS 언론 협력 협정
65,Russian and TV BRICS Media Cooperation Agreements,,,,,Y,TV BRICS lists Brazilian newspaper Toda Palavra as a partner as of September 2026.,,,,,,Brazil,Apr-26,,,,,,,,,,BRA,,,N,-11.17194571,,,,,,,-53.02741953,,,119,,,,,,Toda Palavra,https ://www.todapalavra dot info/,,,,,,,TV BRICS,,,,https ://tvbrics dot com/en/partners/,,,,,,,TV BRICS는 2026년 9월 기준 브라질 신문 토다 팔라브라(Toda Palavra)를 협력사로 명시하고 있다.,,,,,,브라질,,,,,TV BRICS,,,러시아 및 TV BRICS 언론 협력 협정
65,Russian and TV BRICS Media Cooperation Agreements,,,,,Y,TV BRICS lists Brazilian TV network TV Cultura as a partner as of September 2026.,,,,,,Brazil,Apr-26,,,,,,,,,,BRA,,,N,-11.17194571,,,,,,,-53.02741953,,,120,,,,,,TV Cultura,https ://cultura.uol dot com dot br/,,,,,,,TV BRICS,,,,https ://tvbrics dot com/en/partners/,,,,,,,TV BRICS는 2026년 9월 기준 브라질 TV 네트워크 TV 쿠투라(TV Cultura)를 협력사로 명시하고 있다.,,,,,,브라질,,,,,TV BRICS,,,러시아 및 TV BRICS 언론 협력 협정
65,Russian and TV BRICS Media Cooperation Agreements,,,,,Y,TV BRICS lists Brazilian TV channel TVC RIO as a partner as of September 2026.,,,,,,Brazil,Apr-26,,,,,,,,,,BRA,,,N,-11.17194571,,,,,,,-53.02741953,,,121,,,,,,TVC RIO,https ://www.tvcomunitaria dot rio/,,,,,,,TV BRICS,,,,https ://tvbrics dot com/en/partners/,,,,,,,TV BRICS는 2026년 9월 기준 브라질 TV 채널 TVC RIO를 협력사로 명시하고 있다.,,,,,,브라질,,,,,TV BRICS,,,러시아 및 TV BRICS 언론 협력 협정
65,Russian and TV BRICS Media Cooperation Agreements,,,,,Y,TV BRICS lists Brazilian TV station Univesp TV as a partner as of September 2026.,,,,,,Brazil,Apr-26,,,,,,,,,,BRA,,,N,-11.17194571,,,,,,,-53.02741953,,,122,,,,,,Univesp TV,https ://univesptv dot com dot br/,,,,,,,TV BRICS,,,,https ://tvbrics dot com/en/partners/,,,,,,,TV BRICS는 2026년 9월 기준 브라질 TV 방송국 유니베스프 TV(Univesp TV)를 협력사로 명시하고 있다.,,,,,,브라질,,,,,TV BRICS,,,러시아 및 TV BRICS 언론 협력 협정
65,Russian and TV BRICS Media Cooperation Agreements,,,,,Y,TV BRICS signed a cooperation agreement with Chilean news website Cronica Digital in March 2024.,,,,,,Chile,Apr-26,,Mar-24,,,,,,,,CHL,,,N,-38.6518937,,,,,,,-72.3081575,,,123,,,,,,Cronica Digital,https ://cronicadigital dot cl/,,,,,,,TV BRICS,,,,https ://tvbrics dot com/en/news/tv-brics-expands-audience-geography-through-partnership-with-chile-s-cr-nica-digital/ ; https://cronicadigital dot cl/cronica-digital-y-tv-brics-firman-acuerdo-de-cooperacion-para-expandir-la-geografia-de-su-audiencia/,,,,,,,TV BRICS는 2024년 3월 칠레 뉴스 웹사이트 크로니카 디지털(Cronica Digital)과 협력 협정을 체결했다.,,,,,,칠레,,,,,TV BRICS,,,러시아 및 TV BRICS 언론 협력 협정
65,Russian and TV BRICS Media Cooperation Agreements,,,,,Y,TV BRICS signed a cooperation agreement with Chilean news outlet El Ciudadano in March 2024.,,,,,,Chile,Apr-26,,Mar-24,,,,,,,,CHL,,,N,-38.6518937,,,,,,,-72.3081575,,,124,,,,,,El Ciudadano,https ://www.elciudadano dot com/,,,,,,,TV BRICS,,,,https ://tvbrics dot com/en/news/chilean-portal-el-ciudadano-joins-tv-brics-international-media-network/,,,,,,,TV BRICS는 2024년 3월 칠레 뉴스 매체 엘 시우다다노(El Ciudadano)와 협력 협정을 체결했다.,,,,,,칠레,,,,,TV BRICS,,,러시아 및 TV BRICS 언론 협력 협정
65,Russian and TV BRICS Media Cooperation Agreements,,,,,Y,TV BRICS signed a cooperation agreement with Chilean online news portal El Maipo in August 2025.,,,,,,Chile,Apr-26,,Aug-25,,,,,,,,CHL,,,N,-38.6518937,,,,,,,-72.3081575,,,125,,,,,,El Maipo,https ://elmaipo dot cl/,,,,,,,TV BRICS,,,,https ://tvbrics dot com/en/news/brics-countries-to-receive-more-unique-news-about-latin-america/ ,,,,,,,TV BRICS는 2025년 8월 칠레 온라인 뉴스 포털 엘 마이포(El Maipo)와 협력 협정을 체결했다.,,,,,,칠레,,,,,TV BRICS,,,러시아 및 TV BRICS 언론 협력 협정
65,Russian and TV BRICS Media Cooperation Agreements,,,,,Y,TV BRICS lists Chinese state newspaper China Daily as a partner as of September 2026.,,,,,,China,Apr-26,,,,,,,,,,CHN,,,N,29.8673196,,,,,,,107.4461767,,,126,,,,,,China Daily,https ://www.chinadaily dot com.cn/,,,,,,,TV BRICS,,,,https ://tvbrics dot com/en/partners/,,,,,,,TV BRICS는 2026년 9월 기준 중국 국영 신문 차이나 데일리(China Daily)를 협력사로 명시하고 있다.,,,,,,중국,,,,,TV BRICS,,,러시아 및 TV BRICS 언론 협력 협정
65,Russian and TV BRICS Media Cooperation Agreements,,,,,Y,TV BRICS lists China Global Television Network (CGTN) as a partner as of September 2026.,,,,,,China,Apr-26,,,,,,,,,,CHN,,,N,29.8673196,,,,,,,107.4461767,,,127,,,,,,China Global Television Network (CGTN),https ://www.cgtn dot com/,,,,,,,TV BRICS,,,,https ://tvbrics dot com/en/partners/,,,,,,,TV BRICS는 2026년 9월 기준 중국 글로벌 텔레비전 네트워크(CGTN)를 협력사로 명시하고 있다.,,,,,,중국,,,,,TV BRICS,,,러시아 및 TV BRICS 언론 협력 협정
65,Russian and TV BRICS Media Cooperation Agreements,,,,,Y,TV BRICS lists Chinese state radio company China Radio International as a partner as of September 2026.,,,,,,China,Apr-26,,,,,,,,,,CHN,,,N,29.8673196,,,,,,,107.4461767,,,128,,,,,,China Radio International,http ://english dot cri.cn/,,,,,,,TV BRICS,,,,https ://tvbrics dot com/en/partners/,,,,,,,TV BRICS는 2026년 9월 기준 중국 국영 라디오 방송사 중국국제방송(China Radio International)을 협력사로 명시하고 있다.,,,,,,중국,,,,,TV BRICS,,,러시아 및 TV BRICS 언론 협력 협정
65,Russian and TV BRICS Media Cooperation Agreements,,,,,Y,TV BRICS lists Chinese multimedia platform China.com as a partner as of September 2026.,,,,,,China,Apr-26,,,,,,,,,,CHN,,,N,29.8673196,,,,,,,107.4461767,,,129,,,,,,China.com,https ://www.china dot com/,,,,,,,TV BRICS,,,,https ://tvbrics dot com/en/partners/,,,,,,,TV BRICS는 2026년 9월 기준 중국 멀티미디어 플랫폼 차이나닷컴(China.com)을 협력사로 명시하고 있다.,,,,,,중국,,,,,TV BRICS,,,러시아 및 TV BRICS 언론 협력 협정
65,Russian and TV BRICS Media Cooperation Agreements,,,,,Y,TV BRICS signed a cooperation agreement with Chinese media network Dongbeiwang in February 2023. Dongbeiwang signed a memorandum of cooperation with Sputnik in August 2019.,,,,,,China,Apr-26,,Feb-23,,,,,,,,CHN,,,N,29.8673196,,,,,,,107.4461767,,,130,,,,,,Dongbeiwang,https ://english dot dbw dot cn/,,,,,,,TV BRICS,,,,https ://tvbrics dot com/en/news/tv-brics-begins-cooperation-with-one-of-china-s-largest-portals/?sphrase_id=40491  ; https://heilongjiang.dbw dot cn/system/2019/08/14/058246377.shtml,,,,,,,TV BRICS는 2023년 2월 중국 미디어 네트워크 둥베이왕(Dongbeiwang)과 협력 협정을 체결했다. 둥베이왕은 2019년 8월 스푸트니크와 협력 양해각서를 체결했다.,,,,,,중국,,,,,TV BRICS,,,러시아 및 TV BRICS 언론 협력 협정
65,Russian and TV BRICS Media Cooperation Agreements,,,,,Y,TV BRICS signed a cooperation agreement with Chinese state newspaper Global Times in January 2025.,,,,,,China,Apr-26,,Jan-25,,,,,,,,CHN,,,N,29.8673196,,,,,,,107.4461767,,,131,,,,,,Global Times,https ://www.globaltimes dot cn/,,,,,,,TV BRICS,,,,https ://tvbrics dot com/en/news/china-develops-media-communications-with-brics-countries-through-tv-brics-international-media-networ/,,,,,,,TV BRICS는 2025년 1월 중국 국영 신문 환구시보(Global Times)와 협력 협정을 체결했다.,,,,,,중국,,,,,TV BRICS,,,러시아 및 TV BRICS 언론 협력 협정
65,Russian and TV BRICS Media Cooperation Agreements,,,,,Y,TV BRICS signed a cooperation agreement with Chinese online newspaper Guancha Media Company in March 2025.,,,,,,China,Apr-26,,Mar-25,,,,,,,,CHN,,,N,29.8673196,,,,,,,107.4461767,,,132,,,,,,Guancha Media Company,https ://m dot guancha.cn/,,,,,,,TV BRICS,,,,https ://tvbrics dot com/en/news/china-and-tv-brics-to-strengthen-international-promotion-of-global-south-agenda/ ,,,,,,,TV BRICS는 2025년 3월 중국 온라인 신문 관차 미디어 컴퍼니(Guancha Media Company)와 협력 협정을 체결했다.,,,,,,중국,,,,,TV BRICS,,,러시아 및 TV BRICS 언론 협력 협정
65,Russian and TV BRICS Media Cooperation Agreements,,,,,Y,TV BRICS lists the press center of the Jilin Provincial People's Government as a partner as of September 2026.,,,,,,China,Apr-26,,,,,,,,,,CHN,,,N,29.8673196,,,,,,,107.4461767,,,133,,,,,,Jilin Province Intermedia Media,,,,,,,,TV BRICS,,,,https ://tvbrics dot com/en/partners/,,,,,,,TV BRICS는 2026년 9월 기준 지린省 인민정부 언론센터를 협력사로 명시하고 있다.,,,,,,중국,,,,,TV BRICS,,,러시아 및 TV BRICS 언론 협력 협정
65,Russian and TV BRICS Media Cooperation Agreements,,,,,Y,TV BRICS lists People's Daily as a partner as of September 2026.,,,,,,China,Apr-26,,,,,,,,,,CHN,,,N,29.8673196,,,,,,,107.4461767,,,134,,,,,,People’s Daily,https ://en.people dot cn/,,,,,,,TV BRICS,,,,https ://tvbrics dot com/en/partners/,,,,,,,TV BRICS는 2026년 9월 기준 인민일보(People's Daily)를 협력사로 명시하고 있다.,,,,,,중국,,,,,TV BRICS,,,러시아 및 TV BRICS 언론 협력 협정
65,Russian and TV BRICS Media Cooperation Agreements,,,,,Y,TV BRICS signed a cooperation agreement with regional southwestern Colombian television channel Canal ZONA D in September 2024.,,,,,,Colombia,Apr-26,,Sep-24,,,,,,,,COL,,,N,3.92213206,,,,,,,-73.0754834,,,135,,,,,,Canal ZONA D,https ://www.facebook dot com/canalzonad/?locale=es_LA,,,,,,,TV BRICS,,,,https ://tvbrics dot com/en/news/tv-brics-starts-co-operation-with-colombia-/?sphrase_id=40491  ,,,,,,,TV BRICS는 2024년 9월 콜롬비아 남서부 지역 방송 채널 카날 조나 D(Canal ZONA D)와 협력 협정을 체결했다.,,,,,,콜롬비아,,,,,TV BRICS,,,러시아 및 TV BRICS 언론 협력 협정
65,Russian and TV BRICS Media Cooperation Agreements,,,,,Y,TV BRICS signed a cooperation memorandum with Cuban state news agency Prensa Latina in December 2022.,,,,,,Cuba,Apr-26,,Dec-22,,,,,,,,CUB,,,N,-20.3071682,,,,,,,-75.7063085,,,136,,,,,,Prensa Latina,https ://www.prensa-latina dot cu/,,,,,,,TV BRICS,,,,https ://www.plenglish dot com/news/2022/12/16/prensa-latina-signs-collaboration-memorandum-with-tv-brics/ ; https://tvbrics dot com/en/news/tv-brics-and-prensa-latina-sign-cooperation-agreement/,,,,,,,TV BRICS는 2022년 12월 쿠바 국영 통신사 프렌사 라티나(Prensa Latina)와 협력 양해각서를 체결했다.,,,,,,쿠바,,,,,TV BRICS,,,러시아 및 TV BRICS 언론 협력 협정
65,Russian and TV BRICS Media Cooperation Agreements,,,,,Y,TV BRICS signed a cooperation agreement with the University of Havana in Cuba in April 2026.,,,,,,Cuba,05/06/2026,,Apr-26,,,,,,,,CUB,,,N,-20.3071682,,,,,,,-75.7063085,,,137,,,,,,University of Havana,,,,,,,,TV BRICS,,,,https ://tvbrics dot com/news/stareyshiy-universitet-kuby-budet-razvivat-sotrudnichestvo-s-partnerami-po-briks-cherez-mediaset-tv-/ ; https://www.acn dot cu/cuba/universidad-de-la-habana-acuerda-colaboracion-con-tv-brics,,,,,,,TV BRICS는 2026년 4월 쿠바 아바나대학교와 협력 협정을 체결했다.,,,,,,쿠바,,,,,TV BRICS,,,러시아 및 TV BRICS 언론 협력 협정
65,Russian and TV BRICS Media Cooperation Agreements,,,,,Y,TV BRICS signed a cooperation agreement with English-language Egyptian newspaper Daily News Egypt in October 2023.,,,,,,Egypt,Apr-26,,Oct-23,,,,,,,,EGY,,,N,23.545076,,,,,,,26.9209653,,,138,,,,,,Daily News Egypt,https ://www.dailynewsegypt dot com/,,,,,,,TV BRICS,,,,https ://www dot dailynewsegypt dot com/2023/10/13/daily-news-egypt-joins-tv-brics-international-media-network/,,,,,,,TV BRICS는 2023년 10월 이집트 영자신문 데일리 뉴스 이집트(Daily News Egypt)와 협력 협정을 체결했다.,,,,,,이집트,,,,,TV BRICS,,,러시아 및 TV BRICS 언론 협력 협정
65,Russian and TV BRICS Media Cooperation Agreements,,,,,Y,TV BRICS signed a cooperation agreement with Egyptian state news agency Middle East News Agency (MENA) in October 2024.,,,,,,Egypt,Apr-26,,Oct-24,,,,,,,,EGY,,,N,23.545076,,,,,,,26.9209653,,,139,,,,,,Middle East News Agency (MENA),https ://mena dot org dot eg/en/mena-news,,,,,,,TV BRICS,,,,https ://tvbrics dot com/en/news/tv-brics-international-media-network-expands-partnership-in-the-middle-east/ ; https://www.rosaelyoussef dot com/1237138,,,,,,,TV BRICS는 2024년 10월 이집트 국영 통신사 중동통신사(MENA)와 협력 협정을 체결했다.,,,,,,이집트,,,,,TV BRICS,,,러시아 및 TV BRICS 언론 협력 협정
65,Russian and TV BRICS Media Cooperation Agreements,,,,,Y,TV BRICS signed a cooperation agreement with Egyptian news website Sada El Balad in January 2025.,,,,,,Egypt,Apr-26,,Jan-25,,,,,,,,EGY,,,N,23.545076,,,,,,,26.9209653,,,140,,,,,,Sada El Balad,https ://www.elbalad dot news/,,,,,,,TV BRICS,,,,https ://tvbrics dot com/en/news/tv-brics-strengthens-its-media-presence-in-the-arab-world/,,,,,,,TV BRICS는 2025년 1월 이집트 뉴스 웹사이트 사다 엘 발라드(Sada El Balad)와 협력 협정을 체결했다.,,,,,,이집트,,,,,TV BRICS,,,러시아 및 TV BRICS 언론 협력 협정
65,Russian and TV BRICS Media Cooperation Agreements,,,,,Y,TV BRICS signed a collaboration agreement with the University of Gondar in Ethiopia in May 2026.,,,,,,Ethiopia,05/20/2026,,May-26,,,,,,,,ETH,,,N,7.561997,,,,,,,39.788373,,,141,,,,,,University of Gondar,,,,,,,,TV BRICS,,,,https ://tvbrics dot com/news/efiopiya-nachinaet-rabotat-s-tv-brics-v-tselyakh-mezhdunarodnoy-populyarizatsii-i-razvitiya-kachestv/ ; https://t.me/rusafroclub/11882  ,,,,,,,TV BRICS는 2026년 5월 에티오피아 곤다르대학교와 협력 협정을 체결했다.,,,,,,에티오피아,,,,,TV BRICS,,,러시아 및 TV BRICS 언론 협력 협정
65,Russian and TV BRICS Media Cooperation Agreements,,,,,Y,TV BRICS signed a cooperation agreement with Ghanaian state news agency Ghana News Agency (GNA) in July 2026.,,,,,,Ghana,07/03/2026,,Jul-26,,,,,,,,GHA,,,N,9.9888201,,,,,,,-1.3137647,,,142,,,,,,Ghana News Agency (GNA),,,,,,,,TV BRICS,,,,https ://tvbrics dot com/news/gana-vklyuchaetsya-v-mezhdunarodnyy-informatsionnyy-obmen-cherez-tv-brics/ ,,,,,,,TV BRICS는 2026년 7월 가나 국영 통신사 가나 통신사(GNA)와 협력 협정을 체결했다.,,,,,,가나,,,,,TV BRICS,,,러시아 및 TV BRICS 언론 협력 협정
65,Russian and TV BRICS Media Cooperation Agreements,,,,,Y,TV BRICS lists Indian news agency Asian News International as a partner as of September 2026.,,,,,,India,Apr-26,,,,,,,,,,IND,,,N,14.9794551,,,,,,,76.1118823,,,143,,,,,,Asian News International,https ://aninews dot in/,,,,,,,TV BRICS,,,,https ://tvbrics dot com/en/partners/ ,,,,,,,TV BRICS는 2026년 9월 기준 인도 통신사 아시안 뉴스 인터내셔널(Asian News International)을 협력사로 명시하고 있다.,,,,,,인도,,,,,TV BRICS,,,러시아 및 TV BRICS 언론 협력 협정
65,Russian and TV BRICS Media Cooperation Agreements,,,,,Y,TV BRICS lists Indian news agency Indo-Asian News Service as a partner as of September 2026.,,,,,,India,Apr-26,,,,,,,,,,IND,,,N,14.9794551,,,,,,,76.1118823,,,144,,,,,,Indo-Asian News Service,https ://www.ians dot in/login,,,,,,,TV BRICS,,,,https ://tvbrics dot com/en/partners/ ,,,,,,,TV BRICS는 2026년 9월 기준 인도 통신사 인도-아시아 뉴스 서비스(Indo-Asian News Service)를 협력사로 명시하고 있다.,,,,,,인도,,,,,TV BRICS,,,러시아 및 TV BRICS 언론 협력 협정
65,Russian and TV BRICS Media Cooperation Agreements,,,,,Y,TV BRICS lists Indian newspaper Janhit Times as a partner as of September 2026.,,,,,,India,Apr-26,,,,,,,,,,IND,,,N,14.9794551,,,,,,,76.1118823,,,145,,,,,,Janhit Times,https: //janhittimes24x7 dot live/,,,,,,,TV BRICS,,,,https ://tvbrics dot com/en/partners/ ,,,,,,,TV BRICS는 2026년 9월 기준 인도 신문 잔히트 타임스(Janhit Times)를 협력사로 명시하고 있다.,,,,,,인도,,,,,TV BRICS,,,러시아 및 TV BRICS 언론 협력 협정
65,Russian and TV BRICS Media Cooperation Agreements,,,,,Y,TV BRICS lists Indian TV broadcaster Malai Murasu TV as a partner as of September 2026.,,,,,,India,Apr-26,,,,,,,,,,IND,,,N,14.9794551,,,,,,,76.1118823,,,146,,,,,,Malai Murasu TV,https ://www.malaimurasu dot com/live-tv,,,,,,,TV BRICS,,,,https ://tvbrics dot com/en/partners/ ,,,,,,,TV BRICS는 2026년 9월 기준 인도 방송사 말라이 무라수 TV(Malai Murasu TV)를 협력사로 명시하고 있다.,,,,,,인도,,,,,TV BRICS,,,러시아 및 TV BRICS 언론 협력 협정
65,Russian and TV BRICS Media Cooperation Agreements,,,,,Y,"TV BRICS signed a memorandum of understanding with Prasar Bharati during Putin’s state visit to India on December 4 and 5, 2025.",,,,,,India,Apr-26,,Dec-25,,,,,,,,IND,,,N,14.9794551,,,,,,,76.1118823,,,147,,,,,,Prasar Bharati,https ://prasarbharati dot gov.in/,,,,,,,TV BRICS,,,,http ://en.kremlin dot ru/supplement/6425,,,,,,,TV BRICS는 2025년 12월 4~5일 푸틴 대통령의 인도 국빈 방문 기간 프라사르 바라티(Prasar Bharati)와 양해각서를 체결했다.,,,,,,인도,,,,,TV BRICS,,,러시아 및 TV BRICS 언론 협력 협정
65,Russian and TV BRICS Media Cooperation Agreements,,,,,Y,TV BRICS lists Indian newspaper Trinity Mirror as a partner as of September 2026.,,,,,,India,Apr-26,,,,,,,,,,IND,,,N,14.9794551,,,,,,,76.1118823,,,148,,,,,,Trinity Mirror,https ://www.trinitymirror dot net/news/,,,,,,,TV BRICS,,,,https ://tvbrics dot com/en/partners/ ,,,,,,,TV BRICS는 2026년 9월 기준 인도 신문 트리니티 미러(Trinity Mirror)를 협력사로 명시하고 있다.,,,,,,인도,,,,,TV BRICS,,,러시아 및 TV BRICS 언론 협력 협정
65,Russian and TV BRICS Media Cooperation Agreements,,,,,Y,TV BRICS signed a cooperation agreement with Indian television network TV9 in June 2024.,,,,,,India,Apr-26,,Jun-24,,,,,,,,IND,,,N,14.9794551,,,,,,,76.1118823,,,149,,,,,,TV9,https ://www.tv9 dot com/,,,,,,,TV BRICS,,,,https ://tvbrics dot com/en/news/india-s-largest-television-network-tv9-and-tv-brics-to-jointly-promote-united-brics-agenda-/ ; https://tvbrics dot com/en/news/tv-brics-international-media-network-strengthens-its-support-for-humanitarian-cooperation-among-bric/,,,,,,,TV BRICS는 2024년 6월 인도 텔레비전 네트워크 TV9와 협력 협정을 체결했다.,,,,,,인도,,,,,TV BRICS,,,러시아 및 TV BRICS 언론 협력 협정
65,Russian and TV BRICS Media Cooperation Agreements,,,,,Y,TV BRICS signed a partnership agreement with Indonesian public broadcaster Televisi Republik Indonesia (TVRI) in October 2025.,,,,,,Indonesia,Apr-26,,Oct-25,,,,,,,,IDN,,,N,-3.0917777,,,,,,,103.2508211,,,150,,,,,,Televisi Republik Indonesia (TVRI),https ://tvri.go dot id/,,,,,,,TV BRICS,,,,https ://tvbrics dot com/en/news/tv-brics-launches-media-cooperation-with-republic-of-indonesia/ ,,,,,,,TV BRICS는 2025년 10월 인도네시아 공영 방송사 인도네시아 공화국 텔레비전(TVRI)과 파트너십 협정을 체결했다.,,,,,,인도네시아,,,,,TV BRICS,,,러시아 및 TV BRICS 언론 협력 협정
65,Russian and TV BRICS Media Cooperation Agreements,,,,,Y,TV BRICS signed a cooperation agreement with Iranian state news agency Islamic Republic News Agency (IRNA) in February 2024.,,,,,,Iran,Apr-26,,Feb-24,,,,,,,,IRN,,,N,29.7286313,,,,,,,56.6075704,,,151,,,,,,Islamic Republic News Agency,https ://en dot irna.ir/,,,,,,,TV BRICS,,,,https ://tvbrics dot com/en/news/co-operation-between-tv-brics-and-iran-s-oldest-news-agency-to-help-integrate-the-agenda-of-the-isla/,,,,,,,TV BRICS는 2024년 2월 이란 국영 통신사 이슬람공화국통신(IRNA)과 협력 협정을 체결했다.,,,,,,이란,,,,,TV BRICS,,,러시아 및 TV BRICS 언론 협력 협정
65,Russian and TV BRICS Media Cooperation Agreements,,,,,Y,TV BRICS signed an annex to the Mir-IRIB agreement in August 2025.,,,,,,Iran,Apr-26,,Aug-25,,,,,,,,IRN,,,N,29.7286313,,,,,,,56.6075704,,,152,,,,,,Islamic Republic of Iran Broadcasting,http ://www.irib dot ir/,,,,,,,TV BRICS,,,,https ://www.presstv dot ir/Detail/2025/08/27/753885/IRIB-signs-cooperation-agreements-Russian-media- ; https://iranpress dot com/content/309347/iran-and-russia-sign-media-cooperation-agreements ,,,,,,,TV BRICS는 2025년 8월 미르(Mir)-이란이슬람공화국방송(IRIB) 협정의 부속 합의서에 서명했다.,,,,,,이란,,,,,TV BRICS,,,러시아 및 TV BRICS 언론 협력 협정
65,Russian and TV BRICS Media Cooperation Agreements,,,,,Y,TV BRICS signed a cooperation agreement with Iranian state media group Mehr Media Group in February 2024.,,,,,,Iran,Apr-26,,Feb-24,,,,,,,,IRN,,,N,29.7286313,,,,,,,56.6075704,,,153,,,,,,Mehr Media Group,https ://en dot mehrnews.com/,,,,,,,TV BRICS,,,,https ://tvbrics dot com/en/news/so-operation-agreement-between-tv-brics-and-iran-s-largest-media-company-mehr-media-group-will-expan/,,,,,,,TV BRICS는 2024년 2월 이란 국영 미디어 그룹 메흐르 미디어 그룹(Mehr Media Group)과 협력 협정을 체결했다.,,,,,,이란,,,,,TV BRICS,,,러시아 및 TV BRICS 언론 협력 협정
65,Russian and TV BRICS Media Cooperation Agreements,,,,,Y,TV BRICS signed a media partnership with Iranian state news agency Nour News in November 2025.,,,,,,Iran,Apr-26,,Nov-25,,,,,,,,IRN,,,N,29.7286313,,,,,,,56.6075704,,,154,,,,,,Nour News,https ://nournews dot ir/en,,,,,,,TV BRICS,,,,https ://tvbrics dot com/en/news/iran-expands-information-exchange-with-foreign-countries-through-tv-brics/,,,,,,,TV BRICS는 2025년 11월 이란 국영 통신사 누르 뉴스(Nour News)와 미디어 파트너십을 체결했다.,,,,,,이란,,,,,TV BRICS,,,러시아 및 TV BRICS 언론 협력 협정
65,Russian and TV BRICS Media Cooperation Agreements,,,,,Y,TV BRICS signed a cooperation agreement with Iranian online news agency Tabnak in July 2025.,,,,,,Iran,Apr-26,,Jul-25,,,,,,,,IRN,,,N,29.7286313,,,,,,,56.6075704,,,155,,,,,,Tabnak,https ://www.tabnak dot ir/,,,,,,,TV BRICS,,,,https ://tvbrics dot com/en/news/brics-member-states-strengthen-their-agenda-in-international-media-space/,,,,,,,TV BRICS는 2025년 7월 이란 온라인 통신사 타브나크(Tabnak)와 협력 협정을 체결했다.,,,,,,이란,,,,,TV BRICS,,,러시아 및 TV BRICS 언론 협력 협정
65,Russian and TV BRICS Media Cooperation Agreements,,,,,Y,TV BRICS signed a cooperation agreement on international media projects with the University of Tehran in Iran in December 2024.,,,,,,Iran,Apr-26,,Dec-24,,,,,,,,IRN,,,N,29.7286313,,,,,,,56.6075704,,,156,,,,,,University of Tehran,https ://ut dot ac.ir/,,,,,,,TV BRICS,,,,https ://tvbrics dot com/en/news/iran-s-largest-university-to-be-assisted-by-tv-brics-in-realising-international-projects/,,,,,,,TV BRICS는 2024년 12월 이란 테헤란대학교와 국제 미디어 프로젝트에 관한 협력 협정을 체결했다.,,,,,,이란,,,,,TV BRICS,,,러시아 및 TV BRICS 언론 협력 협정
65,Russian and TV BRICS Media Cooperation Agreements,,,,,Y,TV BRICS lists Kazakh national news agency Kazinform as a partner as of September 2026.,,,,,,Kazakhstan,Apr-26,,,,,,,,,,KAZ,,,N,48.30229736,,,,,,,66.73021694,,,157,,,,,,Kazinform,https ://qazinform dot com/,,,,,,,TV BRICS,,,,https ://tvbrics dot com/en/partners/ ,,,,,,,TV BRICS는 2026년 9월 기준 카자흐스탄 국영 통신사 카진포름(Kazinform)을 협력사로 명시하고 있다.,,,,,,카자흐스탄,,,,,TV BRICS,,,러시아 및 TV BRICS 언론 협력 협정
65,Russian and TV BRICS Media Cooperation Agreements,,,,,Y,TV BRICS signed a cooperation agreement with Kenyan media holding group Mediamax Network in November 2023.,,,,,,Kenya,Apr-26,,Nov-23,,,,,,,,KEN,,,N,-2.2423882,,,,,,,38.9737371,,,158,,,,,,Mediamax Network,https ://mediamaxnetwork dot co dot ke/,,,,,,,TV BRICS,,,,https ://tvbrics dot com/en/news/tv-brics-and-mediamax-network-to-promote-brics-agenda-in-kenya/,,,,,,,TV BRICS는 2023년 11월 케냐 미디어 지주회사 메디아맥스 네트워크(Mediamax Network)와 협력 협정을 체결했다.,,,,,,케냐,,,,,TV BRICS,,,러시아 및 TV BRICS 언론 협력 협정
65,Russian and TV BRICS Media Cooperation Agreements,,,,,Y,TV BRICS signed a cooperation agreement with Kyrgyz financial analytical portal Akchabar in November 2025.,,,,,,Kyrgyzstan,Apr-26,,Nov-25,,,,,,,,KGZ,,,N,41.48607104,,,,,,,74.57164583,,,159,,,,,,Akchabar,https ://www.akchabar dot kg/en,,,,,,,TV BRICS,,,,https ://tvbrics dot com/en/news/brics-media-space-to-be-complemented-by-financial-analytics-from-eaeu-countries/ ; https://www.akchabar dot kg/en/news/akchabar-vikhodit-na-mezhdunarodnij-uroven-analitika-kirgizstana-poyavitsya-v-mediaprostranstve-briks-zrbfuuirhrkljkhk,,,,,,,TV BRICS는 2025년 11월 키르기스스탄 금융 분석 포털 악차바르(Akchabar)와 협력 협정을 체결했다.,,,,,,키르기스스탄,,,,,TV BRICS,,,러시아 및 TV BRICS 언론 협력 협정
65,Russian and TV BRICS Media Cooperation Agreements,,,,,Y,TV BRICS signed a cooperation agreement with the National Television and Radio Broadcasting Corporation of Kyrgyzstan (NTRK) in December 2025.,,,,,,Kyrgyzstan,Apr-26,,Dec-25,,,,,,,,KGZ,,,N,41.48607104,,,,,,,74.57164583,,,160,,,,,,National Television and Radio Broadcasting Corporation of Kyrgyzstan,https ://utrk dot kg/,,,,,,,TV BRICS,,,,https ://tvbrics dot com/en/news/leader-of-kyrgyzstan-s-television-and-radio-broadcasting-joins-tv-brics-media-partner-network/,,,,,,,TV BRICS는 2025년 12월 키르기스스탄 국영 텔레비전·라디오 방송공사(NTRK)와 협력 협정을 체결했다.,,,,,,키르기스스탄,,,,,TV BRICS,,,러시아 및 TV BRICS 언론 협력 협정
65,Russian and TV BRICS Media Cooperation Agreements,,,,,Y,TV BRICS signed a cooperation agreement with Malaysian broadcaster Astro AWANI in April 2026.,,,,,,Malaysia,04/28/2026,,Apr-26,,,,,,,,MYS,,,N,4.0118982,,,,,,,102.123279,,,161,,,,,,Astro AWANI,https ://www.astroawani dot com/home,,,,,,,TV BRICS,,,,https ://tvbrics dot com/en/news/integration-potential-of-brics-and-asean-to-be-presented-by-tv-brics/ ; https://international dot astroawani.com/global-news/integration-potential-brics-and-asean-be-presented-tv-brics ,,,,,,,TV BRICS는 2026년 4월 말레이시아 방송사 아스트로 아와니(Astro AWANI)와 협력 협정을 체결했다.,,,,,,말레이시아,,,,,TV BRICS,,,러시아 및 TV BRICS 언론 협력 협정
65,Russian and TV BRICS Media Cooperation Agreements,,,,,Y,TV BRICS signed a memorandum of understanding with Malaysian national news agency Bernama in June 2025.,,,,,,Malaysia,Apr-26,,Jun-25,,,,,,,,MYS,,,N,4.0118982,,,,,,,102.123279,,,162,,,,,,Bernama,https ://www.bernama dot com/en/,,,,,,,TV BRICS,,,,https ://www.bernama dot com/en/news.php?id=2436045 ; https://tvbrics dot com/en/news/malaysia-s-national-news-agency-joins-international-media-cooperation-through-tv-brics/,,,,,,,TV BRICS는 2025년 6월 말레이시아 국영 통신사 베르나마(Bernama)와 양해각서를 체결했다.,,,,,,말레이시아,,,,,TV BRICS,,,러시아 및 TV BRICS 언론 협력 협정
65,Russian and TV BRICS Media Cooperation Agreements,,,,,Y,TV BRICS signed a cooperation agreement with Mexican television network Canal 6 TV in February 2025.,,,,,,Mexico,Apr-26,,Feb-25,,,,,,,,MEX,,,N,17.6333253,,,,,,,-95.9822234,,,163,,,,,,Canal 6 TV,https ://www.canal6tv dot com/,,,,,,,TV BRICS,,,,https ://tvbrics dot com/en/video/tv-brics-begins-cooperation-with-mexico/ ; https://www.facebook dot com/canalseistv/videos/canal-6-valle-de-m%C3%A9xico-es-el-primer-medio-mexicano-en-firmar-alianza-con-tv-bri/24227417240225691/?locale=es_LA ,,,,,,,TV BRICS는 2025년 2월 멕시코 텔레비전 네트워크 카날 6 TV(Canal 6 TV)와 협력 협정을 체결했다.,,,,,,멕시코,,,,,TV BRICS,,,러시아 및 TV BRICS 언론 협력 협정
65,Russian and TV BRICS Media Cooperation Agreements,,,,,Y,TV BRICS signed a cooperation agreement with Mozambique public broadcaster Televisão de Moçambique (TVM) in April 2023.,,,,,,Mozambique,Apr-26,,Apr-23,,,,,,,,MOZ,,,N,-17.40000366,,,,,,,35.51700112,,,164,,,,,,Televisão de Moçambique (TVM),https ://www.tvm.co dot mz/,,,,,,,TV BRICS,,,,https ://tvbrics dot com/en/news/tv-brics-integrates-mozambique-s-media-agenda-into-brics-media-context/,,,,,,,TV BRICS는 2023년 4월 모잠비크 공영 방송사 모잠비크 텔레비전(TVM)과 협력 협정을 체결했다.,,,,,,모잠비크,,,,,TV BRICS,,,러시아 및 TV BRICS 언론 협력 협정
65,Russian and TV BRICS Media Cooperation Agreements,,,,,Y,TV BRICS signed a cooperation agreement with Nepalese non-profit organization Nepal Film and Cultural Academy in March 2026.,,,,,,Nepal,05/12/2026,,Mar-26,,,,,,,,NPL,,,N,27.748033,,,,,,,84.2869,,,165,,,,,,Nepal Film and Cultural Academy,https ://nfcacademy dot org/,,,,,,,TV BRICS,,,,https ://tvbrics dot com/en/news/nepal-s-film-industry-to-be-integrated-into-brics-cultural-space-through-tv-brics/,,,,,,,TV BRICS는 2026년 3월 네팔 비영리단체 네팔 영화·문화 아카데미(Nepal Film and Cultural Academy)와 협력 협정을 체결했다.,,,,,,네팔,,,,,TV BRICS,,,러시아 및 TV BRICS 언론 협력 협정
65,Russian and TV BRICS Media Cooperation Agreements,,,,,Y,TV BRICS signed a cooperation agreement with Nepalese film school Oscar International College in May 2026.,,,,,,Nepal,05/11/2026,,May-26,,,,,,,,NPL,,,N,27.748033,,,,,,,84.2869,,,166,,,,,,Oscar International College,,,,,,,,TV BRICS,,,,https ://tvbrics dot com/news/nepal-ukreplyaet-mezhdunarodnoe-kulturnoe-vliyanie-cherez-mediaset-tv-brics/ ; https://www.telesurtv dot net/nepal-proyeccion-cultural-red-mediatica-tvbrics/ ,,,,,,,TV BRICS는 2026년 5월 네팔 영화학교 오스카 인터내셔널 칼리지(Oscar International College)와 협력 협정을 체결했다.,,,,,,네팔,,,,,TV BRICS,,,러시아 및 TV BRICS 언론 협력 협정
65,Russian and TV BRICS Media Cooperation Agreements,,,,,Y,TV BRICS signed a cooperation agreement with regional southeastern Nigerian television channel Afia TV on content exchange and joint content production in December 2024.,,,,,,Nigeria,Apr-26,,Dec-24,,,,,,,,NGA,,,N,6.8290913,,,,,,,4.9348869,,,167,,,,,,Afia TV,https ://www.afiatv dot net/,,,,,,,TV BRICS,,,,https ://tvbrics dot com/en/news/nigeria-joins-international-information-exchange-through-tv-brics/ ; https://www.facebook dot com/afiatvofficial/posts/nigeria-has-taken-a-significant-step-in-global-media-collaboration-by-partnering/608228108397577/  ,,,,,,,TV BRICS는 2024년 12월 콘텐츠 교류 및 공동 콘텐츠 제작에 관한 협력 협정을 나이지리아 남동부 지역 텔레비전 채널 아피아 TV(Afia TV)와 체결했다.,,,,,,나이지리아,,,,,TV BRICS,,,러시아 및 TV BRICS 언론 협력 협정
65,Russian and TV BRICS Media Cooperation Agreements,,,,,Y,TV BRICS signed a cooperation agreement with Nigerian state news agency News Agency of Nigeria (NAN) in March 2025.,,,,,,Nigeria,Apr-26,,Mar-25,,,,,,,,NGA,,,N,6.8290913,,,,,,,4.9348869,,,168,,,,,,News Agency of Nigeria (NAN),https ://nannews dot ng/,,,,,,,TV BRICS,,,,https ://tvbrics dot com/en/shows/nigeria-s-largest-news-agency-becomes-partner-of-tv-brics/ ,,,,,,,TV BRICS는 2025년 3월 나이지리아 국영 통신사 나이지리아 통신사(NAN)와 협력 협정을 체결했다.,,,,,,나이지리아,,,,,TV BRICS,,,러시아 및 TV BRICS 언론 협력 협정
65,Russian and TV BRICS Media Cooperation Agreements,,,,,Y,TV BRICS signed a cooperation agreement with Serbian media company Muzička televizija Srbije (MTS) in July 2024. MTS partners with Serbian state-owned radio and television broadcaster Radio televizija Srbije.,,,,,,Serbia,Apr-26,,Jul-24,,,,,,,,SRB,,,N,44.05881966,,,,,,,20.79743674,,,169,,,,,,Muzička televizija Srbije,,,,,,,,TV BRICS,,,,https ://tvbrics dot com/en/news/tv-brics-projects-to-be-available-on-popular-entertainment-media-resources-in-the-western-balkans/,,,,,,,TV BRICS는 2024년 7월 세르비아 미디어 기업 무지츠카 텔레비지야 스르비예(MTS)와 협력 협정을 체결했다. MTS는 세르비아 국영 라디오·텔레비전 방송사(Radio televizija Srbije)와 협력 관계를 맺고 있다.,,,,,,세르비아,,,,,TV BRICS,,,러시아 및 TV BRICS 언론 협력 협정
65,Russian and TV BRICS Media Cooperation Agreements,,,,,Y,TV BRICS lists South African news agency African News Agency as a partner as of September 2026.,,,,,,South Africa,Apr-26,,,,,,,,,,ZAF,,,N,-29.12514797,,,,,,,25.03880358,,,170,,,,,,African News Agency (ANA),https ://africa-news-agency dot com/home/,,,,,,,TV BRICS,,,,https ://tvbrics dotcom/en/partners/,,,,,,,TV BRICS는 2026년 9월 기준 남아프리카공화국 통신사 아프리칸 뉴스 에이전시(African News Agency)를 협력사로 명시하고 있다.,,,,,,남아프리카,,,,,TV BRICS,,,러시아 및 TV BRICS 언론 협력 협정
65,Russian and TV BRICS Media Cooperation Agreements,,,,,Y,"TV BRICS signed a cooperation agreement with African Times, a pan-African media organization, in August 2023.",,,,,,South Africa,Apr-26,,Aug-23,,,,,,,,ZAF,,,N,-29.12514797,,,,,,,25.03880358,,,171,,,,,,African Times,https ://www.atnews.co dot za/,,,,,,,TV BRICS,,,,https://tvbrics dot com/en/news/tv-brics-expands-the-geography-of-its-cooperation-in-south-africa/ ; https://www.atnews dot co.za/tv-brics-african-times-sign-partnership-agreement/ ,,,,,,,TV BRICS는 2023년 8월 범아프리카 미디어 단체 아프리칸 타임스(African Times)와 협력 협정을 체결했다.,,,,,,남아프리카,,,,,TV BRICS,,,러시아 및 TV BRICS 언론 협력 협정
65,Russian and TV BRICS Media Cooperation Agreements,,,,,Y,TV BRICS lists South African streamcasting TV channel Durban TV as a partner as of September 2026.,,,,,,South Africa,Apr-26,,,,,,,,,,ZAF,,,N,-29.12514797,,,,,,,25.03880358,,,172,,,,,,Durban TV,https ://www.durbantv dot net/,,,,,,,TV BRICS,,,,https ://tvbrics dotcom/en/partners/,,,,,,,TV BRICS는 2026년 9월 기준 남아프리카공화국 스트리밍 TV 채널 더반 TV(Durban TV)를 협력사로 명시하고 있다.,,,,,,남아프리카,,,,,TV BRICS,,,러시아 및 TV BRICS 언론 협력 협정
65,Russian and TV BRICS Media Cooperation Agreements,,,,,Y,TV BRICS lists South African newspaper Pretoria News as a partner as of September 2026.,,,,,,South Africa,Apr-26,,,,,,,,,,ZAF,,,N,-29.12514797,,,,,,,25.03880358,,,173,,,,,,Pretoria News,https ://pretorianews.co dot za/,,,,,,,TV BRICS,,,,https ://tvbrics dotcom/en/partners/,,,,,,,TV BRICS는 2026년 9월 기준 남아프리카공화국 신문 프리토리아 뉴스(Pretoria News)를 협력사로 명시하고 있다.,,,,,,남아프리카,,,,,TV BRICS,,,러시아 및 TV BRICS 언론 협력 협정
65,Russian and TV BRICS Media Cooperation Agreements,,,,,Y,TV BRICS lists South African TV station Soweto TV as a partner as of September 2026.,,,,,,South Africa,Apr-26,,,,,,,,,,ZAF,,,N,-29.12514797,,,,,,,25.03880358,,,174,,,,,,Soweto TV,https ://www.sowetotv dot co dot za/,,,,,,,TV BRICS,,,,https ://tvbrics dotcom/en/partners/,,,,,,,TV BRICS는 2026년 9월 기준 남아프리카공화국 방송국 소웨토 TV(Soweto TV)를 협력사로 명시하고 있다.,,,,,,남아프리카,,,,,TV BRICS,,,러시아 및 TV BRICS 언론 협력 협정
65,Russian and TV BRICS Media Cooperation Agreements,,,,,Y,TV BRICS lists South African international relations and diplomatic media platform The Diplomatic Society as a partner as of September 2026.,,,,,,South Africa,Apr-26,,,,,,,,,,ZAF,,,N,-29.12514797,,,,,,,25.03880358,,,175,,,,,,The Diplomatic Society,https ://www.thediplomaticsociety.co dot za/,,,,,,,TV BRICS,,,,https ://tvbrics dotcom/en/partners/,,,,,,,TV BRICS는 2026년 9월 기준 남아프리카공화국 국제관계·외교 미디어 플랫폼 더 디플로매틱 소사이어티(The Diplomatic Society)를 협력사로 명시하고 있다.,,,,,,남아프리카,,,,,TV BRICS,,,러시아 및 TV BRICS 언론 협력 협정
65,Russian and TV BRICS Media Cooperation Agreements,,,,,Y,TV BRICS established a media cooperation partnership with South African television channel Umthala TV in October 2023.,,,,,,South Africa,Apr-26,,Oct-23,,,,,,,,ZAF,,,N,-29.12514797,,,,,,,25.03880358,,,176,,,,,,Umthala TV,https ://www.youtube dot com/@umthala-TV,,,,,,,TV BRICS,,,,https ://tvbrics dot com/en/news/tv-brics-starts-co-operation-with-umthala-tv-which-broadcasts-in-11-south-african-languages/?sphrase_id=40491,,,,,,,TV BRICS는 2023년 10월 남아프리카공화국 텔레비전 채널 움탈라 TV(Umthala TV)와 미디어 협력 관계를 구축했다.,,,,,,남아프리카,,,,,TV BRICS,,,러시아 및 TV BRICS 언론 협력 협정
65,Russian and TV BRICS Media Cooperation Agreements,,,,,Y,TV BRICS signed a cooperation agreement with Swedish online newspaper NewsVoice in March 2025.,,,,,,Sweden,05/06/2026,,Mar-25,,,,,,,,SWE,,,N,62.777963,,,,,,,16.267873,,,177,,,,,,NewsVoice,https ://newsvoice dot se/english/,,,,,,,TV BRICS,,,,https: //tvbrics dot com/en/news/european-countries-join-international-information-exchange-via-tv-brics/ ; https://embassylife dot ru/en/2025/03/11/73215/ ,,,,,,,TV BRICS는 2025년 3월 스웨덴 온라인 신문 뉴스보이스(NewsVoice)와 협력 협정을 체결했다.,,,,,,스웨덴,,,,,TV BRICS,,,러시아 및 TV BRICS 언론 협력 협정
65,Russian and TV BRICS Media Cooperation Agreements,,,,,Y,TV BRICS signed a media partnership with Thai Public Broadcasting Service (Thai PBS) in September 2025.,,,,,,Thailand,Apr-26,,Sep-25,,,,,,,,THA,,,N,15.19525278,,,,,,,101.0181182,,,178,,,,,,Thai Public Broadcasting Service,https ://world.thaipbs dot or dot th/,,,,,,,TV BRICS,,,,https ://tvbrics dot com/en/news/tv-brics-brings-together-news-feeds-from-brics-and-asean-countries/; https://en dot thaipbs.or.th/content/225,,,,,,,TV BRICS는 2025년 9월 태국 공영방송 서비스(Thai PBS)와 미디어 파트너십을 체결했다.,,,,,,태국,,,,,TV BRICS,,,러시아 및 TV BRICS 언론 협력 협정
65,Russian and TV BRICS Media Cooperation Agreements,,,,,Y,TV BRICS established a media cooperation partnership with Tunis Afrique Presse (TAP) in January 2024.,,,,,,Tunisia,Apr-26,,Jan-24,,,,,,,,TUN,,,N,32.820409,,,,,,,10.8417552,,,179,,,,,,Tunis Afrique Presse (TAP),https ://www.tap.info dot tn/fr,,,,,,,TV BRICS,,,,https ://tvbrics dot com/en/news/tv-brics-and-tunis-afrique-presse-intensify-the-promotion-of-the-arab-african-agenda-in-the-global-m/,,,,,,,TV BRICS는 2024년 1월 튀니지 아프리크 프레스(TAP)와 미디어 협력 관계를 구축했다.,,,,,,튀니지,,,,,TV BRICS,,,러시아 및 TV BRICS 언론 협력 협정
65,Russian and TV BRICS Media Cooperation Agreements,,,,,Y,TV BRICS signed a cooperation agreement with the Emirates News Agency (WAM) in April 2024.,,,,,,United Arab Emirates,Apr-26,,Apr-24,,,,,,,,ARE,,,N,23.91752554,,,,,,,54.33930804,,,180,,,,,,Emirates News Agency (WAM),https ://www.wam dot ae/en,,,,,,,TV BRICS,,,,https ://tvbrics dot com/en/news/uae-joins-media-co-operation-with-brics-countries-through-tv-brics-network/?sphrase_id=40491 ; https://tvbrics dot com/en/shows/tv-brics-and-the-uae-news-agency-wam-sign-memorandum-of-co-operation/  ,,,,,,,TV BRICS는 2024년 4월 에미리트 통신사(WAM)와 협력 협정을 체결했다.,,,,,,아랍에미리트,,,,,TV BRICS,,,러시아 및 TV BRICS 언론 협력 협정
65,Russian and TV BRICS Media Cooperation Agreements,,,,,Y,TV BRICS signed a media partnership agreement with Uruguayan online newspaper Diario la R in August 2025.,,,,,,Uruguay,Apr-26,,Aug-25,,,,,,,,URY,,,N,-32.82168047,,,,,,,-56.00892371,,,181,,,,,,Diario la R,https ://grupormultimedio dot com/,,,,,,,TV BRICS,,,,https ://tvbrics dot com/en/news/uruguay-s-agenda-to-appear-in-brics-information-space/ ; https://grupormultimedio dot com/tv-brics-y-diario-la-r-firmaron-acuerdo-de-cooperacion-id169737/,,,,,,,TV BRICS는 2025년 8월 우루과이 온라인 신문 디아리오 라 에레(Diario la R)와 미디어 파트너십 협정을 체결했다.,,,,,,우루과이,,,,,TV BRICS,,,러시아 및 TV BRICS 언론 협력 협정
65,Russian and TV BRICS Media Cooperation Agreements,,,,,Y,"TV BRICS signed a cooperation agreement with Telesur in April 2023. Telesur is a Caracas-based television network sponsored by Venezuela, Cuba, and Nicaragua.",,,,,,Venezuela,Apr-26,,Apr-23,,,,,,,,VEN,,,N,7.14122572,,,,,,,-66.17503624,,,182,,,,,,Telesur,https ://www.telesurtv dot net/,,,,,,,TV BRICS,,,,https ://orinocotribune dot com/tv-brics-and-telesur-sign-strategic-cooperation-agreement/ ; https://tvbrics dot com/en/news/tv-brics-signs-agreement-with-one-of-latin-america-s-most-influential-media-sources/,,,,,,,"TV BRICS는 2023년 4월 텔레수르(Telesur)와 협력 협정을 체결했다. 텔레수르는 베네수엘라, 쿠바, 니카라과가 후원하는 카라카스 소재 텔레비전 네트워크다.",,,,,,베네수엘라,,,,,TV BRICS,,,러시아 및 TV BRICS 언론 협력 협정
65,Russian and TV BRICS Media Cooperation Agreements,,,,,Y,TV BRICS signed a cooperation agreement with Vietnam News Agency (VNA) in June 2024.,,,,,,Vietnam,Apr-26,,Jun-24,,,,,,,,VNM,,,N,21.6573929,,,,,,,104.6174538,,,183,,,,,,Vietnam News Agency,https ://vnane dot vn/en/,,,,,,,TV BRICS,,,,https ://tvbrics dot com/en/news/tv-brics-begins-co-operation-with-vietnam/?sphrase_id=22584 ; https://vietnamlawmagazine dot vn/vietnam-news-agency-signs-cooperation-agreement-with-tv-brics-71991.html,,,,,,,TV BRICS는 2024년 6월 베트남 통신사(VNA)와 협력 협정을 체결했다.,,,,,,베트남,,,,,TV BRICS,,,러시아 및 TV BRICS 언론 협력 협정
65,Russian and TV BRICS Media Cooperation Agreements,,,,,Y,TV BRICS lists Zimbabwean state-owned newspaper The Herald as a partner as of September 2026.,,,,,,Zimbabwe,Apr-26,,,,,,,,,,ZWE,,,N,-20.7422351,,,,,,,30.2975423,,,184,,,,,,The Herald,https ://www.heraldonline dot co dot zw/,,,,,,,TV BRICS,,,,https ://tvbrics dot com/en/partners/,,,,,,,TV BRICS는 2026년 9월 기준 짐바브웨 국영 신문 더 헤럴드(The Herald)를 협력사로 명시하고 있다.,,,,,,짐바브웨,,,,,TV BRICS,,,러시아 및 TV BRICS 언론 협력 협정
65,Russian and TV BRICS Media Cooperation Agreements,,,,,Y,TV BRICS established an agreement with Zimbabwe Broadcasting Corporation (ZBC) in April 2024.,,,,,,Zimbabwe,Apr-26,,Apr-24,,,,,,,,ZWE,,,N,-20.7422351,,,,,,,30.2975423,,,185,,,,,,Zimbabwe Broadcasting Corporation (ZBC),https ://zbc dot co dot zw/,,,,,,,TV BRICS,,,,https ://tvbrics dot com/en/news/russian-classics-to-be-played-on-zimbabwe-s-national-radio-for-first-time/,,,,,,,TV BRICS는 2024년 4월 짐바브웨 방송공사(ZBC)와 협정을 체결했다.,,,,,,짐바브웨,,,,,TV BRICS,,,러시아 및 TV BRICS 언론 협력 협정
65,Russian and TV BRICS Media Cooperation Agreements,,,,,N,The All-Russian State Television and Radio Broadcasting Company (VGTRK) signed a cooperation agreement with China Media Group in May 2026.,,,,,,China,05/20/2026,,May-26,,,,,,,,CHN,,,Y,37.55444958,,,,,,,104.2108468,,,186,,,,,,China Media Group,https ://www.cctv dot com/gyys/,,,,,,,VGTRK (All-Russian State Television and Radio Broadcasting Company),,,,http ://kremlin dot ru/supplement/6488 ; https://www.mfa dot gov.cn/zyxw/202605/t20260521_11914946.shtml,,,,,,,전러시아 국영 텔레비전·라디오 방송사(VGTRK)는 2026년 5월 중국미디어그룹과 협력 협정을 체결했다.,,,,,,중국,,,,,전러시아 국영 텔레비전·라디오 방송사(VGTRK),,,러시아 및 TV BRICS 언론 협력 협정
65,Russian and TV BRICS Media Cooperation Agreements,,,,,N,The All-Russian State Television and Radio Broadcasting Company (VGTRK) signed a memorandum on deepening cooperation with China Media Group in May 2025.,,,,,,China,Apr-26,,May-25,,,,,,,,CHN,,,Y,37.55444958,,,,,,,104.2108468,,,187,,,,,,China Media Group,https ://www.cctv dot com/gyys/,,,,,,,VGTRK (All-Russian State Television and Radio Broadcasting Company),,,,http://www.kremlin dot ru/supplement/6308 ,,,,,,,전러시아 국영 텔레비전·라디오 방송사(VGTRK)는 2025년 5월 중국미디어그룹과 협력 심화에 관한 양해각서를 체결했다.,,,,,,중국,,,,,전러시아 국영 텔레비전·라디오 방송사(VGTRK),,,러시아 및 TV BRICS 언론 협력 협정
65,Russian and TV BRICS Media Cooperation Agreements,,,,,N,Russian state-owned broadcaster The All-Russian State Television and Radio Broadcasting Company (VGTRK) signed a cooperation agreement with the National Television and Radio Company of Uzbekistan (MTRK) in May 2019.,,,,,,Uzbekistan,Apr-26,,May-19,,,,,,,,UZB,,,Y,41.82777584,,,,,,,63.0874475,,,188,,,,,,National Television and Radio Company of Uzbekistan,https ://www.mtrk dot uz/en/,,,,,,,VGTRK (All-Russian State Television and Radio Broadcasting Company),,,,https ://kun dot uz/en/news/2019/05/28/uzbek-mtrk-to-cooperate-with-russian-vgtrk ; https://uz dot sputniknews.ru/20190527/Natsionalnaya-teleradiokompaniya-Uzbekistana-budet-sotrudnichat-s-VGTRK-11618620.html,,,,,,,러시아 국영 방송사 전러시아 국영 텔레비전·라디오 방송사(VGTRK)는 2019년 5월 우즈베키스탄 국영 텔레비전·라디오 방송사(MTRK)와 협력 협정을 체결했다.,,,,,,우즈베키스탄,,,,,전러시아 국영 텔레비전·라디오 방송사(VGTRK),,,러시아 및 TV BRICS 언론 협력 협정
37,Russia Houses,,,,,,,,,,,Abkhazia,,,,,,,,,,,,GEO,,,,42.9965022,,,,,,,41.0148772,,,1,,,,,,,,,,,"Sukhum, General Dbar Street, 3",,https ://t.me/RossotrudnichestvoAbkhazia,,,,,https ://rs dot gov.ru/en/kontakty/russian-houses-abroad/represents-with-map/,,,,,,,,,,,,압하지야,,,,,,,,,러시아 하우스
37,Russia Houses,,,,,,,,,,,Afghanistan,,,,,,,,,,,,AFG,,,,34.5269503,,,,,,,69.1850584,,,2,,,,,,,,,,,"Kabul, Nahr-Darsan District, First Sector Highway",,,,,,,https ://rs dot gov.ru/en/kontakty/russian-houses-abroad/represents-with-map/,,,,,,,,,,,,아프가니스탄,,,,,,,,,러시아 하우스
37,Russia Houses,,,,,,,,,,,Albania,,,,,,,,,,,,ALB,,,,41.283008127032026,,,,,,,19.851513042096514,,,3,,,,,,,,,,,"Tirana, Mjull-Bathore, Rr. Dervish Shaba (Embassy of the Russian Federation)",,https ://t.me/rusembalb,,,,,https ://rs dot gov.ru/en/kontakty/russian-houses-abroad/represents-with-map/,,,,,,,,,,,,알바니아,,,,,,,,,러시아 하우스
37,Russia Houses,,,,,,,,,,,Argentina,,,,,,,,,,,,ARG,,,,-34.61351058814324,,,,,,,-58.42571904605957,,,4,,,,,,,,,,,"Buenos Aires, Rivadavia Avenue, 4266",,https ://t.me/s/CasaRusaEnBuenosAires,,,,,https ://rs dot gov.ru/en/kontakty/russian-houses-abroad/represents-with-map/,,,,,,,,,,,,아르헨티나,,,,,,,,,러시아 하우스
37,Russia Houses,,,,,,,,,,,Armenia,,,,,,,,,,,,ARM,,,,40.1925184136634,,,,,,,44.50488674,,,5,,,,,,,,,,,"Yerevan, Marshal Bagramyan Avenue, 34",,https ://t.me/s/RSGOVArmenia,,,,,https ://rs dot gov.ru/en/kontakty/russian-houses-abroad/represents-with-map/,,,,,,,,,,,,아르메니아,,,,,,,,,러시아 하우스
37,Russia Houses,,,,,,,,,,,Armenia,,,,,,,,,,,,ARM,,,,40.78343348290076,,,,,,,43.8436977253935,,,6,,,,,,,,,,,"Branch, Gyumri, Aragats Street 5/2",,https ://t.me/s/russkiydomgyumri,,,,,https ://rs dot gov.ru/en/kontakty/russian-houses-abroad/represents-with-map/,,,,,,,,,,,,아르메니아,,,,,,,,,러시아 하우스
37,Russia Houses,,,,,,,,,,,Austria,,,,,,,,,,,,AUT,,,,48.194063614305655,,,,,,,16.36931223928398,,,7,,,,,,,,,,,"Vienna, Bramsplatz, 8",,https://t.me/s/RusBotWien_RU,,,,,https ://rs dot gov.ru/en/kontakty/russian-houses-abroad/represents-with-map/,,,,,,,,,,,,오스트리아,,,,,,,,,러시아 하우스
37,Russia Houses,,,,,,,,,,,Bangladesh,,,,,,,,,,,,BGD,,,,23.7643863,,,,,,,90.3890144,,,8,,,,,,,,,,,"Dhaka, Borca za rodnoy yazyk M.A.Matina Street, Building 42 (510)",,https ://t.me/s/RussianHouseDHK,,,,,https ://rs dot gov.ru/en/kontakty/russian-houses-abroad/represents-with-map/,,,,,,,,,,,,방글라데시,,,,,,,,,러시아 하우스
37,Russia Houses,,,,,,,,,,,Belarus,,,,,,,,,,,,BLR,,,,52.453859462293785,,,,,,,30.996438145577784,,,9,,,,,,,,,,,"Gomel, 50 let BSSR Street, 7-1",,https ://t.me/s/russiangomel,,,,,https ://rs dot gov.ru/en/kontakty/russian-houses-abroad/represents-with-map/,,,,,,,,,,,,벨라루스,,,,,,,,,러시아 하우스
37,Russia Houses,,,,,,,,,,,Belarus,,,,,,,,,,,,BLR,,,,52.096616611373186,,,,,,,23.74185071468671,,,10,,,,,,,,,,,"Brest, Moskovskaya Street, 208A/1",,https ://t.me/s/rcnkbrest,,,,,https ://rs dot gov.ru/en/kontakty/russian-houses-abroad/represents-with-map/,,,,,,,,,,,,벨라루스,,,,,,,,,러시아 하우스
37,Russia Houses,,,,,,,,,,,Belarus,,,,,,,,,,,,BLR,,,,53.904629006119144,,,,,,,27.548737319401017,,,11,,,,,,,,,,,"Minsk, 19A Rakovskaya str.",,https ://t.me/s/naukaiculturaRossiivBelarusi,,,,,https ://rs dot gov.ru/en/kontakty/russian-houses-abroad/represents-with-map/,,,,,,,,,,,,벨라루스,,,,,,,,,러시아 하우스
37,Russia Houses,,,,,,,,,,,Belarus,,,,,,,,,,,,BLR,,,,53.679495741326285,,,,,,,23.82641824,,,12,,,,,,,,,,,"Grodno, Bolshaya Troitskaya str., 42",,https ://t.me/s/russkiydomvgrodno,,,,,https ://rs dot gov.ru/en/kontakty/russian-houses-abroad/represents-with-map/,,,,,,,,,,,,벨라루스,,,,,,,,,러시아 하우스
37,Russia Houses,,,,,,,,,,,Belgium,,,,,,,,,,,,BEL,,,,50.85380236571119,,,,,,,4.368890389071863,,,13,,,,,,,,,,,"Brussels, Meridien Street, 21",,https ://t.me/s/rushousebrussels,,,,,https ://rs dot gov.ru/en/kontakty/russian-houses-abroad/represents-with-map/,,,,,,,,,,,,벨기에,,,,,,,,,러시아 하우스
37,Russia Houses,,,,,,,,,,,Bosnia and Herzegovina Sarajevo,,,,,,,,,,,,BIH,,,,43.851345105454314,,,,,,,18.410083742470583,,,14,,,,,,,,,,,Urijan Dedina 93 71000 Sarajevo,,,,,,,https ://rs dot gov.ru/en/kontakty/russian-houses-abroad/represents-with-map/,,,,,,,,,,,,보스니아 헤르체고비나 사라예보,,,,,,,,,러시아 하우스
37,Russia Houses,,,,,,,,,,,Brazil,,,,,,,,,,,,BRA,,,,-15.804549580586793,,,,,,,-47.87525690438019,,,15,,,,,,,,,,,"Brasilia, Avenida das Nacoes, Setor das Embaixadas Sul, Quadra 801, Lote A (Embassy of Russia)",,https ://t.me/s/embaixadarussa,,,,,https ://rs dot gov.ru/en/kontakty/russian-houses-abroad/represents-with-map/,,,,,,,,,,,,브라질,,,,,,,,,러시아 하우스
37,Russia Houses,,,,,,,,,,,Brazil,,,,,,,,,,,,BRA,,,,-23.584274729756455,,,,,,,-46.69927007855133,,,16,,,,,,,,,,,"Sao Paulo, Avenida Jandira, 185, apartment 114B (Consulate General of Russia)",,https ://telegram.me/consrio,,,,,https ://rs dot gov.ru/en/kontakty/russian-houses-abroad/represents-with-map/,,,,,,,,,,,,브라질,,,,,,,,,러시아 하우스
37,Russia Houses,,,,,,,,,,,Bulgaria,,,,,,,,,,,,BGR,,,,42.693337541826,,,,,,,23.34019588,,,17,,,,,,,,,,,"Sofia, Shipka Street, 34",,https ://t.me/s/RKIC_Sofia,,,,,https ://rs dot gov.ru/en/kontakty/russian-houses-abroad/represents-with-map/,,,,,,,,,,,,불가리아,,,,,,,,,러시아 하우스
37,Russia Houses,,,,,,,,,,,Cambodia,,,,,,,,,,,,KHM,,,,11.562512461025653,,,,,,,104.92597370571087,,,18,,,,,,,,,,,"Phnom Penh, Norodom Boulevard, 103",,https ://t.me/s/RussianhouseinCambodia,,,,,https ://rs dot gov.ru/en/kontakty/russian-houses-abroad/represents-with-map/,,,,,,,,,,,,캄보디아,,,,,,,,,러시아 하우스
37,Russia Houses,,,,,,,,,,,Chile,,,,,,,,,,,,CHL,,,,-33.44759738890095,,,,,,,-70.66182144607974,,,19,,,,,,,,,,,"Santiago, Ehercito Street, 57",,https ://t.me/s/CasaDeRusiaenChile,,,,,https ://rs dot gov.ru/en/kontakty/russian-houses-abroad/represents-with-map/,,,,,,,,,,,,칠레,,,,,,,,,러시아 하우스
37,Russia Houses,,,,,,,,,,,China,,,,,,,,,,,,CHN,,,,39.985826,,,,,,,116.4150488,,,20,,,,,,,,,,,"Beijing, Chaoyang District, Xiaoguan, st. Dongzhimennei, 56, building C",,https ://t.me/s/RDBeijing,,,,,https ://rs dot gov.ru/en/kontakty/russian-houses-abroad/represents-with-map/,,,,,,,,,,,,중국,,,,,,,,,러시아 하우스
37,Russia Houses,,,,,,,,,,,Congo,,,,,,,,,,,,COG,,,,-4.270775446275243,,,,,,,15.28923150978731,,,21,,,,,,,,,,,"Brazzaville, Centerville, 26 Amilcara Cabral Avenue, PO Box 2021",,,,,,,https ://rs dot gov.ru/en/kontakty/russian-houses-abroad/represents-with-map/,,,,,,,,,,,,콩고,,,,,,,,,러시아 하우스
37,Russia Houses,,,,,,,,,,,Cuba,,,,,,,,,,,,CUB,,,,23.112665759060462,,,,,,,-82.43573341784789,,,22,,,,,,,,,,,"Havana, Miramar, 5 avenida, N. 6402, between streets 62 and 66 (Embassy of Russia)",,https ://t.me/s/CasaRusaCuba,,,,,https ://rs dot gov.ru/en/kontakty/russian-houses-abroad/represents-with-map/,,,,,,,,,,,,쿠바,,,,,,,,,러시아 하우스
37,Russia Houses,,,,,,,,,,,Cyprus,,,,,,,,,,,,CYP,,,,35.161138753214274,,,,,,,33.36256580954683,,,23,,,,,,,,,,,"Nicosia, st. Alasias, 16",,https ://t.me/s/roscentrecy,,,,,https ://rs dot gov.ru/en/kontakty/russian-houses-abroad/represents-with-map/,,,,,,,,,,,,키프로스,,,,,,,,,러시아 하우스
37,Russia Houses,,,,,,,,,,,Czech Republic,,,,,,,,,,,,CZE,,,,50.1001992,,,,,,,14.4123454,,,24,,,,,,,,,,,"Prague 6, Bubenec, on Zatorets, 16",,,,,,,https ://rs dot gov.ru/en/kontakty/russian-houses-abroad/represents-with-map/,,,,,,,,,,,,체코,,,,,,,,,러시아 하우스
37,Russia Houses,,,,,,,,,,,Egypt,,,,,,,,,,,,EGY,,,,31.20090491109012,,,,,,,29.90997952,,,25,,,,,,,,,,,"Branch, Alexandria, Bab Sharqi District, El-Batalsa Street, Building 5",,https ://t.me/s/russian_house_alex,,,,,https ://rs dot gov.ru/en/kontakty/russian-houses-abroad/represents-with-map/,,,,,,,,,,,,이집트,,,,,,,,,러시아 하우스
37,Russia Houses,,,,,,,,,,,Egypt,,,,,,,,,,,,EGY,,,,30.038844985884598,,,,,,,31.214669198424062,,,26,,,,,,,,,,,"Cairo, Dokki District, Tahrir Street 127",,https ://t.me/s/russianhouseincairo,,,,,https ://rs dot gov.ru/en/kontakty/russian-houses-abroad/represents-with-map/,,,,,,,,,,,,이집트,,,,,,,,,러시아 하우스
37,Russia Houses,,,,,,,,,,,Ethiopia,,,,,,,,,,,,ETH,,,,9.0358119,,,,,,,38.7524315,,,27,,,,,,,,,,,"Addis Ababa, Arada Woreda 01 Street, 900",,https ://t.me/RCSCEthiopia,,,,,https ://rs dot gov.ru/en/kontakty/russian-houses-abroad/represents-with-map/,,,,,,,,,,,,에티오피아,,,,,,,,,러시아 하우스
37,Russia Houses,,,,,,,,,,,Finland,,,,,,,,,,,,FIN,,,,60.1897198,,,,,,,24.9233937,,,28,,,,,,,,,,,"Helsinki, Nurdensheldinkatu Street, 1",,https ://t.me/s/RusEmb_Fin,,,,,https ://rs dot gov.ru/en/kontakty/russian-houses-abroad/represents-with-map/,,,,,,,,,,,,핀란드,,,,,,,,,러시아 하우스
37,Russia Houses,,,,,,,,,,,France,,,,,,,,,,,,FRA,,,,48.86843102095104,,,,,,,2.287378066,,,29,,,,,,,,,,,"Paris, Boissieres Street, 61",,https ://t.me/s/maisonrusseaparis,,,,,https ://rs dot gov.ru/en/kontakty/russian-houses-abroad/represents-with-map/,,,,,,,,,,,,프랑스,,,,,,,,,러시아 하우스
37,Russia Houses,,,,,,,,,,,Greece,,,,,,,,,,,,GRC,,,,38.00904103320642,,,,,,,23.78557005,,,31,,,,,,,,,,,"Athens, Halandri, Tzavela Street, 7",,https ://t.me/s/RussianHouseAthens,,,,,https ://rs dot gov.ru/en/kontakty/russian-houses-abroad/represents-with-map/,,,,,,,,,,,,그리스,,,,,,,,,러시아 하우스
37,Russia Houses,,,,,,,,,,,Hungary,,,,,,,,,,,,HUN,,,,47.51327684596312,,,,,,,19.0747756,,,32,,,,,,,,,,,"Budapest, Andrassy Avenue 120",,https ://t.me/s/oroszhaz,,,,,https ://rs dot gov.ru/en/kontakty/russian-houses-abroad/represents-with-map/,,,,,,,,,,,,헝가리,,,,,,,,,러시아 하우스
37,Russia Houses,,,,,,,,,,,India,,,,,,,,,,,,IND,,,,18.97278800384427,,,,,,,72.81051956449308,,,33,,,,,,,,,,,"Mumbai, Gopalrao Deshmukh (Marg), 31-A",,https ://t.me/rushousemumbai,,,,,https ://rs dot gov.ru/en/kontakty/russian-houses-abroad/represents-with-map/,,,,,,,,,,,,인도,,,,,,,,,러시아 하우스
37,Russia Houses,,,,,,,,,,,India,,,,,,,,,,,,IND,,,,13.045810729708185,,,,,,,80.25628668,,,34,,,,,,,,,,,"Chennai, Kasturi Ranga Road, 74",,https ://t.me/russianhouse_chennai,,,,,https ://rs dot gov.ru/en/kontakty/russian-houses-abroad/represents-with-map/,,,,,,,,,,,,인도,,,,,,,,,러시아 하우스
37,Russia Houses,,,,,,,,,,,India,,,,,,,,,,,,IND,,,,22.542098320071773,,,,,,,88.35257144193554,,,35,,,,,,,,,,,"Kolkata, Gorky Terrace, 3",,https ://t.me/russianhousekolkata,,,,,https ://rs dot gov.ru/en/kontakty/russian-houses-abroad/represents-with-map/,,,,,,,,,,,,인도,,,,,,,,,러시아 하우스
37,Russia Houses,,,,,,,,,,,India,,,,,,,,,,,,IND,,,,28.62417792169915,,,,,,,77.22703245378062,,,36,,,,,,,,,,,"New Delhi, Firoz Shah Road, 24",,https ://t.me/russianhousenewdelhi,,,,,https ://rs dot gov.ru/en/kontakty/russian-houses-abroad/represents-with-map/,,,,,,,,,,,,인도,,,,,,,,,러시아 하우스
37,Russia Houses,,,,,,,,,,,Indonesia,,,,,,,,,,,,IDN,,,,-6.200723496466399,,,,,,,106.8350730489702,,,37,,,,,,,,,,,"Jakarta, Diponegoro Street, House 12",,https ://t.me/rumahrusia,,,,,https ://rs dot gov.ru/en/kontakty/russian-houses-abroad/represents-with-map/,,,,,,,,,,,,인도네시아,,,,,,,,,러시아 하우스
37,Russia Houses,,,,,,,,,,,Iran,,,,,,,,,,,,IRN,,,,35.752811711340456,,,,,,,51.35791153909276,,,38,,,,,,,,,,,"Tehran, Shahrake, Gharb district, Simae Iran st., Seventh st. Iane Mordad, 1816",,https ://t.me/russianembassytehran,,,,,https ://rs dot gov.ru/en/kontakty/russian-houses-abroad/represents-with-map/,,,,,,,,,,,,이란,,,,,,,,,러시아 하우스
37,Russia Houses,,,,,,,,,,,Israel,,,,,,,,,,,,ISR,,,,31.782957355822134,,,,,,,35.22210809621382,,,39,,,,,,,,,,,"Jerusalem, Heleni-ha-Malka str., 13 (Sergievskoe farmstead)",,https ://t.me/ruscenter_news,,,,,https ://rs dot gov.ru/en/kontakty/russian-houses-abroad/represents-with-map/,,,,,,,,,,,,이스라엘,,,,,,,,,러시아 하우스
37,Russia Houses,,,,,,,,,,,Israel,,,,,,,,,,,,ISR,,,,32.065991930382005,,,,,,,34.773840625059485,,,40,,,,,,,,,,,"37 Montefiore St., Chagall's Matryoshka Russian Art Gallery",,,,,,,https ://rs dot gov.ru/en/kontakty/russian-houses-abroad/represents-with-map/,,,,,,,,,,,,이스라엘,,,,,,,,,러시아 하우스
37,Russia Houses,,,,,,,,,,,Italy,,,,,,,,,,,,ITA,,,,41.89414168437364,,,,,,,12.47489238,,,41,,,,,,,,,,,"Rome, Piazza Benedetto Cairoli, 6",,https ://t.me/russkijdomrim,,,,,https ://rs dot gov.ru/en/kontakty/russian-houses-abroad/represents-with-map/,,,,,,,,,,,,이탈리아,,,,,,,,,러시아 하우스
37,Russia Houses,,,,,,,,,,,Japan,,,,,,,,,,,,JPN,,,,35.65960332954992,,,,,,,139.7412326,,,42,,,,,,,,,,,"Tokyo, Minatoku, Adzabu-Dai 2-1-1 (Embassy of the Russian Federation)",,https ://t.me/tokyo_rusdom,,,,,https ://rs dot gov.ru/en/kontakty/russian-houses-abroad/represents-with-map/,,,,,,,,,,,,일본,,,,,,,,,러시아 하우스
37,Russia Houses,,,,,,,,,,,Jordan,,,,,,,,,,,,JOR,,,,31.9515694,,,,,,,35.9239625,,,43,,,,,,,,,,,"Amman, Shahida Ismail Street, House 12",,https ://t.me/rushousejo,,,,,https ://rs dot gov.ru/en/kontakty/russian-houses-abroad/represents-with-map/,,,,,,,,,,,,요르단,,,,,,,,,러시아 하우스
37,Russia Houses,,,,,,,,,,,Kazakhstan,,,,,,,,,,,,KAZ,,,,43.228662555788354,,,,,,,76.89396784897167,,,44,,,,,,,,,,,"Almaty, Radostovtsa Street, 143",,https ://t.me/rsalmaty,,,,,https ://rs dot gov.ru/en/kontakty/russian-houses-abroad/represents-with-map/,,,,,,,,,,,,카자흐스탄,,,,,,,,,러시아 하우스
37,Russia Houses,,,,,,,,,,,Kazakhstan,,,,,,,,,,,,KAZ,,,,51.212602429857796,,,,,,,51.38170373705712,,,45,,,,,,,,,,,"Oral, Mukhita Street, 78, room 101",,https ://t.me/russkiydomuralsk,,,,,https ://rs dot gov.ru/en/kontakty/russian-houses-abroad/represents-with-map/,,,,,,,,,,,,카자흐스탄,,,,,,,,,러시아 하우스
37,Russia Houses,,,,,,,,,,,Kazakhstan,,,,,,,,,,,,KAZ,,,,51.16532463281085,,,,,,,71.4236739700995,,,46,,,,,,,,,,,"Astana, Kenesary Street, 39",,https ://t.me/rsgov_qazaqstan,,,,,https ://rs dot gov.ru/en/kontakty/russian-houses-abroad/represents-with-map/,,,,,,,,,,,,카자흐스탄,,,,,,,,,러시아 하우스
37,Russia Houses,,,,,,,,,,,Kazakhstan,,,,,,,,,,,,KAZ,,,,49.94646968529183,,,,,,,82.63041999742231,,,47,,,,,,,,,,,"Oskemen, M. Gorsky Street, 21, office 201a",,https ://t.me/rs_ukg,,,,,https ://rs dot gov.ru/en/kontakty/russian-houses-abroad/represents-with-map/,,,,,,,,,,,,카자흐스탄,,,,,,,,,러시아 하우스
37,Russia Houses,,,,,,,,,,,"Korea, South",,,,,,,,,,,,KOR,,,,37.56513345,,,,,,,126.9718588,,,48,,,,,,,,,,,"Seoul, 34-16, Chun-dong, Chung-gu, 100-120 (Embassy of Russia)",,https ://t.me/rembskorea,,,,,https ://rs dot gov.ru/en/kontakty/russian-houses-abroad/represents-with-map/,,,,,,,,,,,,대한민국,,,,,,,,,러시아 하우스
37,Russia Houses,,,,,,,,,,,Kyrgyzstan,,,,,,,,,,,,KGZ,,,,42.86591168506575,,,,,,,74.60514989921352,,,49,,,,,,,,,,,"Bishkek, Erkindik boulevard, 2/1",,https ://t.me/rushouse_bishkek,,,,,https ://rs dot gov.ru/en/kontakty/russian-houses-abroad/represents-with-map/,,,,,,,,,,,,키르기스스탄,,,,,,,,,러시아 하우스
37,Russia Houses,,,,,,,,,,,Kyrgzstan,,,,,,,,,,,,KGZ,,,,40.527077,,,,,,,72.805601,,,50,,,,,,,,,,,"Osh, K. Bobulova Street, 72",,https ://t.me/rushouseosh,,,,,https ://rs dot gov.ru/en/kontakty/russian-houses-abroad/represents-with-map/,,,,,,,,,,,,키르기스스탄,,,,,,,,,러시아 하우스
37,Russia Houses,,,,,,,,,,,Laos,,,,,,,,,,,,LAO,,,,17.9640988,,,,,,,102.6133707,,,51,,,,,,,,,,,"Vientiane City, Saisettha District, Block 04, Ban Phonsaid, No. 60, st. 23 Singha",,,,,,,https ://rs dot gov.ru/en/kontakty/russian-houses-abroad/represents-with-map/,,,,,,,,,,,,라오스,,,,,,,,,러시아 하우스
37,Russia Houses,,,,,,,,,,,Lebanon,,,,,,,,,,,,LBN,,,,33.8892265,,,,,,,35.5025585,,,52,,,,,,,,,,,"Beirut, 7883, Vardan, R. Karame Street",,https ://t.me/RCNK_Beirut,,,,,https ://rs dot gov.ru/en/kontakty/russian-houses-abroad/represents-with-map/,,,,,,,,,,,,레바논,,,,,,,,,러시아 하우스
37,Russia Houses,,,,,,,,,,,Luxembourg,,,,,,,,,,,,LUX,,,,49.605629857806115,,,,,,,6.1261196173590795,,,53,,,,,,,,,,,"Luxembourg, Goethe Street, 32, 1637",,https ://www.facebook.com/CCSR.Lux.Ru/,,,,,https ://rs dot gov.ru/en/kontakty/russian-houses-abroad/represents-with-map/,,,,,,,,,,,,룩셈부르크,,,,,,,,,러시아 하우스
37,Russia Houses,,,,,,,,,,,Malaysia,,,,,,,,,,,,MYS,,,,3.1610298,,,,,,,101.737375,,,54,,,,,,,,,,,"Kuala Lumpur, Jalan Ampang, Lorong Ampang 2, 205",,https ://t.me/RussianHouseMalaysia,,,,,https ://rs dot gov.ru/en/kontakty/russian-houses-abroad/represents-with-map/,,,,,,,,,,,,말레이시아,,,,,,,,,러시아 하우스
37,Russia Houses,,,,,,,,,,,Malta,,,,,,,,,,,,MLT,,,,35.8973281,,,,,,,14.5132038,,,55,,,,,,,,,,,"Valletta, Merchants Street, 36",,https ://t.me/rcscmalta2022,,,,,https ://rs dot gov.ru/en/kontakty/russian-houses-abroad/represents-with-map/,,,,,,,,,,,,몰타,,,,,,,,,러시아 하우스
37,Russia Houses,,,,,,,,,,,Mexico,,,,,,,,,,,,MEX,,,,19.4123453,,,,,,,-99.1837997,,,56,,,,,,,,,,,"Mexico City, San Miguel Chapultapec district, Protasio Tagle/54 street (office extension 2)",,,,,,,https ://rs dot gov.ru/en/kontakty/russian-houses-abroad/represents-with-map/,,,,,,,,,,,,멕시코,,,,,,,,,러시아 하우스
37,Russia Houses,,,,,,,,,,,Mongolia,,,,,,,,,,,,MNG,,,,47.9184676,,,,,,,106.9177016,,,57,,,,,,,,,,,"Ulaanbaatar, 12 microdistrict, Tokyo Street, 39",,https ://t.me/RussianhouseMongolia,,,,,https ://rs dot gov.ru/en/kontakty/russian-houses-abroad/represents-with-map/,,,,,,,,,,,,몽골,,,,,,,,,러시아 하우스
37,Russia Houses,,,,,,,,,,,Morocco,,,,,,,,,,,,MAR,,,,34.011737921335516,,,,,,,-6.843397229362546,,,58,,,,,,,,,,,"Rabat, Annasr Avenue, 12",,https ://t.me/maisonrussearabat,,,,,https ://rs dot gov.ru/en/kontakty/russian-houses-abroad/represents-with-map/,,,,,,,,,,,,모로코,,,,,,,,,러시아 하우스
37,Russia Houses,,,,,,,,,,,Nepal,,,,,,,,,,,,NPL,,,,27.7107567,,,,,,,85.3251763,,,59,,,,,,,,,,,"PO Box 1433, Kamal Pokhari, Kathmandu",,https ://t.me/nepalforeva,,,,,https ://rs dot gov.ru/en/kontakty/russian-houses-abroad/represents-with-map/,,,,,,,,,,,,네팔,,,,,,,,,러시아 하우스
37,Russia Houses,,,,,,,,,,,Nicaragua,,,,,,,,,,,,NIC,,,,12.093680499716827,,,,,,,-86.23115554483729,,,60,,,,,,,,,,,"Managua 14199, Las Colinas district, 3rd stage of development (Embassy of Russia)",,https: //t.me/casarusa,,,,,https ://rs dot gov.ru/en/kontakty/russian-houses-abroad/represents-with-map/,,,,,,,,,,,,니카라과,,,,,,,,,러시아 하우스
37,Russia Houses,,,,,,,,,,,Pakistan,,,,,,,,,,,,PAK,,,,24.8546842,,,,,,,67.0207055,,,61,,,,,,,,,,,"Karachi, P.I.C.H.S., 43/4/N, Block-6",,,,,,,https ://rs dot gov.ru/en/kontakty/russian-houses-abroad/represents-with-map/,,,,,,,,,,,,파키스탄,,,,,,,,,러시아 하우스
37,Russia Houses,,,,,,,,,,,Palestine,,,,,,,,,,,,PSE,,,,31.703743797835834,,,,,,,35.21786133384404,,,62,,,,,,,,,,,"Dheshi microdistrict, Jabal Moorer (25095), site No. 2",,https ://t.me/russianhousepalestine,,,,,https ://rs dot gov.ru/en/kontakty/russian-houses-abroad/represents-with-map/,,,,,,,,,,,,팔레스타인,,,,,,,,,러시아 하우스
37,Russia Houses,,,,,,,,,,,Peru,,,,,,,,,,,,PER,,,,-12.0806068,,,,,,,-77.0424072,,,63,,,,,,,,,,,"Lima, Salaveri Street, 774",,,,,,,https ://rs dot gov.ru/en/kontakty/russian-houses-abroad/represents-with-map/,,,,,,,,,,,,페루,,,,,,,,,러시아 하우스
37,Russia Houses,,,,,,,,,,,Portugal,,,,,,,,,,,,PRT,,,,38.73461061651693,,,,,,,-9.138842425,,,64,,,,,,,,,,,"Lisbon, Avenida Duc D'Avila, 185, 6C, 1050-082 (Embassy of Russia)",,https ://t.me/EmbaixadaRusPT,,,,,https ://rs dot gov.ru/en/kontakty/russian-houses-abroad/represents-with-map/,,,,,,,,,,,,포르투갈,,,,,,,,,러시아 하우스
37,Russia Houses,,,,,,,,,,,Serbia,,,,,,,,,,,,SRB,,,,44.80956485726533,,,,,,,20.460918,,,65,,,,,,,,,,,"Belgrade, Queen Natalia Street, 33",,https ://t.me/s/russkydombelgrad,,,,,https ://rs dot gov.ru/en/kontakty/russian-houses-abroad/represents-with-map/,,,,,,,,,,,,세르비아,,,,,,,,,러시아 하우스
37,Russia Houses,,,,,,,,,,,Singapore,,,,,,,,,,,,SGP,,,,1.3140485,,,,,,,103.818186,,,66,,,,,,,,,,,"Singapore, Nassim Road Street, 51 (Embassy of Russia)",,https ://t.me/RusEmbSG,,,,,https ://rs dot gov.ru/en/kontakty/russian-houses-abroad/represents-with-map/,,,,,,,,,,,,싱가포르,,,,,,,,,러시아 하우스
37,Russia Houses,,,,,,,,,,,Slovakia,,,,,,,,,,,,SVK,,,,48.1512915,,,,,,,17.1052328,,,67,,,,,,,,,,,"Bratislava, Frana Krala 2",,https ://www.instagram.com/rcvk.sk/,,,,,https ://rs dot gov.ru/en/kontakty/russian-houses-abroad/represents-with-map/,,,,,,,,,,,,슬로바키아,,,,,,,,,러시아 하우스
37,Russia Houses,,,,,,,,,,,South Africa,,,,,,,,,,,,ZAF,,,,-25.7614801,,,,,,,28.2475744,,,68,,,,,,,,,,,"Pretoria, Brooks Street, 316, Manlo Park (Embassy of the Russian Federation)",,https ://t.me/RussianEmbassyZA,,,,,https ://rs dot gov.ru/en/kontakty/russian-houses-abroad/represents-with-map/,,,,,,,,,,,,남아프리카,,,,,,,,,러시아 하우스
37,Russia Houses,,,,,,,,,,,South Ossetia,,,,,,,,,,,,GEO,,,,42.2256645,,,,,,,43.9700211,,,69,,,,,,,,,,,"Tskhinval, Ostrovsky Street (I. Plieva Street), 17",,https ://t.me/ossrsgov,,,,,https ://rs dot gov.ru/en/kontakty/russian-houses-abroad/represents-with-map/,,,,,,,,,,,,남오세티야,,,,,,,,,러시아 하우스
37,Russia Houses,,,,,,,,,,,Spain,,,,,,,,,,,,ESP,,,,40.4199733,,,,,,,-3.6911465,,,70,,,,,,,,,,,"Madrid, Alcala Street, 61",,https ://t.me/casarusa_madridru,,,,,https ://rs dot gov.ru/en/kontakty/russian-houses-abroad/represents-with-map/,,,,,,,,,,,,스페인,,,,,,,,,러시아 하우스
37,Russia Houses,,,,,,,,,,,Sri Lanka,,,,,,,,,,,,LKA,,,,6.908496147,,,,,,,79.8643259772314,,,71,,,,,,,,,,,"Colombo-7, Independence Avenue Street, 10",,https ://t.me/russianhousecolombo1,,,,,https ://rs dot gov.ru/en/kontakty/russian-houses-abroad/represents-with-map/,,,,,,,,,,,,스리랑카,,,,,,,,,러시아 하우스
37,Russia Houses,,,,,,,,,,,Syria,,,,,,,,,,,,SYR,,,,33.51798623344653,,,,,,,36.29592834422391,,,72,,,,,,,,,,,"Damascus, Suk-Sanut district, st. May 29, PO Box 3097",,https ://t.me/russian_house_syria,,,,,https ://rs dot gov.ru/en/kontakty/russian-houses-abroad/represents-with-map/,,,,,,,,,,,,시리아,,,,,,,,,러시아 하우스
37,Russia Houses,,,,,,,,,,,Tajikistan,,,,,,,,,,,,TJK,,,,38.5615972,,,,,,,68.7955529,,,73,,,,,,,,,,,"Dushanbe, Shohmansur district, 1st Lahuti passage, 4",,https ://t.me/rsgov_tj,,,,,https ://rs dot gov.ru/en/kontakty/russian-houses-abroad/represents-with-map/,,,,,,,,,,,,타지키스탄,,,,,,,,,러시아 하우스
37,Russia Houses,,,,,,,,,,,Tajikistan,,,,,,,,,,,,TJK,,,,40.2856251354632,,,,,,,69.622199,,,74,,,,,,,,,,,"Khujand city, I. Somoni Street, 52",,https ://t.me/rsgov_hodzhent,,,,,https ://rs dot gov.ru/en/kontakty/russian-houses-abroad/represents-with-map/,,,,,,,,,,,,타지키스탄,,,,,,,,,러시아 하우스
37,Russia Houses,,,,,,,,,,,Tanzania,,,,,,,,,,,,TZA,,,,-6.801676015644482,,,,,,,39.287306998006635,,,75,,,,,,,,,,,"Dar es Salaam, Seaview Road Street, 2043/3",,https ://t.me/rtcctanzania,,,,,https ://rs dot gov.ru/en/kontakty/russian-houses-abroad/represents-with-map/,,,,,,,,,,,,탄자니아,,,,,,,,,러시아 하우스
37,Russia Houses,,,,,,,,,,,Thailand,,,,,,,,,,,,THA,,,,13.729653233256869,,,,,,,100.52768244100314,,,76,,,,,,,,,,,"78 Sap Road, Surawong, Bangrak, Bangkok, 10500",,https ://t.me/Russian_House_Thailand,,,,,https ://rs dot gov.ru/en/kontakty/russian-houses-abroad/represents-with-map/,,,,,,,,,,,,태국,,,,,,,,,러시아 하우스
37,Russia Houses,,,,,,,,,,,Tunisia,,,,,,,,,,,,TUN,,,,36.80908854341162,,,,,,,10.17988179,,,77,,,,,,,,,,,"Tunisia, Liberte Street, 34",,https ://t.me/maison_russe_en_tunisie,,,,,https ://rs dot gov.ru/en/kontakty/russian-houses-abroad/represents-with-map/,,,,,,,,,,,,튀니지,,,,,,,,,러시아 하우스
37,Russia Houses,,,,,,,,,,,Turkey,,,,,,,,,,,,TUR,,,,39.867609799699565,,,,,,,32.85684996050053,,,78,,,,,,,,,,,"Ankara, Chankaya district, Hilal quarter, Rabindranath Tagore avenue, No. 68",,https ://t.me/ruseviankara,,,,,https ://rs dot gov.ru/en/kontakty/russian-houses-abroad/represents-with-map/,,,,,,,,,,,,튀르키예,,,,,,,,,러시아 하우스
37,Russia Houses,,,,,,,,,,,Turkmenistan,,,,,,,,,,,,TKM,,,,37.93989761865898,,,,,,,58.39286606789962,,,79,,,,,,,,,,,"Ashgabat, Saparmurat Turkmenbashi Ave., 11",,https ://t.me/asgabatrus,,,,,https ://rs dot gov.ru/en/kontakty/russian-houses-abroad/represents-with-map/,,,,,,,,,,,,투르크메니스탄,,,,,,,,,러시아 하우스
37,Russia Houses,,,,,,,,,,,"UAE, Abu Dhabi",,,,,,,,,,,,ARE,,,,24.4538352,,,,,,,54.3774014,,,80,,,,,,,,,,,"Abu Dhabi, PO Box 8211, Khalifa street., East Plots 65/67",,,,,,,https ://rs dot gov.ru/en/kontakty/russian-houses-abroad/represents-with-map/,,,,,,,,,,,,아랍에미리트 아부다비,,,,,,,,,러시아 하우스
37,Russia Houses,,,,,,,,,,,Uzbekistan,,,,,,,,,,,,UZB,,,,41.3035347,,,,,,,69.2581348,,,82,,,,,,,,,,,"Tashkent, st. Yunus Rajabi 63",,https ://t.me/uzbekistan_rs_gov,,,,,https ://rs dot gov.ru/en/kontakty/russian-houses-abroad/represents-with-map/,,,,,,,,,,,,우즈베키스탄,,,,,,,,,러시아 하우스
37,Russia Houses,,,,,,,,,,,Venezuela,,,,,,,,,,,,VEN,,,,10.481442917261818,,,,,,,-66.86537281246791,,,83,,,,,,,,,,,"Caracas, Quinta Soyuza, Las Lomas Street, Las Mercedes District (Embassy of Russia)",,https ://t.me/CasaRusaenCaracas,,,,,https ://rs dot gov.ru/en/kontakty/russian-houses-abroad/represents-with-map/,,,,,,,,,,,,베네수엘라,,,,,,,,,러시아 하우스
37,Russia Houses,,,,,,,,,,,Vietnam,,,,,,,,,,,,VNM,,,,21.030035636418674,,,,,,,105.81325434739384,,,84,,,,,,,,,,,"Hanoi, Badinh District, Kimma Street, Building 501",,https ://t.me/russianhouseinhanoi,,,,,https ://rs dot gov.ru/en/kontakty/russian-houses-abroad/represents-with-map/,,,,,,,,,,,,베트남,,,,,,,,,러시아 하우스
37,Russia Houses,,,,,,,,,,,Zambia,,,,,,,,,,,,ZMB,,,,-15.423783819861152,,,,,,,28.3105349,,,85,,,,,,,,,,,"Lusaka, Independence Avenue, House 3234, Box 30198",,https ://t.me/russianhouseinzambia,,,,,https ://rs dot gov.ru/en/kontakty/russian-houses-abroad/represents-with-map/,,,,,,,,,,,,잠비아,,,,,,,,,러시아 하우스
4,Taiwan,,,,,,,,,,,Taiwan,,,,,,,,,,,,,,,,,,,,,,,,,,1,,,,,,,,,,,,,,,,31376317344.29492,882636.9858383797,,,,,,,,,,,,,대만,,,,,,,,,대만
46,Caspian Sea,,,,,,,,,,,,,,,,,,,,,,,,,,,,,,,,,,,,,1,,,,,0,,,,,,,,,,,390665424981.5459,4968061.028009718,,,,,Ocean,0,0,,,,,,,,,,,,,,,카스피해
67,Russian State Media Training Events,AF,F,AVA General Director Seyed Isa Hosseini Mazari gave opening remarks for AVA. Pushkov noted the importance of developing Russian-Afghan cooperation and information exchange.,Rossiya Segodnya Director of International Cooperation Vasily Pushkov gave opening remarks and Sputnik Afghanistan producer Akifi Khaibar led the lecture.,,SputnikPro held a lecture for Afghan news outlet Afghan Voice Agency on Russian-Afghan media cooperation in July 2026.,Afghanistan,Afghanistan,AFG,Afghanistan,,,07/2026,07/2026,,106,1,Virtual,T,AF,AF,AFG,AFG,,,,33.8534004 N ,33.8534004,33.8534004,,65.9937395 E,65.9937395,65.9937395,,,,1,1,,1,,,,,Afghan Voice Agency (AVA),,,,Afghanistan,,Sputnik ,SputnikPro,596750660752.9043,4811823.280320171,https ://rossiyasegodnya dot com/20260723/788449.html ; https://www.avapress dot com/en/news/361398/afghanistan-_and-russia-enter-new-stage-in-media-cooperation-afghan-voice-agency-ava-_joins-international-sputnik-pro-project,1,Afghanistan,Afghanistan,,,,스푸트니크프로(SputnikPro)는 2026년 7월 아프가니스탄 뉴스 매체 아프간 보이스 에이전시(Afghan Voice Agency)를 대상으로 러시아-아프가니스탄 미디어 협력에 관한 강연을 진행했다.,AVA의 세예드 이사 호세이니 마자리(Seyed Isa Hosseini Mazari) 사무총장은 AVA를 대표해 개회사를 했다. 푸시코프는 러시아와 아프가니스탄 간 협력 및 정보 교류를 발전시키는 것이 중요하다고 강조했다.,"로시야 세고드냐 국제협력국장 바실리 푸시코프(Vasily Pushkov)가 개회사를 했으며, 스푸트니크 아프가니스탄 프로듀서 아키피 카이바르(Akifi Khaibar)가 강연을 진행했다.",아프가니스탄,아프가니스탄,,,아프가니스탄,아프가니스탄,아프가니스탄,,스푸트니크,스푸트니크프로,온라인,러시아 국영 매체 교육 행사
67,Russian State Media Training Events,AL,,,,,,Albania,Albania,,Albania,,,,,,,,,,AL,,,,,,,,,,,,,,,,,2,,,2,,,,,,,,,,,,,28133500088.828125,941886.3443376714,,,,,,,,,,,알바니아,알바니아,,,,,,,,,,러시아 국영 매체 교육 행사
67,Russian State Media Training Events,DZ,F,12 reportedly attended. Lebanese journalist Karim Charara and Saudi journalist Anwar Al-Qahtani praised the program.,"Rossiya Segodnya Director of International Cooperation Vasily Pushkov, Deputy Director of Rossotrudnichestvo Dmitry Polikanov, and Coordinator of Scientific Projects at the Gorchakov Foundation Liana Dymova opened the program.",,"SputnikPro held a series of workshops and events for journalists from Saudi state news agency Saudi Press Agency (SPA), United Arab Emirates national media outlet Emirates News Agency (WAM), Libyan state news agency Libyan News Agency (LANA), Tunisian news agency Tunis Afrique Presse (TAP), Palestinian news agency Ma’an News Agency (MNA), Lebanese news television channel Al Mayadeen, Moroccan newspaper Bayane Al Yaoume, Egyptian state newspaper Al-Akhbar, Algerian newspaper Le Jeune Indépendant, English-language Egyptian newspaper Daily News Egypt, Tunisian news magazine Réalités, and Syrian state television channel Al-Souriya TV in Moscow in September 2023.",Algeria,Algeria,DZA,Algeria,,,06/2026,09/2023,,75,6,In-Person,F,DZ,DZ,DZA,DZA,1,,,28.251501 N,28.251501,28.251501,Moscow,2.402486 E,2.402486,2.402486,,,,3,62,,24,,,,,Le Jeune Indépendant,1,1,,Algeria,,Sputnik ,SputnikPro,2074191639712.1855,6848872.005176982,https://fr dot sputniknews.africa/20230926/des-journalistes-du-moyen-orient-et-dafrique-du-nord-participent-a-un-stage-sputnikpro-1062369112.html ; https://ria dot ru/20230926/stazhirovka-1898637188.html ,3,Algeria,Algeria,,,,"스푸트니크프로는 2023년 9월 모스크바에서 사우디 국영 통신사 SPA, 아랍에미리트 국영 매체 에미리트 통신사(WAM), 리비아 국영 통신사(LANA), 튀니지 통신사(TAP), 팔레스타인 통신사(MNA), 레바논 뉴스 TV 채널 알마야딘(Al Mayadeen), 모로코 신문 바야네 알 야움(Bayane Al Yaoume), 이집트 국영 신문 알아크바르(Al-Akhbar), 알제리 신문 르 주느 앵디페당(Le Jeune Indépendant), 이집트 영자신문 데일리 뉴스 이집트(Daily News Egypt), 튀니지 뉴스 잡지 레알리테(Réalités), 시리아 국영 TV 채널 알수리야 TV(Al-Souriya TV) 소속 언론인을 대상으로 일련의 워크숍과 행사를 진행했다.",보도에 따르면 12명이 참석했다. 레바논 언론인 카림 샤라라(Karim Charara)와 사우디 언론인 안와르 알카타니(Anwar Al-Qahtani)는 해당 프로그램을 높이 평가했다.,"로시야 세고드냐 국제협력국장 바실리 푸시코프, 로스소트루드니체스트보 부청장 드미트리 폴리카노프(Dmitry Polikanov), 고르차코프 재단 과학 프로젝트 코디네이터 리아나 디모바(Liana Dymova)가 프로그램 개회식을 진행했다.",알제리,알제리,,,알제리,알제리,알제리,모스크바,스푸트니크,스푸트니크프로,대면,러시아 국영 매체 교육 행사
67,Russian State Media Training Events,DZ,F,Reportedly over 250 participants,,,"RT reported that participants from Algeria, Belarus, Brazil, Chile, China, Egypt, France, Germany, India, Italy, Mexico, Moldova, Russia, Serbia, Tajikistan, Turkmenistan, and Uzbekistan joined the 11th cohort of RT School's TV and online journalism course in February 2025.",Algeria,Algeria,DZA,Algeria,,,06/2026,02/2025,,6,6,Virtual,F,DZ,DZ,DZA,DZA,1,,,28.251501 N,28.251501,28.251501,,2.402486 E,2.402486,2.402486,,,,4,63,,24,,,,,,1,1,,Algeria,,RT,RT School,2074191639712.1855,6848872.005176982,https ://t.me/RTschool/2149 ; https ://t.me/RTschool/2132 ; https://vk dot com/wall-202529715_4677 ; https://www.instagram.com/p/DIbhtoPMTQg/  ,3,Algeria,Algeria,,,,"RT는 2025년 2월 알제리, 벨라루스, 브라질, 칠레, 중국, 이집트, 프랑스, 독일, 인도, 이탈리아, 멕시코, 몰도바, 러시아, 세르비아, 타지키스탄, 투르크메니스탄, 우즈베키스탄 출신 참가자들이 RT 스쿨의 TV·온라인 저널리즘 과정 제11기에 참여했다고 보도했다.",보도에 따르면 참가자는 250명을 넘었다.,,알제리,알제리,,,알제리,알제리,알제리,,RT,RT 스쿨,온라인,러시아 국영 매체 교육 행사
67,Russian State Media Training Events,DZ,F,Le Jeune Indépendant's news director Kamel Mansari thanked the Sputnik team for the class.,Sputnik Africa correspondent Anthony Lefevre led the masterclass.,,SputnikPro held a masterclass on creating podcasts for Algerian newspaper Le Jeune Indépendant in July 2025.,Algeria,Algeria,DZA,Algeria,,,06/2026,07/2025,,5,6,Virtual,T,DZ,DZ,DZA,DZA,1,,,28.251501 N,28.251501,28.251501,,2.402486 E,2.402486,2.402486,,,,5,64,,24,,,,,Le Jeune Indépendant,1,1,,Algeria,,Sputnik ,SputnikPro,2074191639712.1855,6848872.005176982,https ://en dot sputniknews.africa/20250716/algerian-newspaper-le-jeune-independant-joins-sputnikpro-project-1075637900.html ; https://xn--c1acbl2abdlkab1og dot xn--p1ai/20250716/700653.html,3,Algeria,Algeria,,,,스푸트니크프로는 2025년 7월 알제리 신문 르 주느 앵디페당(Le Jeune Indépendant) 기자들을 대상으로 팟캐스트 제작에 관한 마스터클래스를 진행했다.,르 주느 앵디페당의 뉴스 책임자 카멜 만사리(Kamel Mansari)는 해당 강의에 대해 스푸트니크 팀에 감사를 표했다.,스푸트니크 아프리카 특파원 앤서니 르페브르(Anthony Lefevre)가 마스터클래스를 진행했다.,알제리,알제리,,,알제리,알제리,알제리,,스푸트니크,스푸트니크프로,온라인,러시아 국영 매체 교육 행사
67,Russian State Media Training Events,DZ,T,"Sputnik claimed in this reporting that it had held in-person SputnikPro meetings in 24 countries and online sessions for participants from 80 countries since 2018 and claimed that over 12,700 participants have joined the program.",Head of Sputnik Africa Viktoria Budanova led the lecture.,,SputnikPro held a lecture on using AI tools in editorial media work for Algerian newspaper Le Jeune Indépendant in August 2025.,Algeria,Algeria,DZA,Algeria,,,06/2026,08/2025,,4,6,Virtual,T,DZ,DZ,DZA,DZA,1,,,28.251501 N,28.251501,28.251501,,2.402486 E,2.402486,2.402486,,,,6,65,,24,,,,,Le Jeune Indépendant,1,1,,Algeria,,Sputnik ,SputnikPro,2074191639712.1855,6848872.005176982,https ://ria dot ru/20250813/sputnik-2035042410.html ; https://www.jeune-independant dot net/ia-generative-et-innovation-mediatique-les-journalistes-du-ji-formes-par-sputnik/,3,Algeria,Algeria,,,,스푸트니크프로는 2025년 8월 알제리 신문 르 주느 앵디페당 기자들을 대상으로 편집·미디어 업무에서 AI 도구를 활용하는 방법에 관한 강연을 진행했다.,"스푸트니크는 해당 보도에서 2018년 이후 24개국에서 대면 스푸트니크프로 회의를 개최하고 80개국 참가자를 대상으로 온라인 세션을 진행했으며, 프로그램 참가자가 1만 2,700명을 넘었다고 주장했다.",스푸트니크 아프리카 책임자 빅토리아 부다노바(Viktoria Budanova)가 강연을 진행했다.,알제리,알제리,,,알제리,알제리,알제리,,스푸트니크,스푸트니크프로,온라인,러시아 국영 매체 교육 행사
67,Russian State Media Training Events,DZ,F,,"RT French head Natalia Lebedeva, RT deputy Editor-in-Chief Alexei Nikolov, and RT Head of Educational Projects Anna Kovtunova attended the workshop. RT French Editor-in-Chief Arseny Samsonov, RT French correspondent Daria Vaganova, RT French presenters Oleg Shommer and Amin Tutakh, RT French producer Anton Shamkov, and RT International correspondents Igor Zhdanov and Rory Suchet spoke to students during the workshop.",,"RT Academy, RT Africa, and RT en français held a two-day journalism training workshop for journalists from Senegal, Madagascar, Cameroon, Namibia, Algeria, Côte d'Ivoire, Tunisia, Benin and The Gambia in March 2026.",Algeria,Algeria,DZA,Algeria,,,06/2026,03/2026,,3,6,In-Person,T,DZ,DZ,DZA,DZA,1,,,28.251501 N,28.251501,28.251501,Moscow,2.402486 E,2.402486,2.402486,,,,8,67,,24,,,,,,1,1,,Algeria,,RT,RT Academy,2074191639712.1855,6848872.005176982,https ://t.me/RTschool/3908 ; https://school dot rt.com/news/233-laureaty-aub-media-awards-2025-premiya-afrikanskogo-veshatelnogo-soyuza-iz-afriki-posetili-rt-academy-v-moskve ,3,Algeria,Algeria,,,,"RT 아카데미, RT 아프리카, RT 프랑스어 채널은 2026년 3월 세네갈, 마다가스카르, 카메룬, 나미비아, 알제리, 코트디부아르, 튀니지, 베냉, 감비아 출신 언론인을 대상으로 이틀간 언론 연수 워크숍을 개최했다.",,"워크숍에는 RT 프랑스어 채널 책임자 나탈리아 레베데바(Natalia Lebedeva), RT 부편집장 알렉세이 니콜로프(Alexei Nikolov), RT 교육 프로젝트 책임자 안나 코브투노바(Anna Kovtunova)가 참석했다. RT 프랑스어 채널 편집장 아르세니 삼소노프(Arseny Samsonov), RT 프랑스어 채널 특파원 다리아 바가노바(Daria Vaganova), RT 프랑스어 채널 진행자 올레그 쇼머(Oleg Shommer)와 아민 투타크(Amin Tutakh), RT 프랑스어 채널 프로듀서 안톤 샴코프(Anton Shamkov), RT 인터내셔널 특파원 이고리 즈다노프(Igor Zhdanov)와 로리 수셰(Rory Suchet)가 워크숍에서 수강생들을 대상으로 강연했다.",알제리,알제리,,,알제리,알제리,알제리,모스크바,RT,RT 아카데미,대면,러시아 국영 매체 교육 행사
67,Russian State Media Training Events,DZ,F,InteRussia is a fellowship program for television journalism training and receives support from the Russian Presidential Grants Foundation.,"Head of RT Arabic Manna Maya, Head of the Department of International Cooperation and Distribution at RT Karina Melikyan, and Academic Programs Coordinator at the Gorchakov Fund Lyana Dymova participated in the opening ceremony. ",,"InteRussia launched a fellowship program for journalists from Algeria, Egypt, Jordan, Libya, Morocco, and Sudan in May 2026.",Algeria,Algeria,DZA,Algeria,,,06/2026,05/2026,,2,6,In-Person,T,DZ,DZ,DZA,DZA,1,,,28.251501 N,28.251501,28.251501,Moscow,2.402486 E,2.402486,2.402486,,,,9,68,,24,,,,,,1,1,,Algeria,,Gorchakov Fund,InteRussia,2074191639712.1855,6848872.005176982,https ://t.me/interussia_programme/1630 ; https://interussia dot com/journalism_en/tpost/51th1dy0b1-interussia-opens-fellowship-for-journali,3,Algeria,Algeria,,,,"인테르러시아(InteRussia)는 2026년 5월 알제리, 이집트, 요르단, 리비아, 모로코, 수단 출신 언론인을 대상으로 펠로십 프로그램을 시작했다.","인테르러시아는 TV 저널리즘 연수를 위한 펠로십 프로그램으로, 러시아 대통령 보조금 재단의 지원을 받는다.","RT 아랍어 채널 책임자 만나 마야(Manna Maya), RT 국제협력·배급부 책임자 카리나 멜리키안(Karina Melikyan), 고르차코프 기금 학술 프로그램 코디네이터 리아나 디모바(Lyana Dymova)가 개막식에 참석했다.",알제리,알제리,,,알제리,알제리,알제리,모스크바,고르차코프 기금,인테르러시아,대면,러시아 국영 매체 교육 행사
67,Russian State Media Training Events,US,,,,,,American Samoa,United States,,American Samoa,,,,,,,,,,AS,,,,,,,,,,,,,,,,,10,,,4,,,,,,,,,,,,,137070835.4609375,56256.75429273174,,,,,,,,,,,아메리칸 사모아,미국,,,,,,,,,,러시아 국영 매체 교육 행사
67,Russian State Media Training Events,AD,,,,,,Andorra,Andorra,,Andorra,,,,,,,,,,AD,,,,,,,,,,,,,,,,,11,,,5,,,,,,,,,,,,,503733484.14294434,86681.86724898772,,,,,,,,,,,안도라,안도라,,,,,,,,,,러시아 국영 매체 교육 행사
67,Russian State Media Training Events,AO,,,,,,Angola,Angola,,Angola,,,,,,,,,,AO,,,,,,,,,,,,,,,,,12,,,6,,,,,,,,,,,,,1039038210424.7504,5883734.320193412,,,,,,,,,,,앙골라,앙골라,,,,,,,,,,러시아 국영 매체 교육 행사
67,Russian State Media Training Events,GB,,,,,,Anguilla,United Kingdom,,Anguilla,,,,,,,,,,AI,,,,,,,,,,,,,,,,,13,,,7,,,,,,,,,,,,,77459562.09472656,46921.042465206505,,,,,,,,,,,앵귈라,영국,,,,,,,,,,러시아 국영 매체 교육 행사
67,Russian State Media Training Events, ,,,,,,Antarctica, ,,Antarctica,,,,,,,,,,AQ,,,,,,,,,,,,,,,,,14,,,8,,,,,,,,,,,,,23084029865875.336,103565431.63464966,,,,,,,,,,,남극 대륙,,,,,,,,,,,러시아 국영 매체 교육 행사
67,Russian State Media Training Events,AG,,,,,,Antigua and Barbuda,Antigua and Barbuda,,Antigua and Barbuda,,,,,,,,,,AG,,,,,,,,,,,,,,,,,15,,,9,,,,,,,,,,,,,453902687.9316406,115172.266685466,,,,,,,,,,,앤티가 바부다,앤티가 바부다,,,,,,,,,,러시아 국영 매체 교육 행사
67,Russian State Media Training Events,AR,F,RU House in Buenos Aires cooperated with Sputnik to hold the lecture,Head of the Sputnik hub in Uruguay Oleg Vyazmitinov led the lecture,,SputnikPro held a lecture on Russian and international media trends for the National University of Quilmes in Argentina in April 2024.,Argentina,Argentina,ARG,Argentina,,,07/2026,04/2024,,94,2,In-Person,F,AR,AR,ARG,ARG,,,,36.1575119 S ,-36.1575119,-36.1575119,Bernal,65.1504078 W ,-65.1504078,-65.1504078,,,,16,4,,3,,,,,National University of Quilmes (UNQ),,,,Argentina,,Sputnik ,SputnikPro,2613077503433.3896,13331285.68833836,https ://xn--c1acbl2abdlkab1og dot xn--p1ai/20240425/613843.html,2,Argentina,Argentina,,,,스푸트니크프로는 2024년 4월 아르헨티나 킬메스국립대학교(National University of Quilmes)에서 러시아 및 국제 미디어 동향에 관한 강연을 진행했다.,부에노스아이레스市 러시아 하우스는 해당 강연 개최를 위해 스푸트니크와 협력했다.,우루과이 스푸트니크 거점 책임자 올레그 뱌즈미티노프(Oleg Vyazmitinov)가 강연을 진행했다.,아르헨티나,아르헨티나,,,아르헨티나,아르헨티나,아르헨티나,베르날,스푸트니크,스푸트니크프로,대면,러시아 국영 매체 교육 행사
67,Russian State Media Training Events,AR,F,,Rossiya Segodnya Director of International Cooperation Vasily Pushkov and Gorchakov Fund Deputy Executive Director Sergey Orlov met with program participants. ,,"SputnikPro held a series of workshops and visits of cultural sites in Moscow for journalists from Argentine newspapers Ámbito Financiero and Página 12, Bolivian newspaper Visión 360, Brazilian news website Brasil 247, Colombian newspaper El Espectador, Dominican newspaper Listín Diario, Ecuadorean state media conglomerate Empresa Pública de Comunicación del Ecuador and Ecuadorean radio station Exa FM, Mexican news website Sin Línea, and Peruvian state news agency Agencia Peruana de Noticias Andina in October 2025. ",Argentina,Argentina,ARG,Argentina,,,06/2026,10/2025,,7,2,In-Person,T,AR,AR,ARG,ARG,,,,36.1575119 S ,-36.1575119,-36.1575119,Moscow,65.1504078 W ,-65.1504078,-65.1504078,,,,17,5,,3,,,,,Ambito Financiero ; Página 12,,,,Argentina,,Sputnik ,SputnikPro,2613077503433.3896,13331285.68833836,https ://noticiaslatam dot lat/20251002/1167101023.html ; https://ria dot ru/20251001/stazhirovka-2045675688.html ; https://interussia dot com/journalism_en/tpost/k8uu3viem1-fellowship-for-latin-american-journalist ,2,Argentina,Argentina,,,,"스푸트니크프로는 2025년 10월 아르헨티나 신문 암비토 피난시에로(Ámbito Financiero)와 파히나 12(Página 12), 볼리비아 신문 비시온 360(Visión 360), 브라질 뉴스 웹사이트 브라질 247(Brasil 247), 콜롬비아 신문 엘 에스펙타도르(El Espectador), 도미니카공화국 신문 리스트ín 디아리오(Listín Diario), 에콰도르 국영 미디어 그룹 에콰도르 공공커뮤니케이션공사 및 라디오 방송국 엑사 FM(Exa FM), 멕시코 뉴스 웹사이트 신 리네아(Sin Línea), 페루 국영 통신사 안디나(Agencia Peruana de Noticias Andina) 소속 언론인을 대상으로 모스크바에서 일련의 워크숍과 문화유적 방문 행사를 진행했다.",,로시야 세고드냐 국제협력국장 바실리 푸시코프와 고르차코프 기금 부집행이사 세르게이 오를로프(Sergey Orlov)가 프로그램 참가자들과 만났다.,아르헨티나,아르헨티나,,,아르헨티나,아르헨티나,아르헨티나,모스크바,스푸트니크,스푸트니크프로,대면,러시아 국영 매체 교육 행사
67,Russian State Media Training Events,AM,F,15 people,Director of the Sputnik Multimedia Centers Directorate in the CIS and Baltic States Andrei Blagodyrenko and Head of the Public Diplomacy Department of Rossotrudnichestvo Ekaterina Torubarova led the training.,,"SputnikPro held a week-long training program for journalists from Belarusian broadcaster Gomel TV and Radio Company, Kazakhstani television channel 24KZ (formerly Khabar24), Armenian television channel Tsayg TV, and state broadcaster in Russian-occupied South Ossetia State Television and Radio Company ""Ir"" on international multimedia agency, photojournalism, disinformation problems, and news verification methods in October 2022. ",Armenia,Armenia,ARM,Armenia,,,07/2026,10/2022,,100,4,In-Person,F,AM,AM,ARM,ARM,,1,,40.4680011 N ,40.4680011,40.4680011,Moscow,44.7100960 E,44.710096,44.710096,,,,18,6,,4,,,,,Tsayg TV,,,,Armenia,,Sputnik ,SputnikPro,28945202969.583008,1168496.503360026,https ://xn--c1acbl2abdlkab1og dot xn--p1ai/20221004/311815.html,3,Armenia,Armenia,,,,"스푸트니크프로는 2022년 10월 벨라루스 고멜 TV·라디오 방송사, 카자흐스탄 TV 채널 24KZ(구 하바르24), 아르메니아 TV 채널 차이그 TV(Tsayg TV), 러시아가 점령한 남오세티야의 국영 방송사 '이르'(Ir) 소속 언론인을 대상으로 모스크바에서 일주일간 연수 프로그램을 진행했다. 연수 내용은 국제 멀티미디어 통신사, 포토저널리즘, 허위정보 문제, 뉴스 검증 방법 등이었다.",15명,독립국가연합(CIS)·발트해 국가 담당 스푸트니크 멀티미디어센터국장 안드레이 블라고디렌코(Andrei Blagodyrenko)와 로스소트루드니체스트보 공공외교부장 예카테리나 토루바로바(Ekaterina Torubarova)가 연수를 진행했다.,아르메니아,아르메니아,,,아르메니아,아르메니아,아르메니아,모스크바,스푸트니크,스푸트니크프로,대면,러시아 국영 매체 교육 행사
67,Russian State Media Training Events,AM,F,Reportedly over 30 journalists,Tashkent blogger Polina Kostina praised the program.,,"Rossotrudnichestvo hosted journalists and bloggers from Armenia, Kyrgyzstan, Kazakhstan, pro-Russian breakaway region of Moldova, Transnistria, and Uzbekistan for a media training program at the InterNovosti media school in Moscow in December 2023. ",Armenia,Armenia,ARM,Armenia,,,06/2026,12/2023,,10,4,In-Person,F,AM,AM,ARM,ARM,,1,,40.4680011 N ,40.4680011,40.4680011,Moscow,44.7100960 E,44.710096,44.710096,,,,19,7,,4,,,,,,,,,Armenia,,Rossotrudnichestvo,InterNovosti,28945202969.583008,1168496.503360026,https ://rs dot gov.ru/en/news/new-rossotrudnichestvo-project-for-foreign-journalists/,3,Armenia,Armenia,,,,"로스소트루드니체스트보는 2023년 12월 모스크바 인터노보스티(InterNovosti) 미디어 학교에서 열린 연수 프로그램에 아르메니아, 키르기스스탄, 카자흐스탄, 몰도바의 친러시아 분리 지역인 트란스니스트리아, 우즈베키스탄 출신 언론인과 블로거를 초청했다.",보도에 따르면 언론인 30여 명이 참석했다.,타슈켄트市 블로거 폴리나 코스티나(Polina Kostina)는 해당 프로그램을 높이 평가했다.,아르메니아,아르메니아,,,아르메니아,아르메니아,아르메니아,모스크바,로스소트루드니체스트보,인터노보스티,대면,러시아 국영 매체 교육 행사
67,Russian State Media Training Events,AM,F,"Sputnik claimed that this was the second time participating in a SputnikPro program for most participants. Sputnik claimed in this article that 48 journalists completed SputnikPro on Zubovsky in 2023 and 36 participated through May, June, and July of 2024.","Sputnik Near Abroad Editor-in-Chief Alexander Samokhvalov, video editing specialist Dmitry Budantsev, AI specialist Alexander Petrov, Sputnik presenter Viktoria Federova, and Sputnik journalist Armen Gasparyan conducted training for the program.",,"SputnikPro on Zubovsky held a series of training sessions for journalists from Russian-occupied Abkhazia and Armenia, Azerbaijan, Belarus, Georgia, Kyrgyzstan, and Uzbekistan in July 2024.",Armenia,Armenia,ARM,Armenia,,,06/2026,07/2024,,9,4,In-Person,F,AM,AM,ARM,ARM,,1,,40.4680011 N ,40.4680011,40.4680011,Moscow,44.7100960 E,44.710096,44.710096,,,,20,8,,4,,,,,,,,,Armenia,,Sputnik ,SputnikPro,28945202969.583008,1168496.503360026,https ://ru dot sputnik.kg/20240719/sputnikpro-mediatrendy-1087175081.html ; https://www.krsu dot kg/en/universitet/universitet-v-smi/sputnikpro-mezhdunarodnye-zhurnalisty-obuchayutsya-novejshim-mediatrendam-v-moskve/,3,Armenia,Armenia,,,,"스푸트니크프로 온 주보프스키(SputnikPro on Zubovsky)는 2024년 7월 러시아가 점령한 압하지야와 아르메니아, 아제르바이잔, 벨라루스, 조지아, 키르기스스탄, 우즈베키스탄 출신 언론인을 대상으로 일련의 연수 세션을 진행했다.","스푸트니크는 대부분의 참가자가 스푸트니크프로 프로그램에 참여한 것이 두 번째라고 주장했다. 또한 해당 기사에서 2023년에는 언론인 48명이 스푸트니크프로 온 주보프스키 과정을 수료했고, 2024년 5~7월에는 36명이 참가했다고 주장했다.","스푸트니크 근외지역 담당 편집장 알렉산드르 사모흐발로프(Alexander Samokhvalov), 영상 편집 전문가 드미트리 부단체프(Dmitry Budantsev), AI 전문가 알렉산드르 페트로프(Alexander Petrov), 스푸트니크 진행자 빅토리아 페도도바(Viktoria Federova), 스푸트니크 기자 아르멘 가스파랸(Armen Gasparyan)이 연수를 진행했다.",아르메니아,아르메니아,,,아르메니아,아르메니아,아르메니아,모스크바,스푸트니크,스푸트니크프로,대면,러시아 국영 매체 교육 행사
67,Russian State Media Training Events,AM,F,,,,"SputnikPro on Zubovsky held a masterclass on the creation and promotion of Telegram channels for journalists from Russian-occupied Abkhazia and Armenia, Belarus, Kazakhstan, Kyrgyzstan, Uzbekistan, and Tajikistan in Moscow in September 2025.",Armenia,Armenia,ARM,Armenia,,,06/2026,09/2025,,8,4,In-Person,T,AM,AM,ARM,ARM,,1,,40.4680011 N ,40.4680011,40.4680011,Moscow,44.7100960 E,44.710096,44.710096,,,,21,9,,4,,,,,,,,,Armenia,,Sputnik ,SputnikPro,28945202969.583008,1168496.503360026,https ://vk dot com/wall-228821367_7025 ; https://ria dot ru/20250922/sputnikpro-2043532205.html ; https://am dot sputniknews dot ru/20250920/armyanskie-zhurnalisty-proshli-tretiy-sezon-proekta-sputnikpro-na-zubovskom-93687768.html,3,Armenia,Armenia,,,,"스푸트니크프로 온 주보프스키는 2025년 9월 모스크바에서 러시아가 점령한 압하지야와 아르메니아, 벨라루스, 카자흐스탄, 키르기스스탄, 우즈베키스탄, 타지키스탄 출신 언론인을 대상으로 텔레그램 채널 개설 및 홍보에 관한 마스터클래스를 진행했다.",,,아르메니아,아르메니아,,,아르메니아,아르메니아,아르메니아,모스크바,스푸트니크,스푸트니크프로,대면,러시아 국영 매체 교육 행사
67,Russian State Media Training Events,NL,,,,,,Aruba,Netherlands,,Aruba,,,,,,,,,,AW,,,,,,,,,,,,,,,,,22,,,12,,,,,,,,,,,,,166156016.57470703,60222.31476987608,,,,,,,,,,,아루바,네덜란드,,,,,,,,,,러시아 국영 매체 교육 행사
67,Russian State Media Training Events,AU,,,,,,Australia,Australia,,Australia,,,,,,,,,,AU,,,,,,,,,,,,,,,,,23,,,13,,,,,,,,,,,,,6790483132354.2295,25575430.74297781,,,,,,,,,,,오스트레일리아,오스트레일리아,,,,,,,,,,러시아 국영 매체 교육 행사
67,Russian State Media Training Events,AT,,,,,,Austria,Austria,,Austria,,,,,,,,,,AT,,,,,,,,,,,,,,,,,24,,,14,,,,,,,,,,,,,87081191627.14429,1966041.6536655512,,,,,,,,,,,오스트리아,오스트리아,,,,,,,,,,러시아 국영 매체 교육 행사
67,Russian State Media Training Events,AZ,F,,Rossiya Segodnya adviser Oleg Dmitriev led the class.,,"SputnikPro held a masterclass on content advertising and data management for journalists in Baku, Azerbaijan, in April 2023. ",Azerbaijan,Azerbaijan,AZE,Azerbaijan,,,06/2026,04/2023,,65,3,In-Person,F,AZ,AZ,AZE,AZE,,,,40.183052 N,40.183052,40.183052,Baku,47.311555 E,47.311555,47.311555,,,,26,11,,5,,,,,,,,,Azerbaijan,,Sputnik ,SputnikPro,160346694964.83496,2750487.238222149,https ://rs dot gov.ru/news/v-baku-proshel-master-klass-sputnikpro-dlya-zhurnalistov/ ; https://rutube dot ru/video/ef1cf4c9e7b143cf0efe7eb4c8bd848c/ ,3,Azerbaijan,Azerbaijan,,,,스푸트니크프로는 2023년 4월 아제르바이잔 바쿠市에서 언론인을 대상으로 콘텐츠 광고 및 데이터 관리에 관한 마스터클래스를 진행했다.,,로시야 세고드냐 고문 올레그 드미트리예프(Oleg Dmitriev)가 강의를 진행했다.,아제르바이잔,아제르바이잔,,,아제르바이잔,아제르바이잔,아제르바이잔,바쿠,스푸트니크,스푸트니크프로,대면,러시아 국영 매체 교육 행사
67,Russian State Media Training Events,AZ,F,,"Sputnik video production department employee Alexander Petrov, Sputnik journalist Armen Gasparyan, Rossiya Segodnya deputy Editor-in-Chief Natalia Loseva, and Sputnik Near Abroad journalist and presenter Victoria Fyodorova spoke during the program. Sputnik reported that this was the second time dostuk.media correspondent Yana Kraynyukova and KRSU Youth Culture and Creativity Center Director Galina Ketova participated in a SputnikPro program",,"SputnikPro on Zubovsky held a series of training sessions for journalists from Russian-occupied Abkhazia and Azerbaijan, Belarus, Kazakhstan, Kyrgyzstan, Moldova, Uzbekistan, and Russian-occupied South Ossetia in Moscow in May 2024.",Azerbaijan,Azerbaijan,AZE,Azerbaijan,,,06/2026,05/2024,,12,3,In-Person,F,AZ,AZ,AZE,AZE,,,,40.183052 N,40.183052,40.183052,Moscow,47.311555 E,47.311555,47.311555,,,,27,12,,5,,,,,,,,,Azerbaijan,,Sputnik ,SputnikPro,160346694964.83496,2750487.238222149,https ://ru dot sputnik.kg/20240524/moskva-novyj-sezon-proekt-sputnikpro-na-zubovskom-zhurnalist-1085450660.html ; https://ruj dot ru/preview/v-moskve-startoval-novyi-sezon-proekta-sputnikpro-na-zubovskom-dlya-zhurnalistov-21448 ,3,Azerbaijan,Azerbaijan,,,,"스푸트니크프로 온 주보프스키는 2024년 5월 모스크바에서 러시아가 점령한 압하지야와 아제르바이잔, 벨라루스, 카자흐스탄, 키르기스스탄, 몰도바, 우즈베키스탄 및 러시아가 점령한 남오세티야 출신 언론인을 대상으로 일련의 연수 세션을 진행했다.",,"스푸트니크 영상제작부 직원 알렉산드르 페트로프, 스푸트니크 기자 아르멘 가스파랸, 로시야 세고드냐 부편집장 나탈리아 로세바(Natalia Loseva), 스푸트니크 근외지역 담당 기자 겸 진행자 빅토리아 표도로바(Victoria Fyodorova)가 프로그램에서 강연했다. 스푸트니크는 도스투크 미디어(dostuk.media) 특파원 야나 크라이뉴코바(Yana Kraynyukova)와 키르기스-러시아 슬라브대학교(KRSU) 청년문화·창의센터장 갈리나 케토바(Galina Ketova)가 스푸트니크프로 프로그램에 두 번째로 참여했다고 보도했다.",아제르바이잔,아제르바이잔,,,아제르바이잔,아제르바이잔,아제르바이잔,모스크바,스푸트니크,스푸트니크프로,대면,러시아 국영 매체 교육 행사
67,Russian State Media Training Events,AZ,F,"Sputnik claimed that this was the second time participating in a SputnikPro program for most participants. Sputnik claimed in this article that 48 journalists completed SputnikPro on Zubovsky in 2023 and 36 participated through May, June, and July of 2024.","Sputnik Near Abroad Editor-in-Chief Alexander Samokhvalov, video editing specialist Dmitry Budantsev, AI specialist Alexander Petrov, Sputnik presenter Viktoria Federova, and Sputnik journalist Armen Gasparyan conducted training for the program.",,"SputnikPro on Zubovsky held a series of training sessions for journalists from Russian-occupied Abkhazia and Armenia, Azerbaijan, Belarus, Georgia, Kyrgyzstan, and Uzbekistan in July 2024.",Azerbaijan,Azerbaijan,AZE,Azerbaijan,,,06/2026,07/2024,,9,3,In-Person,F,AZ,AZ,AZE,AZE,,,,40.183052 N,40.183052,40.183052,Moscow,47.311555 E,47.311555,47.311555,,,,28,13,,5,,,,,,,,,Azerbaijan,,Sputnik ,SputnikPro,160346694964.83496,2750487.238222149,https ://ru dot sputnik.kg/20240719/sputnikpro-mediatrendy-1087175081.html ; https://www.krsu dot kg/en/universitet/universitet-v-smi/sputnikpro-mezhdunarodnye-zhurnalisty-obuchayutsya-novejshim-mediatrendam-v-moskve/,3,Azerbaijan,Azerbaijan,,,,"스푸트니크프로 온 주보프스키(SputnikPro on Zubovsky)는 2024년 7월 러시아가 점령한 압하지야와 아르메니아, 아제르바이잔, 벨라루스, 조지아, 키르기스스탄, 우즈베키스탄 출신 언론인을 대상으로 일련의 연수 세션을 진행했다.","스푸트니크는 대부분의 참가자가 스푸트니크프로 프로그램에 참여한 것이 두 번째라고 주장했다. 또한 해당 기사에서 2023년에는 언론인 48명이 스푸트니크프로 온 주보프스키 과정을 수료했고, 2024년 5~7월에는 36명이 참가했다고 주장했다.","스푸트니크 근외지역 담당 편집장 알렉산드르 사모흐발로프(Alexander Samokhvalov), 영상 편집 전문가 드미트리 부단체프(Dmitry Budantsev), AI 전문가 알렉산드르 페트로프(Alexander Petrov), 스푸트니크 진행자 빅토리아 페도도바(Viktoria Federova), 스푸트니크 기자 아르멘 가스파랸(Armen Gasparyan)이 연수를 진행했다.",아제르바이잔,아제르바이잔,,,아제르바이잔,아제르바이잔,아제르바이잔,모스크바,스푸트니크,스푸트니크프로,대면,러시아 국영 매체 교육 행사
67,Russian State Media Training Events,PT,,,,,,Azores,Portugal,,Azores,,,,,,,,,,PT,,,,,,,,,,,,,,,,,29,,,16,,,,,,,,,,,,,2469625905.2958984,593430.7099991891,,,,,,,,,,,아조레스 제도,포르투갈,,,,,,,,,,러시아 국영 매체 교육 행사
67,Russian State Media Training Events,BS,,,,,,Bahamas,Bahamas,,Bahamas,,,,,,,,,,BS,,,,,,,,,,,,,,,,,30,,,17,,,,,,,,,,,,,10601449878.97754,2504759.311407329,,,,,,,,,,,바하마,바하마,,,,,,,,,,러시아 국영 매체 교육 행사
67,Russian State Media Training Events,BH,,,,,,Bahrain,Bahrain,,Bahrain,,,,,,,,,,BH,,,,,,,,,,,,,,,,,31,,,18,,,,,,,,,,,,,565007522.0986328,170431.3615587017,,,,,,,,,,,바레인,바레인,,,,,,,,,,러시아 국영 매체 교육 행사
67,Russian State Media Training Events,BD,F,20 people,Rossiya Segodnya adviser Oleg Dmitriev led the masterclass.,,SputnikPro held a masterclass on podcast creation for University of Liberal Arts Bangladesh (ULAB) in January 2023.,Bangladesh,Bangladesh,BGD,Bangladesh,,,07/2026,01/2023,,98,2,Virtual,F,BD,BD,BGD,BGD,,,,23.513763 N,23.513763,23.513763,,90.164284 E,90.164284,90.164284,,,,32,21,,10,,,,,University of Liberal Arts Bangladesh (ULAB),,,,Bangladesh,,Sputnik ,SputnikPro,120171015443.72266,4302110.110997908,https ://xn--c1acbl2abdlkab1og dot xn--p1ai/20230119/396033.html,2,Bangladesh,Bangladesh,,,,스푸트니크프로는 2023년 1월 방글라데시 자유예술대학교(ULAB)에서 팟캐스트 제작에 관한 마스터클래스를 진행했다.,20명,로시야 세고드냐 고문 올레그 드미트리예프가 마스터클래스를 진행했다.,방글라데시,방글라데시,,,방글라데시,방글라데시,방글라데시,,스푸트니크,스푸트니크프로,온라인,러시아 국영 매체 교육 행사
67,Russian State Media Training Events,BD,T,,,,"SputnikPro held a workshop on using AI for content creation, preparing radio programs, and managing social media for Daffodil International University in Bangladesh in February 2026.",Bangladesh,Bangladesh,BGD,Bangladesh,,,06/2026,02/2026,,1,2,Virtual,T,BD,BD,BGD,BGD,,,,23.513763 N,23.513763,23.513763,,90.164284 E,90.164284,90.164284,,,,33,22,,10,,,,,Daffodil International University (DIU),,,,Bangladesh,,Sputnik ,SputnikPro,120171015443.72266,4302110.110997908,https ://xn--c1acbl2abdlkab1og dot xn--p1ai/20260219/766601.html; https://www.instagram.com/p/DU-_mDcj9zW/?utm_source=ig_web_copy_link&igsh=NTc4MTIwNjQ2YQ==,2,Bangladesh,Bangladesh,,,,"스푸트니크프로는 2026년 2월 방글라데시 다포딜국제대학교(Daffodil International University)에서 AI를 활용한 콘텐츠 제작, 라디오 프로그램 준비, 소셜미디어 관리에 관한 워크숍을 진행했다.",,,방글라데시,방글라데시,,,방글라데시,방글라데시,방글라데시,,스푸트니크,스푸트니크프로,온라인,러시아 국영 매체 교육 행사
67,Russian State Media Training Events,BB,,,,,,Barbados,Barbados,,Barbados,,,,,,,,,,BB,,,,,,,,,,,,,,,,,34,,,20,,,,,,,,,,,,,372246510.86328125,81976.88928623908,,,,,,,,,,,바베이도스,바베이도스,,,,,,,,,,러시아 국영 매체 교육 행사
67,Russian State Media Training Events,BY,F,15 people,Director of the Sputnik Multimedia Centers Directorate in the CIS and Baltic States Andrei Blagodyrenko and Head of the Public Diplomacy Department of Rossotrudnichestvo Ekaterina Torubarova led the training.,,"SputnikPro held a week-long training program for journalists from Belarusian broadcaster Gomel TV and Radio Company, Kazakhstani television channel 24KZ (formerly Khabar24), Armenian television channel Tsayg TV, and state broadcaster in Russian-occupied South Ossetia State Television and Radio Company ""Ir"" on international multimedia agency, photojournalism, disinformation problems, and news verification methods in October 2022. ",Belarus,Belarus,BLR,Belarus,,,07/2026,10/2022,,100,10,In-Person,F,BY,BY,BLR,BLR,,,,53.351967 N,53.351967,53.351967,Moscow,28.033069 E,28.033069,28.033069,,,3,35,23,,11,,,,,Gomel TV and Radio Company,,1,,Belarus,,Sputnik ,SputnikPro,228353588677.18066,2758349.8961291676,https ://xn--c1acbl2abdlkab1og dot xn--p1ai/20221004/311815.html,6,Belarus,Belarus,,,,"스푸트니크프로는 2022년 10월 벨라루스 고멜 TV·라디오 방송사, 카자흐스탄 TV 채널 24KZ(구 하바르24), 아르메니아 TV 채널 차이그 TV(Tsayg TV), 러시아가 점령한 남오세티야의 국영 방송사 '이르'(Ir) 소속 언론인을 대상으로 모스크바에서 일주일간 연수 프로그램을 진행했다. 연수 내용은 국제 멀티미디어 통신사, 포토저널리즘, 허위정보 문제, 뉴스 검증 방법 등이었다.",15명,독립국가연합(CIS)·발트해 국가 담당 스푸트니크 멀티미디어센터국장 안드레이 블라고디렌코(Andrei Blagodyrenko)와 로스소트루드니체스트보 공공외교부장 예카테리나 토루바로바(Ekaterina Torubarova)가 연수를 진행했다.,벨라루스,벨라루스,,,벨라루스,벨라루스,벨라루스,모스크바,스푸트니크,스푸트니크프로,대면,러시아 국영 매체 교육 행사
67,Russian State Media Training Events,BY,F,36 participants. New Media Workshop claimed that war correspondents and journalists from RU and 8 other countries applied for the program.,New Media Workshop founder Yulia Ablets commented on the program.,,New Media Workshop held a media training session for journalists and bloggers from Belarus and Belgium in April 2024.,Belarus,Belarus,BLR,Belarus,,,07/2026,04/2024,,102,10,In-Person,F,BY,BY,BLR,BLR,,,,53.351967 N,53.351967,53.351967,Moscow,28.033069 E,28.033069,28.033069,,,3,36,24,,11,,,,,,,1,,Belarus,,Russia - Country of Opportunities,New Media Workshop,228353588677.18066,2758349.8961291676,https ://tass dot ru/obschestvo/20676931,6,Belarus,Belarus,,,,뉴미디어 워크숍(New Media Workshop)은 2024년 4월 벨라루스와 벨기에 출신 언론인 및 블로거를 대상으로 미디어 연수 세션을 진행했다.,참가자는 36명이었다. 뉴미디어 워크숍은 러시아와 8개국 출신 종군기자 및 언론인이 프로그램에 지원했다고 밝혔다.,뉴미디어 워크숍 설립자 율리야 아블레츠(Yulia Ablets)가 프로그램에 관해 논평했다.,벨라루스,벨라루스,,,벨라루스,벨라루스,벨라루스,모스크바,러시아-기회의 나라,뉴미디어 워크숍,대면,러시아 국영 매체 교육 행사
67,Russian State Media Training Events,BY,F,,"Sputnik video production department employee Alexander Petrov, Sputnik journalist Armen Gasparyan, Rossiya Segodnya deputy Editor-in-Chief Natalia Loseva, and Sputnik Near Abroad journalist and presenter Victoria Fyodorova spoke during the program. Sputnik reported that this was the second time dostuk.media correspondent Yana Kraynyukova and KRSU Youth Culture and Creativity Center Director Galina Ketova participated in a SputnikPro program",,"SputnikPro on Zubovsky held a series of training sessions for journalists from Russian-occupied Abkhazia and Azerbaijan, Belarus, Kazakhstan, Kyrgyzstan, Moldova, Uzbekistan, and Russian-occupied South Ossetia in Moscow in May 2024.",Belarus,Belarus,BLR,Belarus,,,06/2026,05/2024,,12,10,In-Person,F,BY,BY,BLR,BLR,,,,53.351967 N,53.351967,53.351967,Moscow,28.033069 E,28.033069,28.033069,,,3,37,25,,11,,,,,,,1,,Belarus,,Sputnik ,SputnikPro,228353588677.18066,2758349.8961291676,https ://ru dot sputnik.kg/20240524/moskva-novyj-sezon-proekt-sputnikpro-na-zubovskom-zhurnalist-1085450660.html ; https://ruj dot ru/preview/v-moskve-startoval-novyi-sezon-proekta-sputnikpro-na-zubovskom-dlya-zhurnalistov-21448 ,6,Belarus,Belarus,,,,"스푸트니크프로 온 주보프스키는 2024년 5월 모스크바에서 러시아가 점령한 압하지야와 아제르바이잔, 벨라루스, 카자흐스탄, 키르기스스탄, 몰도바, 우즈베키스탄 및 러시아가 점령한 남오세티야 출신 언론인을 대상으로 일련의 연수 세션을 진행했다.",,"스푸트니크 영상제작부 직원 알렉산드르 페트로프, 스푸트니크 기자 아르멘 가스파랸, 로시야 세고드냐 부편집장 나탈리아 로세바(Natalia Loseva), 스푸트니크 근외지역 담당 기자 겸 진행자 빅토리아 표도로바(Victoria Fyodorova)가 프로그램에서 강연했다. 스푸트니크는 도스투크 미디어(dostuk.media) 특파원 야나 크라이뉴코바(Yana Kraynyukova)와 키르기스-러시아 슬라브대학교(KRSU) 청년문화·창의센터장 갈리나 케토바(Galina Ketova)가 스푸트니크프로 프로그램에 두 번째로 참여했다고 보도했다.",벨라루스,벨라루스,,,벨라루스,벨라루스,벨라루스,모스크바,스푸트니크,스푸트니크프로,대면,러시아 국영 매체 교육 행사
67,Russian State Media Training Events,BY,F,"Sputnik claimed that this was the second time participating in a SputnikPro program for most participants. Sputnik claimed in this article that 48 journalists completed SputnikPro on Zubovsky in 2023 and 36 participated through May, June, and July of 2024.","Sputnik Near Abroad Editor-in-Chief Alexander Samokhvalov, video editing specialist Dmitry Budantsev, AI specialist Alexander Petrov, Sputnik presenter Viktoria Federova, and Sputnik journalist Armen Gasparyan conducted training for the program.",,"SputnikPro on Zubovsky held a series of training sessions for journalists from Russian-occupied Abkhazia and Armenia, Azerbaijan, Belarus, Georgia, Kyrgyzstan, and Uzbekistan in July 2024.",Belarus,Belarus,BLR,Belarus,,,06/2026,07/2024,,9,10,In-Person,F,BY,BY,BLR,BLR,,,,53.351967 N,53.351967,53.351967,Moscow,28.033069 E,28.033069,28.033069,,,3,38,26,,11,,,,,,,1,,Belarus,,Sputnik ,SputnikPro,228353588677.18066,2758349.8961291676,https ://ru dot sputnik.kg/20240719/sputnikpro-mediatrendy-1087175081.html ; https://www.krsu dot kg/en/universitet/universitet-v-smi/sputnikpro-mezhdunarodnye-zhurnalisty-obuchayutsya-novejshim-mediatrendam-v-moskve/,6,Belarus,Belarus,,,,"스푸트니크프로 온 주보프스키(SputnikPro on Zubovsky)는 2024년 7월 러시아가 점령한 압하지야와 아르메니아, 아제르바이잔, 벨라루스, 조지아, 키르기스스탄, 우즈베키스탄 출신 언론인을 대상으로 일련의 연수 세션을 진행했다.","스푸트니크는 대부분의 참가자가 스푸트니크프로 프로그램에 참여한 것이 두 번째라고 주장했다. 또한 해당 기사에서 2023년에는 언론인 48명이 스푸트니크프로 온 주보프스키 과정을 수료했고, 2024년 5~7월에는 36명이 참가했다고 주장했다.","스푸트니크 근외지역 담당 편집장 알렉산드르 사모흐발로프(Alexander Samokhvalov), 영상 편집 전문가 드미트리 부단체프(Dmitry Budantsev), AI 전문가 알렉산드르 페트로프(Alexander Petrov), 스푸트니크 진행자 빅토리아 페도도바(Viktoria Federova), 스푸트니크 기자 아르멘 가스파랸(Armen Gasparyan)이 연수를 진행했다.",벨라루스,벨라루스,,,벨라루스,벨라루스,벨라루스,모스크바,스푸트니크,스푸트니크프로,대면,러시아 국영 매체 교육 행사
67,Russian State Media Training Events,BY,F,"70 participants from 32 regions of RU  + Italy, France, India, Belarus, Estonia, Turkmenistan. Chief Director of the Internet Broadcasting Directorate of the Belarusian Television and Radio Company Alexander Khorovets and pro-Russian war correspondents Andrea Lucidi and Laurent Brayard participated in the training.",New Media Workshop founder Yulia Ablets commented on the program.,,"New Media Workshop held a training session for media executives, journalists, bloggers from India, Belarus, Estonia, Turkmenistan, and military correspondents from Italy and France who cover combat activity in Donbas, in July 2024.",Belarus,Belarus,BLR,Belarus,,,07/2026,07/2024,,103,10,In-Person,F,BY,BY,BLR,BLR,,,,53.351967 N,53.351967,53.351967,Moscow,28.033069 E,28.033069,28.033069,,,3,39,27,,11,,,,,,,1,,Belarus,,Russia - Country of Opportunities,New Media Workshop,228353588677.18066,2758349.8961291676,https ://tass dot ru/obschestvo/21330221,6,Belarus,Belarus,,,,"뉴미디어 워크숍은 2024년 7월 인도, 벨라루스, 에스토니아, 투르크메니스탄 출신 미디어 경영진·언론인·블로거와 돈바스 전투 상황을 취재하는 이탈리아 및 프랑스 종군기자를 대상으로 연수 세션을 진행했다.","러시아 32개 지역과 이탈리아, 프랑스, 인도, 벨라루스, 에스토니아, 투르크메니스탄에서 70명이 참가했다. 벨라루스 텔레비전·라디오 방송사의 인터넷 방송국장 알렉산드르 호로베츠(Alexander Khorovets)와 친러시아 종군기자 안드레아 루치디(Andrea Lucidi), 로랑 브레이야르(Laurent Brayard)가 연수에 참여했다.",뉴미디어 워크숍 설립자 율리야 아블레츠(Yulia Ablets)가 프로그램에 관해 논평했다.,벨라루스,벨라루스,,,벨라루스,벨라루스,벨라루스,모스크바,러시아-기회의 나라,뉴미디어 워크숍,대면,러시아 국영 매체 교육 행사
67,Russian State Media Training Events,BY,F,Reportedly over 250 participants,,,"RT reported that participants from Algeria, Belarus, Brazil, Chile, China, Egypt, France, Germany, India, Italy, Mexico, Moldova, Russia, Serbia, Tajikistan, Turkmenistan, and Uzbekistan joined the 11th cohort of RT School's TV and online journalism course in February 2025.",Belarus,Belarus,BLR,Belarus,,,06/2026,02/2025,,6,10,Virtual,F,BY,BY,BLR,BLR,,,,53.351967 N,53.351967,53.351967,,28.033069 E,28.033069,28.033069,,,3,40,28,,11,,,,,,,1,,Belarus,,RT,RT School,228353588677.18066,2758349.8961291676,https ://t.me/RTschool/2149 ; https ://t.me/RTschool/2132 ; https://vk dot com/wall-202529715_4677 ; https://www.instagram.com/p/DIbhtoPMTQg/  ,6,Belarus,Belarus,,,,"RT는 2025년 2월 알제리, 벨라루스, 브라질, 칠레, 중국, 이집트, 프랑스, 독일, 인도, 이탈리아, 멕시코, 몰도바, 러시아, 세르비아, 타지키스탄, 투르크메니스탄, 우즈베키스탄 출신 참가자들이 RT 스쿨의 TV·온라인 저널리즘 과정 제11기에 참여했다고 보도했다.",보도에 따르면 참가자는 250명을 넘었다.,,벨라루스,벨라루스,,,벨라루스,벨라루스,벨라루스,,RT,RT 스쿨,온라인,러시아 국영 매체 교육 행사
67,Russian State Media Training Events,BY,F,,,,"SputnikPro on Zubovsky held a masterclass on the creation and promotion of Telegram channels for journalists from Russian-occupied Abkhazia and  Armenia, Belarus, Kazakhstan, Kyrgyzstan, Uzbekistan, and Tajikistan in Moscow in September 2025.",Belarus,Belarus,BLR,Belarus,,,06/2026,09/2025,,8,10,In-Person,T,BY,BY,BLR,BLR,,,,53.351967 N,53.351967,53.351967,Moscow,28.033069 E,28.033069,28.033069,,,3,41,29,,11,,,,,,,1,,Belarus,,Sputnik ,SputnikPro,228353588677.18066,2758349.8961291676,https ://vk dot com/wall-228821367_7025 ; https://ria dot ru/20250922/sputnikpro-2043532205.html ; https://am dot sputniknews dot ru/20250920/armyanskie-zhurnalisty-proshli-tretiy-sezon-proekta-sputnikpro-na-zubovskom-93687768.html,6,Belarus,Belarus,,,,"스푸트니크프로 온 주보프스키는 2025년 9월 모스크바에서 러시아가 점령한 압하지야와 아르메니아, 벨라루스, 카자흐스탄, 키르기스스탄, 우즈베키스탄, 타지키스탄 출신 언론인을 대상으로 텔레그램 채널 개설 및 홍보에 관한 마스터클래스를 진행했다.",,,벨라루스,벨라루스,,,벨라루스,벨라루스,벨라루스,모스크바,스푸트니크,스푸트니크프로,대면,러시아 국영 매체 교육 행사
67,Russian State Media Training Events,BY,T,,Head of the video production department at Rossiya Segodnya Alexander Petrov conducted the lecture.,,SputnikPro held a lecture on using AI tools to optimize media workflows at the Sputnik Belarus multimedia press center in Minsk in March 2026.,Belarus,Belarus,BLR,Belarus,,,06/2026,03/2026,,81,10,In-Person,T,BY,BY,BLR,BLR,,,,53.351967 N,53.351967,53.351967,Minsk,28.033069 E,28.033069,28.033069,,,3,42,30,,11,,,,,,,1,,Belarus,,Sputnik ,SputnikPro,228353588677.18066,2758349.8961291676,https ://sputnik dot by/20260324/sputnikpro-smogut-li-neyroseti-zamenit-cheloveka-1105528324.html,6,Belarus,Belarus,,,,스푸트니크프로는 2026년 3월 민스크市의 스푸트니크 벨라루스 멀티미디어 프레스센터에서 미디어 업무 흐름을 최적화하기 위한 AI 도구 활용법에 관한 강연을 진행했다.,,로시야 세고드냐 영상제작부장 알렉산드르 페트로프가 강연을 진행했다.,벨라루스,벨라루스,,,벨라루스,벨라루스,벨라루스,민스크,스푸트니크,스푸트니크프로,대면,러시아 국영 매체 교육 행사
67,Russian State Media Training Events,BY,T,,Deputy Head of the All-Russian Information Department at RIA Novosti's Main Information Directorate Dilyara Solntseva-Elbe led the workshop.,,SputnikPro held a workshop on using AI to prepare and present news at the Sputnik Belarus multimedia press center in Minsk in May 2026.,Belarus,Belarus,BLR,Belarus,,,06/2026,05/2026,,13,10,In-Person,T,BY,BY,BLR,BLR,,,,53.351967 N,53.351967,53.351967,Minsk,28.033069 E,28.033069,28.033069,,,3,43,31,,11,,,,,,,1,,Belarus,,Sputnik ,SputnikPro,228353588677.18066,2758349.8961291676,https ://sputnik dot by/20260519/sputnikpro-gde-iskusstvennyy-intellekt-pomogaet-zhurnalistam-a-gde-opasen-1107239210.html ; https://bel dot sputnik.by/20260519/sputnikpro-dze-shtuchny-ntelekt-dapamagae-zhurnalstam-a-dze-nebyaspechny-1107243127.html ,6,Belarus,Belarus,,,,스푸트니크프로는 2026년 5월 민스크市의 스푸트니크 벨라루스 멀티미디어 프레스센터에서 AI를 활용한 뉴스 준비 및 발표에 관한 워크숍을 진행했다.,,리아 노보스티 정보총국 산하 전러시아 정보부 부국장 딜랴라 솔른체바엘베(Dilyara Solntseva-Elbe)가 워크숍을 진행했다.,벨라루스,벨라루스,,,벨라루스,벨라루스,벨라루스,민스크,스푸트니크,스푸트니크프로,대면,러시아 국영 매체 교육 행사
67,Russian State Media Training Events,BY,F,"80 participants from 34 regions of RU + BY, Abkhazia, and South Ossetia",New Media Workshop founder Yulia Ablets commented on the program.,,"New Media Workshop held a media workshop on personal brand development, talk shows creation, new program development, and real-event reporting for media specialists from Belarus, Russian-occupied Abkhazia, and Russian-occupied South Ossetia in July 2026.",Belarus,Belarus,BLR,Belarus,,,07/2026,07/2026,,104,10,In-Person,T,BY,BY,BLR,BLR,,,,53.351967 N,53.351967,53.351967,Moscow,28.033069 E,28.033069,28.033069,,,3,44,32,,11,,,,,,,1,,Belarus,,Russia - Country of Opportunities,New Media Workshop,228353588677.18066,2758349.8961291676,https ://tass dot ru/obschestvo/27920071,6,Belarus,Belarus,,,,"뉴미디어 워크숍은 2026년 7월 벨라루스, 러시아가 점령한 압하지야, 러시아가 점령한 남오세티야 출신 미디어 전문가를 대상으로 개인 브랜드 개발, 토크쇼 제작, 신규 프로그램 개발, 현장 사건 보도에 관한 미디어 워크숍을 진행했다.","러시아 34개 지역과 벨라루스, 압하지야, 남오세티야에서 80명이 참가했다.",뉴미디어 워크숍 설립자 율리야 아블레츠(Yulia Ablets)가 프로그램에 관해 논평했다.,벨라루스,벨라루스,,,벨라루스,벨라루스,벨라루스,모스크바,러시아-기회의 나라,뉴미디어 워크숍,대면,러시아 국영 매체 교육 행사
67,Russian State Media Training Events,BE,F,36 participants. New Media Workshop claimed that war correspondents and journalists from RU and 8 other countries applied for the program.,New Media Workshop founder Yulia Ablets commented on the program.,,New Media Workshop held a media training session for journalists and bloggers from Belarus and Belgium in April 2024.,Belgium,Belgium,BEL,Belgium,,,07/2026,04/2024,,102,1,In-Person,F,BE,BE,BEL,BEL,,,,50.7611230 N ,50.761123,50.761123,Moscow,4.5179076 E,4.5179076,4.5179076,,,1,45,16,,7,,,,,,,,,Belgium,,Russia - Country of Opportunities,New Media Workshop,32705872694.849976,1069996.3435782099,https ://tass dot ru/obschestvo/20676931,,Belgium,Belgium,,,,뉴미디어 워크숍(New Media Workshop)은 2024년 4월 벨라루스와 벨기에 출신 언론인 및 블로거를 대상으로 미디어 연수 세션을 진행했다.,참가자는 36명이었다. 뉴미디어 워크숍은 러시아와 8개국 출신 종군기자 및 언론인이 프로그램에 지원했다고 밝혔다.,뉴미디어 워크숍 설립자 율리야 아블레츠(Yulia Ablets)가 프로그램에 관해 논평했다.,벨기에,벨기에,,,벨기에,벨기에,벨기에,모스크바,러시아-기회의 나라,뉴미디어 워크숍,대면,러시아 국영 매체 교육 행사
67,Russian State Media Training Events,BZ,,,,,,Belize,Belize,,Belize,,,,,,,,,,BZ,,,,,,,,,,,,,,,,,46,,,23,,,,,,,,,,,,,18672113480.84082,900614.186663766,,,,,,,,,,,벨리즈,벨리즈,,,,,,,,,,러시아 국영 매체 교육 행사
67,Russian State Media Training Events,BJ,F,,"RT French head Natalia Lebedeva, RT deputy Editor-in-Chief Alexei Nikolov, and RT Head of Educational Projects Anna Kovtunova attended the workshop. RT French Editor-in-Chief Arseny Samsonov, RT French correspondent Daria Vaganova, RT French presenters Oleg Shommer and Amin Tutakh, RT French producer Anton Shamkov, and RT International correspondents Igor Zhdanov and Rory Suchet spoke to students during the workshop.",,"RT Academy, RT Africa, and RT en français held a two-day journalism training workshop for journalists from Senegal, Madagascar, Cameroon, Namibia, Algeria, Côte d'Ivoire, Tunisia, Benin and The Gambia in March 2026.",Benin,Benin,BEN,Benin,,,06/2026,03/2026,,3,1,In-Person,T,BJ,BJ,BEN,BEN,,,,9.40452 N,9.40452,9.40452,Moscow,2.201306 E,2.201306,2.201306,,,,47,17,,8,,,,,,1,,,Benin,,RT,RT Academy,96100415180.43791,1748005.524567339,https ://t.me/RTschool/3908 ; https://school dot rt.com/news/233-laureaty-aub-media-awards-2025-premiya-afrikanskogo-veshatelnogo-soyuza-iz-afriki-posetili-rt-academy-v-moskve ,,Benin,Benin,,,,"RT 아카데미, RT 아프리카, RT 프랑스어 채널은 2026년 3월 세네갈, 마다가스카르, 카메룬, 나미비아, 알제리, 코트디부아르, 튀니지, 베냉, 감비아 출신 언론인을 대상으로 이틀간 언론 연수 워크숍을 개최했다.",,"워크숍에는 RT 프랑스어 채널 책임자 나탈리아 레베데바(Natalia Lebedeva), RT 부편집장 알렉세이 니콜로프(Alexei Nikolov), RT 교육 프로젝트 책임자 안나 코브투노바(Anna Kovtunova)가 참석했다. RT 프랑스어 채널 편집장 아르세니 삼소노프(Arseny Samsonov), RT 프랑스어 채널 특파원 다리아 바가노바(Daria Vaganova), RT 프랑스어 채널 진행자 올레그 쇼머(Oleg Shommer)와 아민 투타크(Amin Tutakh), RT 프랑스어 채널 프로듀서 안톤 샴코프(Anton Shamkov), RT 인터내셔널 특파원 이고리 즈다노프(Igor Zhdanov)와 로리 수셰(Rory Suchet)가 워크숍에서 수강생들을 대상으로 강연했다.",베냉,베냉,,,베냉,베냉,베냉,모스크바,RT,RT 아카데미,대면,러시아 국영 매체 교육 행사
67,Russian State Media Training Events,GB,,,,,,Bermuda,United Kingdom,,Bermuda,,,,,,,,,,BM,,,,,,,,,,,,,,,,,48,,,25,,,,,,,,,,,,,19737371.921875,41384.84231462076,,,,,,,,,,,버뮤다,영국,,,,,,,,,,러시아 국영 매체 교육 행사
67,Russian State Media Training Events,BT,,,,,,Bhutan,Bhutan,,Bhutan,,,,,,,,,,BT,,,,,,,,,,,,,,,,,49,,,26,,,,,,,,,,,,,35451346441.87695,885902.8838266705,,,,,,,,,,,부탄,부탄,,,,,,,,,,러시아 국영 매체 교육 행사
67,Russian State Media Training Events,BO,F,Sputnik cited San Francisco de Asís University students Carla Riveros and Ricardo Alfredo Ramírez Gutiérrez praising the workshop.,Director of Sputnik’s Uruguay office Oleg Vizamitinov led the workshop.,,"SputnikPro held a workshop on countering fake news, the impact of new media tools on traditional journalism, and Russian and Bolivian media trends for students of the San Francisco de Asís University in Bolivia in March 2021.",Bolivia,"Bolivia, Plurinational State of",BOL,Bolivia,,,06/2026,03/2021,,66,2,Virtual,F,BO,BO,BOL,BOL,,,,16.4640187 S,-16.4640187,-16.4640187,,64.393026 W,-64.393026,-64.393026,,,,50,33,,12,,,,,San Francisco de Asís University (USFA),,,,Bolivia,,Sputnik ,SputnikPro,917569473432.9497,5276401.97773818,https ://noticiaslatam dot lat/20210302/otra-universidad-boliviana-se-suma-al-proyecto-sputnikpro--1109409879.html ,2,Bolivia,Bolivia,,,,"스푸트니크프로는 2021년 3월 볼리비아 산 프란시스코 데 아시스대학교(San Francisco de Asís University) 학생들을 대상으로 가짜 뉴스 대응, 새로운 미디어 도구가 전통적 저널리즘에 미치는 영향, 러시아와 볼리비아의 미디어 동향에 관한 워크숍을 진행했다.",스푸트니크는 산 프란시스코 데 아시스대학교 학생 카를라 리베로스(Carla Riveros)와 리카르도 알프레도 라미레스 구티에레스(Ricardo Alfredo Ramírez Gutiérrez)가 워크숍을 높이 평가했다고 인용 보도했다.,스푸트니크 우루과이 사무소장 올레그 비자미티노프(Oleg Vizamitinov)가 워크숍을 진행했다.,볼리비아,볼리비아,,,볼리비아,볼리비아,볼리비아,,스푸트니크,스푸트니크프로,온라인,러시아 국영 매체 교육 행사
67,Russian State Media Training Events,BO,F,,Rossiya Segodnya Director of International Cooperation Vasily Pushkov and Gorchakov Fund Deputy Executive Director Sergey Orlov met with program participants. ,,"SputnikPro held a series of workshops and visits of cultural sites in Moscow for journalists from Argentine newspapers Ámbito Financiero and Página 12, Bolivian newspaper Visión 360, Brazilian news website Brasil 247, Colombian newspaper El Espectador, Dominican newspaper Listín Diario, Ecuadorean state media conglomerate Empresa Pública de Comunicación del Ecuador and Ecuadorean radio station Exa FM, Mexican news website Sin Línea, and Peruvian state news agency Agencia Peruana de Noticias Andina in October 2025. ",Bolivia,"Bolivia, Plurinational State of",BOL,Bolivia,,,06/2026,10/2025,,7,2,In-Person,T,BO,BO,BOL,BOL,,,,16.4640187 S,-16.4640187,-16.4640187,Moscow,64.393026 W,-64.393026,-64.393026,,,,51,34,,12,,,,,Visión 360 ,,,,Bolivia,,Sputnik ,SputnikPro,917569473432.9497,5276401.97773818,https ://noticiaslatam dot lat/20251002/1167101023.html ; https://ria dot ru/20251001/stazhirovka-2045675688.html ; https://interussia dot com/journalism_en/tpost/k8uu3viem1-fellowship-for-latin-american-journalist ,2,Bolivia,Bolivia,,,,"스푸트니크프로는 2025년 10월 아르헨티나 신문 암비토 피난시에로(Ámbito Financiero)와 파히나 12(Página 12), 볼리비아 신문 비시온 360(Visión 360), 브라질 뉴스 웹사이트 브라질 247(Brasil 247), 콜롬비아 신문 엘 에스펙타도르(El Espectador), 도미니카공화국 신문 리스트ín 디아리오(Listín Diario), 에콰도르 국영 미디어 그룹 에콰도르 공공커뮤니케이션공사 및 라디오 방송국 엑사 FM(Exa FM), 멕시코 뉴스 웹사이트 신 리네아(Sin Línea), 페루 국영 통신사 안디나(Agencia Peruana de Noticias Andina) 소속 언론인을 대상으로 모스크바에서 일련의 워크숍과 문화유적 방문 행사를 진행했다.",,로시야 세고드냐 국제협력국장 바실리 푸시코프와 고르차코프 기금 부집행이사 세르게이 오를로프(Sergey Orlov)가 프로그램 참가자들과 만났다.,볼리비아,볼리비아,,,볼리비아,볼리비아,볼리비아,모스크바,스푸트니크,스푸트니크프로,대면,러시아 국영 매체 교육 행사
67,Russian State Media Training Events,NL,,,,,,Bonaire,Netherlands,,Bonaire,,,,,,,,,,BQ,,,,,,,,,,,,,,,,,52,,,28,,,,,,,,,,,,,262997995.52734375,83527.358483743,,,,,,,,,,,보네르,네덜란드,,,,,,,,,,러시아 국영 매체 교육 행사
67,Russian State Media Training Events,BA,,,,,,Bosnia and Herzegovina,Bosnia and Herzegovina,,Bosnia and Herzegovina,,,,,,,,,,BA,,,,,,,,,,,,,,,,,53,,,29,,,,,,,,,,,,,51909843995.993164,1228715.61218184,,,,,,,,,,,보스니아 헤르체고비나,보스니아 헤르체고비나,,,,,,,,,,러시아 국영 매체 교육 행사
67,Russian State Media Training Events,BW,,,,,,Botswana,Botswana,,Botswana,,,,,,,,,,BW,,,,,,,,,,,,,,,,,54,,,30,,,,,,,,,,,,,499813941659.5166,3393110.86997644,,,,,,,,,,,보츠와나,보츠와나,,,,,,,,,,러시아 국영 매체 교육 행사
67,Russian State Media Training Events,NO,,,,,,Bouvet Island,Norway,,Bouvet Island,,,,,,,,,,BV,,,,,,,,,,,,,,,,,55,,,31,,,,,,,,,,,,,63853553.04797363,30980.53354283035,,,,,,,,,,,부베섬,노르웨이,,,,,,,,,,러시아 국영 매체 교육 행사
67,Russian State Media Training Events,BR,F,,Rossiya Segodnya adviser Oleg Dmitriev led the masterclass.,,"SputnikPro held a masterclass on podcast creation and radio programming for the University of Sorocaba in Brazil, in September 2023.",Brazil,Brazil,BRA,Brazil,,,07/2026,09/2023,,95,3,Virtual,F,BR,BR,BRA,BRA,,,,11.102339 S,-11.102339,-11.102339,,53.012298 W,-53.012298,-53.012298,,,,56,35,,13,,,,,University of Sorocaba (UNISO),,1,,Brazil,,Sputnik ,SputnikPro,7070882439393.247,24893081.2184774,https ://xn--c1acbl2abdlkab1og dot xn--p1ai/20230929/566667.html,2,Brazil,Brazil,,,,스푸트니크프로는 2023년 9월 브라질 소로카바대학교(University of Sorocaba)에서 팟캐스트 제작 및 라디오 프로그램 편성에 관한 마스터클래스를 진행했다.,,로시야 세고드냐 고문 올레그 드미트리예프가 마스터클래스를 진행했다.,브라질,브라질,,,브라질,브라질,브라질,,스푸트니크,스푸트니크프로,온라인,러시아 국영 매체 교육 행사
67,Russian State Media Training Events,BR,F,Reportedly over 250 participants,,,"RT reported that participants from Algeria, Belarus, Brazil, Chile, China, Egypt, France, Germany, India, Italy, Mexico, Moldova, Russia, Serbia, Tajikistan, Turkmenistan, and Uzbekistan joined the 11th cohort of RT School's TV and online journalism course in February 2025.",Brazil,Brazil,BRA,Brazil,,,06/2026,02/2025,,6,3,Virtual,F,BR,BR,BRA,BRA,,,,11.102339 S,-11.102339,-11.102339,,53.012298 W,-53.012298,-53.012298,,,,57,36,,13,,,,,,,1,,Brazil,,RT,RT School,7070882439393.247,24893081.2184774,https //t.me/RTschool/2149 ; https //t.me/RTschool/2132 ; https://vk dot com/wall-202529715_4677 ; https://www.instagram.com/p/DIbhtoPMTQg/  ,2,Brazil,Brazil,,,,"RT는 2025년 2월 알제리, 벨라루스, 브라질, 칠레, 중국, 이집트, 프랑스, 독일, 인도, 이탈리아, 멕시코, 몰도바, 러시아, 세르비아, 타지키스탄, 투르크메니스탄, 우즈베키스탄 출신 참가자들이 RT 스쿨의 TV·온라인 저널리즘 과정 제11기에 참여했다고 보도했다.",보도에 따르면 참가자는 250명을 넘었다.,,브라질,브라질,,,브라질,브라질,브라질,,RT,RT 스쿨,온라인,러시아 국영 매체 교육 행사
67,Russian State Media Training Events,BR,F,,Rossiya Segodnya Director of International Cooperation Vasily Pushkov and Gorchakov Fund Deputy Executive Director Sergey Orlov met with program participants. ,,"SputnikPro held a series of workshops and visits of cultural sites in Moscow for journalists from Argentine newspapers Ámbito Financiero and Página 12, Bolivian newspaper Visión 360, Brazilian news website Brasil 247, Colombian newspaper El Espectador, Dominican newspaper Listín Diario, Ecuadorean state media conglomerate Empresa Pública de Comunicación del Ecuador and Ecuadorean radio station Exa FM, Mexican news website Sin Línea, and Peruvian state news agency Agencia Peruana de Noticias Andina in October 2025. ",Brazil,Brazil,BRA,Brazil,,,06/2026,10/2025,,7,3,In-Person,T,BR,BR,BRA,BRA,,,,11.102339 S,-11.102339,-11.102339,Moscow,53.012298 W,-53.012298,-53.012298,,,,58,37,,13,,,,,Brasil 247,,1,,Brazil,,Sputnik ,SputnikPro,7070882439393.247,24893081.2184774,https ://noticiaslatam dot lat/20251002/1167101023.html ; https://ria dot ru/20251001/stazhirovka-2045675688.html ; https://interussia dot com/journalism_en/tpost/k8uu3viem1-fellowship-for-latin-american-journalist ,2,Brazil,Brazil,,,,"스푸트니크프로는 2025년 10월 아르헨티나 신문 암비토 피난시에로(Ámbito Financiero)와 파히나 12(Página 12), 볼리비아 신문 비시온 360(Visión 360), 브라질 뉴스 웹사이트 브라질 247(Brasil 247), 콜롬비아 신문 엘 에스펙타도르(El Espectador), 도미니카공화국 신문 리스트ín 디아리오(Listín Diario), 에콰도르 국영 미디어 그룹 에콰도르 공공커뮤니케이션공사 및 라디오 방송국 엑사 FM(Exa FM), 멕시코 뉴스 웹사이트 신 리네아(Sin Línea), 페루 국영 통신사 안디나(Agencia Peruana de Noticias Andina) 소속 언론인을 대상으로 모스크바에서 일련의 워크숍과 문화유적 방문 행사를 진행했다.",,로시야 세고드냐 국제협력국장 바실리 푸시코프와 고르차코프 기금 부집행이사 세르게이 오를로프(Sergey Orlov)가 프로그램 참가자들과 만났다.,브라질,브라질,,,브라질,브라질,브라질,모스크바,스푸트니크,스푸트니크프로,대면,러시아 국영 매체 교육 행사
67,Russian State Media Training Events,GB,,,,,,British Indian Ocean Territory,United Kingdom,,British Indian Ocean Territory,,,,,,,,,,IO,,,,,,,,,,,,,,,,,59,,,33,,,,,,,,,,,,,74470005.1586914,87990.03211712258,,,,,,,,,,,영국령 인도양 지역,영국,,,,,,,,,,러시아 국영 매체 교육 행사
67,Russian State Media Training Events,GB,,,,,,British Virgin Islands,United Kingdom,,British Virgin Islands,,,,,,,,,,VG,,,,,,,,,,,,,,,,,60,,,34,,,,,,,,,,,,,97977525.17675781,63665.914788241294,,,,,,,,,,,영국령 버진아일랜드,영국,,,,,,,,,,러시아 국영 매체 교육 행사
67,Russian State Media Training Events,BN,,,,,,Brunei Darussalam,Brunei Darussalam,,Brunei Darussalam,,,,,,,,,,BN,,,,,,,,,,,,,,,,,61,,,35,,,,,,,,,,,,,4716148507.041992,497121.84170472185,,,,,,,,,,,브루나이,브루나이,,,,,,,,,,러시아 국영 매체 교육 행사
67,Russian State Media Training Events,BG,,,,,,Bulgaria,Bulgaria,,Bulgaria,,,,,,,,,,BG,,,,,,,,,,,,,,,,,62,,,36,,,,,,,,,,,,,110480287182.44922,1867200.259017038,,,,,,,,,,,불가리아,불가리아,,,,,,,,,,러시아 국영 매체 교육 행사
67,Russian State Media Training Events,BF,T,Reportedly 100 journalists,"Sputnik Senior Social Media Editor Anna Kalinkina and Sputnik podcast hosts Anthony Lefebvre and Akhmat Bakhit led the training, and Rossiya Segodnya International Cooperation Directorate Project Manager Anastasia Alyamovskaya moderated. RTB Director General Galip Some welcomed Sputnik.",,SputnikPro held a two-day journalism training session on creating podcasts and incorporating AI into media workflows for journalists from Burkina Faso national broadcaster Radio Télévision du Burkina (RTB) in August 2025.,Burkina Faso,Burkina Faso,BFA,Burkina Faso,,,06/2026,08/2025,,14,3,Virtual,T,BF,BF,BFA,BFA,,,,12.1766 N,12.1766,12.1766,,1.441802 W,-1.441802,-1.441802,,,,63,18,,9,,,,,Radiodiffusion Télévision du Burkina (RTB),1,,,Burkina Faso,,Sputnik ,SputnikPro,226637845440.3591,2682083.23882754,https ://xn--c1acbl2abdlkab1og dot xn--p1ai/20250815/716774.html ; https://fr dot sputniknews.africa/20250815/1076985653.html,2,Burkina Faso,Burkina Faso,,,,스푸트니크프로는 2025년 8월 부르키나파소 국영 방송사 라디오·텔레비전 부르키나(RTB) 소속 언론인을 대상으로 팟캐스트 제작 및 미디어 업무 흐름에 AI를 접목하는 방법에 관한 이틀간의 언론 연수 세션을 진행했다.,보도에 따르면 언론인 100명이 참가했다.,"스푸트니크 수석 소셜미디어 편집자 안나 칼린키나(Anna Kalinkina)와 팟캐스트 진행자 앤서니 르페브르(Anthony Lefebvre), 아흐마트 바히트(Akhmat Bakhit)가 연수를 진행했으며, 로시야 세고드냐 국제협력국 프로젝트 매니저 아나스타시야 알랴모프스카야(Anastasia Alyamovskaya)가 사회를 맡았다. RTB 사무총장 갈립 소메(Galip Some)는 스푸트니크 측을 환영했다.",부르키나파소,부르키나파소,,,부르키나파소,부르키나파소,부르키나파소,,스푸트니크,스푸트니크프로,온라인,러시아 국영 매체 교육 행사
67,Russian State Media Training Events,BF,F,,,,"RT Academy announced the second cohort of students for the African course in November 2025, which contained students from more than 20 African countries, including Burkina Faso, Cameroon, Congo, Democratic Republic of Congo, Ethiopia, Ghana, Kenya, Mali, Niger, Senegal, Sudan, and Uganda.",Burkina Faso,Burkina Faso,BFA,Burkina Faso,,,06/2026,11/2025,,77,3,Virtual,T,BF,BF,BFA,BFA,,,,12.1766 N,12.1766,12.1766,,1.441802 W,-1.441802,-1.441802,,,,64,19,,9,,,,,,1,,,Burkina Faso,,RT,RT Academy,226637845440.3591,2682083.23882754,https ://t.me/RTschool/3298 ; https ://t.me/RTschool/3352  ,2,Burkina Faso,Burkina Faso,,,,"RT 아카데미는 2025년 11월 아프리카 과정 2기 수강생을 발표했다. 수강생은 부르키나파소, 카메룬, 콩고, 콩고민주공화국, 에티오피아, 가나, 케냐, 말리, 니제르, 세네갈, 수단, 우간다 등 아프리카 20여 개국 출신이었다.",,,부르키나파소,부르키나파소,,,부르키나파소,부르키나파소,부르키나파소,,RT,RT 아카데미,온라인,러시아 국영 매체 교육 행사
67,Russian State Media Training Events,BF,F,Sputnik claimed that more than 20 students participated in the webinar.,Sputnik Africa correspondent Ahmat Tahir Bakhit led the webinar.,,"SputnikPro held a webinar on detecting disinformation, information factchecking, and developing media strategies in the context of ""information wars” for students of the Institut Supérieur de la Communication et du Multimédia (ISCOM) in Burkina Faso in April 2026.",Burkina Faso,Burkina Faso,BFA,Burkina Faso,,,06/2026,04/2026,,67,3,Virtual,T,BF,BF,BFA,BFA,,,,12.1766 N,12.1766,12.1766,,1.441802 W,-1.441802,-1.441802,,,,65,20,,9,,,,,Institut Supérieur de la Communication et du Multimédia (ISCOM),1,,,Burkina Faso,,Sputnik ,SputnikPro,226637845440.3591,2682083.23882754,https ://fr dot sputniknews.africa/20260427/une-universite-burkinabe-rejoint-pour-la-premiere-fois-le-projet-sputnikpro-1085348179.html ; https://ria dot ru/20260427/sputnikpro-2089151251.html,2,Burkina Faso,Burkina Faso,,,,"스푸트니크프로는 2026년 4월 부르키나파소의 고등커뮤니케이션·멀티미디어연구소(ISCOM) 학생들을 대상으로 ‘정보전’ 상황에서의 허위정보 탐지, 정보 사실 확인, 미디어 전략 개발에 관한 웨비나를 진행했다.",스푸트니크는 웨비나에 학생 20여 명이 참가했다고 주장했다.,스푸트니크 아프리카 특파원 아흐마트 타히르 바히트(Ahmat Tahir Bakhit)가 웨비나를 진행했다.,부르키나파소,부르키나파소,,,부르키나파소,부르키나파소,부르키나파소,,스푸트니크,스푸트니크프로,온라인,러시아 국영 매체 교육 행사
67,Russian State Media Training Events,BI,T,,Sputnik Africa social media editor Anna Kalinkina led the lecture.,,SputnikPro held a masterclass on using AI tools in multimedia content creation for Burundian state news agency Burundi News Agency in August 2024.,Burundi,Burundi,BDI,Burundi,,,07/2026,08/2024,,93,2,Virtual,F,BI,BI,BDI,BDI,1,,,3.3586452 S ,-3.3586452,-3.3586452,,29.9326639 E,29.9326639,29.9326639,,,,66,14,,6,,,,,Burundi News Agency (ABP),,,,Burundi,,Sputnik ,SputnikPro,22291164171.974976,783465.3200380564,https ://xn--c1acbl2abdlkab1og dot xn--p1ai/20240823/631667.html ; https: //fr dot sputniknews.africa/20240823/sputnikpro-pour-les-journalistes-de-labp-ne-pas-avoir-peur-dutiliser-les-technologies-de-lia-1067980396.html,1,Burundi,Burundi,,,,스푸트니크프로는 2024년 8월 부룬디 국영 통신사 부룬디 통신사(Burundi News Agency)에서 멀티미디어 콘텐츠 제작에 AI 도구를 활용하는 방법에 관한 마스터클래스를 진행했다.,,스푸트니크 아프리카 소셜미디어 편집자 안나 칼린키나가 강연을 진행했다.,부룬디,부룬디,,,부룬디,부룬디,부룬디,,스푸트니크,스푸트니크프로,온라인,러시아 국영 매체 교육 행사
67,Russian State Media Training Events,BI,F,,"Director of the International Cooperation Directorate and RT Media Group Vasily Pushkov, Deputy Executive Director of the Gorchakov Fund Sergey Orlov, Rossotrudnichestvo representative Elena Litvichenko",,"InteRussia held a fellowship program for journalists from Burundi, Zambia, Cameroon, Kenya, Mozambique, Rwanda, Senegal, Somalia, and Uganda in July 2026.",Burundi,Burundi,BDI,Burundi,,,07/2026,07/2026,,105,2,In-Person,T,BI,BI,BDI,BDI,1,,,3.3586452 S ,-3.3586452,-3.3586452,Moscow,29.9326639 E,29.9326639,29.9326639,,,,67,15,,6,,,,,,,,,Burundi,,Gorchakov Fund,InteRussia,22291164171.974976,783465.3200380564,https ://t.me/interussia_programme/1817,1,Burundi,Burundi,,,,"인테르러시아는 2026년 7월 부룬디, 잠비아, 카메룬, 케냐, 모잠비크, 르완다, 세네갈, 소말리아, 우간다 출신 언론인을 대상으로 펠로십 프로그램을 진행했다.",,"국제협력국장 겸 RT 미디어 그룹 소속 바실리 푸시코프, 고르차코프 기금 부집행이사 세르게이 오를로프, 로스소트루드니체스트보 대표 엘레나 리트비첸코(Elena Litvichenko)가 참석했다.",부룬디,부룬디,,,부룬디,부룬디,부룬디,모스크바,고르차코프 기금,인테르러시아,대면,러시아 국영 매체 교육 행사
67,Russian State Media Training Events,CV,,,,,,Cabo Verde,Cabo Verde,,Cabo Verde,,,,,,,,,,CV,,,,,,,,,,,,,,,,,68,,,39,,,,,,,,,,,,,3392505969.8320312,650130.4128182654,,,,,,,,,,,카보베르데,카보베르데,,,,,,,,,,러시아 국영 매체 교육 행사
67,Russian State Media Training Events,KH,F,RT claimed that over 500 participants joined the workshops.,,,"RT Academy held a series of media workshops on news coverage, the use of AI in journalism, and video content creation for students from Indonesia, the Philippines, Malaysia, Cambodia, Thailand, and South Korea in Jakarta, Indonesia, in December 2025.",Cambodia,Cambodia,KHM,Cambodia,,,06/2026,12/2025,,48,1,In-Person,T,KH,KH,KHM,KHM,,,,12.43199 N,12.43199,12.43199,Jakarta,104.55267 E,104.55267,104.55267,,,,69,132,,42,,,,,,1,,,Cambodia,,RT,RT Academy,151413897936.32812,2212097.3587692347,https ://academy dot rt.com/rt-academy-trains-journalists-in-indonesian-capital.html ; https://rs dot gov dot ru/en/news/na-ploshhadke-russkogo-doma-v-dzhakarte-proshla-akademiya-rt-dlya-indonezijskih-zhurnalistov/ ; kyivindependent dot com/teaching-journalism-the-russian-way-how-rt-academy-spreads-propaganda-in-global-south/,,Cambodia,Cambodia,,,,"RT 아카데미는 2025년 12월 인도네시아 자카르타에서 인도네시아, 필리핀, 말레이시아, 캄보디아, 태국, 한국 출신 학생들을 대상으로 뉴스 보도, 저널리즘 분야의 AI 활용, 영상 콘텐츠 제작에 관한 일련의 미디어 워크숍을 진행했다.",RT는 워크숍 참가자가 500명을 넘었다고 주장했다.,,캄보디아,캄보디아,,,캄보디아,캄보디아,캄보디아,자카르타,RT,RT 아카데미,대면,러시아 국영 매체 교육 행사
67,Russian State Media Training Events,CM,F,Radio Tiémeni Siantou Editor-in-Chief Eric Boniface Tchouakeu thanked Sputnik for the workshop and expressed hope that Sputnik would hold similar such workshops in the future.,Sputnik Africa editor Anthony Lefebvre led the workshop.,,SputnikPro held a workshop on multimedia journalism trends and methods of increasing radio audience engagement for Cameroonian radio station Radio Tiémeni Siantou in September 2022.,Cameroon,Cameroon,CMR,Cameroon,,,06/2026,09/2022,,50,6,Virtual,F,CM,CM,CMR,CMR,1,,,5.424777 N,5.424777,5.424777,,12.445123 E,12.445123,12.445123,,,,70,50,,17,,,,,Radio Tiémeni Siantou,2,,,Cameroon,,Sputnik ,SputnikPro,382113825519.2379,4234513.852644567,https ://fr dot sputniknews.africa/20220920/des-journalistes-camerounais-ont-participe-pour-la-premiere-fois-au-projet-sputnikpro-1056233411.html ; https://newsupfront dot com/optimizing-media-cooperation-russian-press-agency-sputnik-takes-educative-project-to-cameroon/ ,3,Cameroon,Cameroon,,,,스푸트니크프로는 2022년 9월 카메룬 라디오 방송국 라디오 티에메니 시앙투(Radio Tiémeni Siantou)에서 멀티미디어 저널리즘 동향 및 라디오 청취자 참여도를 높이는 방법에 관한 워크숍을 진행했다.,"라디오 티에메니 시앙투 편집장 에리크 보니파스 추아케우(Eric Boniface Tchouakeu)는 워크숍에 대해 스푸트니크에 감사를 표하고, 향후에도 유사한 워크숍이 열리기를 바란다고 밝혔다.",스푸트니크 아프리카 편집자 앤서니 르페브르가 워크숍을 진행했다.,카메룬,카메룬,,,카메룬,카메룬,카메룬,,스푸트니크,스푸트니크프로,온라인,러시아 국영 매체 교육 행사
67,Russian State Media Training Events,CM,F,Reportedly 15 journalists ,"Rossiya Segodnya Director of International Cooperation Vasily Pushkov noted that this was the first in-person session of SputnikPro for African students since the COVID-19 pandemic and claimed that it marked the restoration of “full-fledged, direct dialogue between Russia and African nations.” ",,"SputnikPro held a week-long series of lectures and workshops in Moscow for African journalists, including correspondents and producers from Ethiopian state news agency Ethiopian News Agency (ENA), Kenyan state media organization Kenyan Broadcasting Corporation (KBC), Nigerian state news agency News Agency of Nigeria (NAN), South African multi-platform content company Independent Media, Namibian public broadcaster Namibian Broadcasting Corporation (NBC), Zambian state newspaper Zambia Daily Mail, Tunisian radio station Radio Sabra FM, Ugandan English-language daily newspaper New Vision, and Cameroonian state radio and television broadcasting company Cameroon Radio Television (CRTV), in October 2022.",Cameroon,Cameroon,CMR,Cameroon,,,06/2026,10/2022,,15,6,In-Person,F,CM,CM,CMR,CMR,1,,,5.424777 N,5.424777,5.424777,Moscow,12.445123 E,12.445123,12.445123,,,,71,51,,17,,,,,Cameroon Radio Television (CRTV),2,,,Cameroon,,Sputnik ,SputnikPro,382113825519.2379,4234513.852644567,https ://sputnikglobe dot com/20221019/journalists-from-leading-african-media-outlets-join-sputnikpro-project-in-moscow-1102077086.html ; https://rossiyasegodnya dot com/20221018/314836.html ; https ://newsnowonline dot com dot ng/2022/10/20/african-journalists-in-moscow-for-training/,3,Cameroon,Cameroon,,,,"스푸트니크프로는 2022년 10월 모스크바에서 아프리카 언론인을 대상으로 일주일간 강연과 워크숍을 진행했다. 참가자는 에티오피아 국영 통신사 에티오피아 통신사(ENA), 케냐 국영 매체 케냐 방송공사(KBC), 나이지리아 국영 통신사 나이지리아 통신사(NAN), 남아프리카공화국 멀티플랫폼 콘텐츠 기업 인디펜던트 미디어(Independent Media), 나미비아 공영 방송사 나미비아 방송공사(NBC), 잠비아 국영 신문 잠비아 데일리 메일(Zambia Daily Mail), 튀니지 라디오 방송국 라디오 사브라 FM(Radio Sabra FM), 우간다 영자 일간지 뉴비전(New Vision), 카메룬 국영 라디오·텔레비전 방송사 카메룬 라디오 텔레비전(CRTV)의 특파원과 프로듀서 등이었다.",보도에 따르면 언론인 15명이 참석했다.,로시야 세고드냐 국제협력국장 바실리 푸시코프는 이번 행사가 코로나19 팬데믹 이후 아프리카 학생들을 대상으로 열린 스푸트니크프로의 첫 대면 세션이라고 언급했다. 그는 이번 행사가 ‘러시아와 아프리카 국가 간 온전하고 직접적인 대화’의 복원을 의미한다고 주장했다.,카메룬,카메룬,,,카메룬,카메룬,카메룬,모스크바,스푸트니크,스푸트니크프로,대면,러시아 국영 매체 교육 행사
67,Russian State Media Training Events,CM,F,Cameroon News Agency Editor-in-Chief Hanson Nchanji thanked Sputnik for the workshop and expressed hope that Sputnik would hold similar such workshops in the future.,Sputnik Africa correspondent Aliyu Bello led the workshop.,,SputnikPro held a workshop on countering disinformation for Cameroon News Agency (CNA) in June 2025.,Cameroon,Cameroon,CMR,Cameroon,,,06/2026,06/2025,,51,6,Virtual,F,CM,CM,CMR,CMR,1,,,5.424777 N,5.424777,5.424777,,12.445123 E,12.445123,12.445123,,,,72,52,,17,,,,,Cameroon News Agency (CNA),2,,,Cameroon,,Sputnik ,SputnikPro,382113825519.2379,4234513.852644567,https ://fr dot sputniknews.africa/20250603/des-journalistes-camerounais-rejoignent-linitiative-educative-sputnikpro-1073808211.html ; https://rossiyasegodnya dot com/20250603/686940.html ,3,Cameroon,Cameroon,,,,스푸트니크프로는 2025년 6월 카메룬 뉴스 에이전시(CNA)를 대상으로 허위정보 대응 워크숍을 진행했다.,"카메룬 뉴스 에이전시 편집장 핸슨 응찬지(Hanson Nchanji)는 워크숍에 대해 스푸트니크에 감사를 표하고, 향후에도 유사한 워크숍이 열리기를 바란다고 밝혔다.",스푸트니크 아프리카 특파원 알리유 벨로(Aliyu Bello)가 워크숍을 진행했다.,카메룬,카메룬,,,카메룬,카메룬,카메룬,,스푸트니크,스푸트니크프로,온라인,러시아 국영 매체 교육 행사
67,Russian State Media Training Events,CM,F,,,,"RT Academy announced the second cohort of students for the African course in November 2025, which contained students from more than 20 African countries, including Burkina Faso, Cameroon, Congo, Democratic Republic of Congo, Ethiopia, Ghana, Kenya, Mali, Niger, Senegal, Sudan, and Uganda.",Cameroon,Cameroon,CMR,Cameroon,,,06/2026,11/2025,,77,6,Virtual,T,CM,CM,CMR,CMR,1,,,5.424777 N,5.424777,5.424777,,12.445123 E,12.445123,12.445123,,,,73,53,,17,,,,,,2,,,Cameroon,,RT,RT Academy,382113825519.2379,4234513.852644567,https ://t.me/RTschool/3298 ; https ://t.me/RTschool/3352  ,3,Cameroon,Cameroon,,,,"RT 아카데미는 2025년 11월 아프리카 과정 2기 수강생을 발표했다. 수강생은 부르키나파소, 카메룬, 콩고, 콩고민주공화국, 에티오피아, 가나, 케냐, 말리, 니제르, 세네갈, 수단, 우간다 등 아프리카 20여 개국 출신이었다.",,,카메룬,카메룬,,,카메룬,카메룬,카메룬,,RT,RT 아카데미,온라인,러시아 국영 매체 교육 행사
67,Russian State Media Training Events,CM,F,,"RT French head Natalia Lebedeva, RT deputy Editor-in-Chief Alexei Nikolov, and RT Head of Educational Projects Anna Kovtunova attended the workshop. RT French Editor-in-Chief Arseny Samsonov, RT French correspondent Daria Vaganova, RT French presenters Oleg Shommer and Amin Tutakh, RT French producer Anton Shamkov, and RT International correspondents Igor Zhdanov and Rory Suchet spoke to students during the workshop.",,"RT Academy, RT Africa, and RT en français held a two-day journalism training workshop for journalists from Senegal, Madagascar, Cameroon, Namibia, Algeria, Côte d'Ivoire, Tunisia, Benin and The Gambia in March 2026.",Cameroon,Cameroon,CMR,Cameroon,,,06/2026,03/2026,,3,6,In-Person,T,CM,CM,CMR,CMR,1,,,5.424777 N,5.424777,5.424777,Moscow,12.445123 E,12.445123,12.445123,,,,74,54,,17,,,,,,2,,,Cameroon,,RT,RT Academy,382113825519.2379,4234513.852644567,https ://t.me/RTschool/3908 ; https://school dot rt.com/news/233-laureaty-aub-media-awards-2025-premiya-afrikanskogo-veshatelnogo-soyuza-iz-afriki-posetili-rt-academy-v-moskve ,3,Cameroon,Cameroon,,,,"RT 아카데미, RT 아프리카, RT 프랑스어 채널은 2026년 3월 세네갈, 마다가스카르, 카메룬, 나미비아, 알제리, 코트디부아르, 튀니지, 베냉, 감비아 출신 언론인을 대상으로 이틀간 언론 연수 워크숍을 개최했다.",,"워크숍에는 RT 프랑스어 채널 책임자 나탈리아 레베데바(Natalia Lebedeva), RT 부편집장 알렉세이 니콜로프(Alexei Nikolov), RT 교육 프로젝트 책임자 안나 코브투노바(Anna Kovtunova)가 참석했다. RT 프랑스어 채널 편집장 아르세니 삼소노프(Arseny Samsonov), RT 프랑스어 채널 특파원 다리아 바가노바(Daria Vaganova), RT 프랑스어 채널 진행자 올레그 쇼머(Oleg Shommer)와 아민 투타크(Amin Tutakh), RT 프랑스어 채널 프로듀서 안톤 샴코프(Anton Shamkov), RT 인터내셔널 특파원 이고리 즈다노프(Igor Zhdanov)와 로리 수셰(Rory Suchet)가 워크숍에서 수강생들을 대상으로 강연했다.",카메룬,카메룬,,,카메룬,카메룬,카메룬,모스크바,RT,RT 아카데미,대면,러시아 국영 매체 교육 행사
67,Russian State Media Training Events,CM,F,,"Director of the International Cooperation Directorate and RT Media Group Vasily Pushkov, Deputy Executive Director of the Gorchakov Fund Sergey Orlov, Rossotrudnichestvo representative Elena Litvichenko",,"InteRussia held a fellowship program for journalists from Burundi, Zambia, Cameroon, Kenya, Mozambique, Rwanda, Senegal, Somalia, and Uganda in July 2026.",Cameroon,Cameroon,CMR,Cameroon,,,07/2026,07/2026,,105,6,In-Person,T,CM,CM,CMR,CMR,1,,,5.424777 N,5.424777,5.424777,Moscow,12.445123 E,12.445123,12.445123,,,,75,55,,17,,,,,,2,,,Cameroon,,Gorchakov Fund,InteRussia,382113825519.2379,4234513.852644567,https ://t.me/interussia_programme/1817,3,Cameroon,Cameroon,,,,"인테르러시아는 2026년 7월 부룬디, 잠비아, 카메룬, 케냐, 모잠비크, 르완다, 세네갈, 소말리아, 우간다 출신 언론인을 대상으로 펠로십 프로그램을 진행했다.",,"국제협력국장 겸 RT 미디어 그룹 소속 바실리 푸시코프, 고르차코프 기금 부집행이사 세르게이 오를로프, 로스소트루드니체스트보 대표 엘레나 리트비첸코(Elena Litvichenko)가 참석했다.",카메룬,카메룬,,,카메룬,카메룬,카메룬,모스크바,고르차코프 기금,인테르러시아,대면,러시아 국영 매체 교육 행사
67,Russian State Media Training Events,CA,,,,,,Canada,Canada,,Canada,,,,,,,,,,CA,,,,,,,,,,,,,,,,,76,,,42,,,,,,,,,,,,,11992320848801.443,167717773.83438674,,,,,,,,,,,캐나다,캐나다,,,,,,,,,,러시아 국영 매체 교육 행사
67,Russian State Media Training Events,ES,,,,,,Canarias,Spain,,Canarias,,,,,,,,,,ES,,,,,,,,,,,,,,,,,77,,,43,,,,,,,,,,,,,6763245247.104736,943135.4454851549,,,,,,,,,,,카나리아 제도,스페인,,,,,,,,,,러시아 국영 매체 교육 행사
67,Russian State Media Training Events,GB,,,,,,Cayman Islands,United Kingdom,,Cayman Islands,,,,,,,,,,KY,,,,,,,,,,,,,,,,,78,,,44,,,,,,,,,,,,,177790434.7626953,70800.18438519561,,,,,,,,,,,케이맨 제도,영국,,,,,,,,,,러시아 국영 매체 교육 행사
67,Russian State Media Training Events,CF,,,,,,Central African Republic,Central African Republic,,Central African Republic,,,,,,,,,,CF,,,,,,,,,,,,,,,,,79,,,45,,,,,,,,,,,,,509005806773.99384,4207019.42799149,,,,,,,,,,,중앙 아프리카 공화국,중앙 아프리카 공화국,,,,,,,,,,러시아 국영 매체 교육 행사
67,Russian State Media Training Events,TD,F,Flash-Chad media manager Abredaman Moussa Amaday praised the workshop.,Sputnik Africa correspondent Anthony Lefebvre led the workshop.,,SputnikPro held a workshop on podcast creation and promotion for Chadian digital newspaper Flash-Tchad in February 2025.,Chad,Chad,TCD,Chad,,,06/2026,02/2025,,76,1,Virtual,F,TD,TD,TCD,TCD,,,,15.29008 N,15.29008,15.29008,,18.402115 E,18.402115,18.402115,,,,80,180,,69,,,,,Flash-Tchad,,,,Chad,,Sputnik ,SputnikPro,1069626753940.0234,5195628.3061985085,https://fr dot sputniknews.africa/20250203/premiere-du-projet-sputnikpro-au-tchad--1070479378.html ; https://chad dot news-pravda.com/fr/world/2025/02/03/527.html  ,1,Chad,Chad,,,,스푸트니크프로는 2025년 2월 차드 디지털 신문 플래시차드(Flash-Tchad)를 대상으로 팟캐스트 제작 및 홍보에 관한 워크숍을 진행했다.,플래시차드 미디어 매니저 아브레다만 무사 아마다이(Abredaman Moussa Amaday)는 워크숍을 높이 평가했다.,스푸트니크 아프리카 특파원 앤서니 르페브르가 워크숍을 진행했다.,차드,차드,,,차드,차드,차드,,스푸트니크,스푸트니크프로,온라인,러시아 국영 매체 교육 행사
67,Russian State Media Training Events,CL,F,Reportedly over 250 participants,,,"RT reported that participants from Algeria, Belarus, Brazil, Chile, China, Egypt, France, Germany, India, Italy, Mexico, Moldova, Russia, Serbia, Tajikistan, Turkmenistan, and Uzbekistan joined the 11th cohort of RT School's TV and online journalism course in February 2025.",Chile,Chile,CHL,Chile,,,06/2026,02/2025,,6,1,Virtual,F,CL,CL,CHL,CHL,,,,35.3390194 S ,-35.3390194,-35.3390194,,71.4368507 W,-71.4368507,-71.4368507,,,,81,38,,14,,,,,,,1,,Chile,,RT,RT School,712283995818.8701,31370140.069023028,https ://t.me/RTschool/2149 ; https ://t.me/RTschool/2132 ; https://vk dot com/wall-202529715_4677 ; https://www.instagram.com/p/DIbhtoPMTQg/  ,,Chile,Chile,,,,"RT는 2025년 2월 알제리, 벨라루스, 브라질, 칠레, 중국, 이집트, 프랑스, 독일, 인도, 이탈리아, 멕시코, 몰도바, 러시아, 세르비아, 타지키스탄, 투르크메니스탄, 우즈베키스탄 출신 참가자들이 RT 스쿨의 TV·온라인 저널리즘 과정 제11기에 참여했다고 보도했다.",보도에 따르면 참가자는 250명을 넘었다.,,칠레,칠레,,,칠레,칠레,칠레,,RT,RT 스쿨,온라인,러시아 국영 매체 교육 행사
67,Russian State Media Training Events,CN,F,Rossiya Segodnya claimed that more than 100 students participated. Associate Professor from the Department of Journalism at Beijing Language and Culture University Guo Zhi’en thanked Sputnik for the meeting.,Rossiya Segodnya Director of International Cooperation Vasily Pushkov led the meeting.,,SputnikPro held a discussion about international media and fake news for Beijing Language and Culture University in China in October 2022.,China,China,CHN,China,,,06/2026,10/2022,,18,10,Virtual,F,CN,CN,CHN,CHN,,,, 34.7392036 N ,34.7392036,34.7392036,,102.1484689 E ,102.1484689,102.1484689,,,,82,39,,15,,,,,Beijing Language and Culture University (BLCU),5,1,,China,,Sputnik ,SputnikPro,8881826989157.967,29265705.497031085,https ://xn--c1acbl2abdlkab1og dot xn--p1ai/20221010/312459.html ; https://jinrieluosi dot cn/20221011/312600.html ,4,China,China,,,,스푸트니크프로는 2022년 10월 중국 베이징어언대학교(Beijing Language and Culture University)에서 국제 미디어 및 가짜 뉴스에 관한 토론회를 진행했다.,로시야 세고드냐는 학생 100여 명이 참가했다고 주장했다. 베이징어언대학교 언론학과 부교수 궈즈언(Guo Zhi’en)은 스푸트니크에 해당 행사에 대한 감사를 표했다.,로시야 세고드냐 국제협력국장 바실리 푸시코프가 토론회를 진행했다.,중국,중국,,,중국,중국,중국,,스푸트니크,스푸트니크프로,온라인,러시아 국영 매체 교육 행사
67,Russian State Media Training Events,CN,F,,Rossiya Segodnya Director of International Cooperation Vasily Pushkov led the class.,,"SputnikPro held a masterclass on traditional media and journalistic professionalism for Tsinghua University, Renmin University of China, Sichuan University, Shanghai International Studies University, and unspecified other universities as part of the Shanghai Cooperation Organization (SCO) youth program SCOLAR Network in China in May 2023.",China,China,CHN,China,,,06/2026,05/2023,,17,10,Virtual,F,CN,CN,CHN,CHN,,,, 34.7392036 N ,34.7392036,34.7392036,,102.1484689 E ,102.1484689,102.1484689,,,,83,40,,15,,,,,Renmin University of China (RUC) ; Shanghai International Studies University (SISU) ; Sichuan University (SCU) ; Tsinghua University,5,1,,China,,Sputnik ,SputnikPro,8881826989157.967,29265705.497031085,https ://xn--c1acbl2abdlkab1og dot xn--p1ai/20230523/483971.html ; https://ria dot ru/20230523/sputnikpro-1873716791.html ,4,China,China,,,,"스푸트니크프로는 2023년 5월 중국 상하이협력기구(SCO) 청년 프로그램인 스콜라 네트워크(SCOLAR Network)의 일환으로 칭화대학교, 중국인민대학교, 쓰촨대학교, 상하이외국어대학교 및 기타 대학(대학명 미상)에서 전통 미디어와 언론인의 전문성에 관한 마스터클래스를 진행했다.",,로시야 세고드냐 국제협력국장 바실리 푸시코프가 강의를 진행했다.,중국,중국,,,중국,중국,중국,,스푸트니크,스푸트니크프로,온라인,러시아 국영 매체 교육 행사
67,Russian State Media Training Events,CN,F,Head of the Journalism Department at Dalian University of Foreign Languages Professor Zhang Lu and Head of the Department of Communication at Dalian University of Foreign Languages Professor Cai Fuyao praised the seminar and expressed hope for broader and continued Russian-Chinese media cooperation. Rossiya Segodnya claimed that more than 50 students participated in the seminar.,Rossiya Segodnya Director of International Cooperation Vasily Pushkov led the seminar.,,SputnikPro held a seminar on fake news and technological innovation in media for School of Journalism and Communication of Dalian University of Foreign Languages in China in June 2023.,China,China,CHN,China,,,06/2026,06/2023,,16,10,Virtual,F,CN,CN,CHN,CHN,,,, 34.7392036 N ,34.7392036,34.7392036,,102.1484689 E ,102.1484689,102.1484689,,,,84,41,,15,,,,,Dalian University of Foreign Languages (DLUFL),5,1,,China,,Sputnik,SputnikPro,8881826989157.967,29265705.497031085,https ://sputniknews dot cn/20230621/1051269975.html ; https://jinrieluosi dot cn/20230623/512994.html,4,China,China,,,,스푸트니크프로는 2023년 6월 중국 다롄외국어대학교 언론·커뮤니케이션대학에서 가짜 뉴스와 미디어 기술 혁신에 관한 세미나를 진행했다.,다롄외국어대학교 언론학과장 장루 교수와 커뮤니케이션학과장 차이푸야오 교수는 세미나를 높이 평가하고 러시아와 중국 간 미디어 협력이 더욱 확대되고 지속되기를 바란다고 밝혔다. 로시야 세고드냐는 세미나에 학생 50여 명이 참가했다고 주장했다.,로시야 세고드냐 국제협력국장 바실리 푸시코프가 세미나를 진행했다.,중국,중국,,,중국,중국,중국,,스푸트니크,스푸트니크프로,온라인,러시아 국영 매체 교육 행사
67,Russian State Media Training Events,CN,F,,"Head of RT Educational Projects Anna Kovtunova, Editor-in-Chief of Russia Beyond and Head of RT China Vsevolod Pulya, Head of Online Projects at RT Documentary Darya Zhelnovod, and RT China correspondent Tatyana Grudynko presented.",,"RT held media seminars on documentary filmmaking, AI in news media, digital advertising, and content creation at the China Content Broadcasting Network (CCBN) conference in Beijing, China, in April 2024.",China,China,CHN,China,,,06/2026,04/2024,,57,10,In-Person,F,CN,CN,CHN,CHN,,,, 34.7392036 N ,34.7392036,34.7392036,Beijing,102.1484689 E ,102.1484689,102.1484689,,,,85,42,,15,,,,,China Content Broadcasting Network (CCBN),5,1,,China,,RT,RT Academy,8881826989157.967,29265705.497031085,https ://t.me/RTschool/908 ; https://russian dot rt.com/world/news/1304931-rt-academy-konferenciya-pekin ,4,China,China,,,,"RT는 2024년 4월 중국 베이징에서 열린 중국 콘텐츠 방송 네트워크(CCBN) 콘퍼런스에서 다큐멘터리 제작, 뉴스 미디어 분야의 AI, 디지털 광고, 콘텐츠 제작에 관한 미디어 세미나를 진행했다.",,"RT 교육 프로젝트 책임자 안나 코브투노바, Russia Beyond 편집장 겸 RT 중국 책임자 브세볼로트 풀랴(Vsevolod Pulya), RT 다큐멘터리 온라인 프로젝트 책임자 다리야 젤노보드(Darya Zhelnovod), RT 중국 특파원 타티야나 그루딘코(Tatyana Grudynko)가 발표를 맡았다.",중국,중국,,,중국,중국,중국,베이징,RT,RT 아카데미,대면,러시아 국영 매체 교육 행사
67,Russian State Media Training Events,CN,F,Reportedly over 250 participants,,,"RT reported that participants from Algeria, Belarus, Brazil, Chile, China, Egypt, France, Germany, India, Italy, Mexico, Moldova, Russia, Serbia, Tajikistan, Turkmenistan, and Uzbekistan joined the 11th cohort of RT School's TV and online journalism course in February 2025.",China,China,CHN,China,,,06/2026,02/2025,,6,10,Virtual,F,CN,CN,CHN,CHN,,,, 34.7392036 N ,34.7392036,34.7392036,,102.1484689 E ,102.1484689,102.1484689,,,,86,43,,15,,,,,,5,1,,China,,RT,RT School,8881826989157.967,29265705.497031085,https ://t.me/RTschool/2149 ; https ://t.me/RTschool/2132 ; https://vk dot com/wall-202529715_4677 ; https://www.instagram.com/p/DIbhtoPMTQg/  ,4,China,China,,,,"RT는 2025년 2월 알제리, 벨라루스, 브라질, 칠레, 중국, 이집트, 프랑스, 독일, 인도, 이탈리아, 멕시코, 몰도바, 러시아, 세르비아, 타지키스탄, 투르크메니스탄, 우즈베키스탄 출신 참가자들이 RT 스쿨의 TV·온라인 저널리즘 과정 제11기에 참여했다고 보도했다.",보도에 따르면 참가자는 250명을 넘었다.,,중국,중국,,,중국,중국,중국,,RT,RT 스쿨,온라인,러시아 국영 매체 교육 행사
67,Russian State Media Training Events,CN,F,Deputy Director of the Center for Uzbekistan Studies and a lecturer at the School of Politics and International Relations at Lanzhou University Liang Zhenpeng praised the lecture.,Rossiya Segodnya Director of International Cooperation Vasily Pushkov conducted the lecture.,,SputnikPro held a lecture on international media cooperation within BRICS and the Shanghai Cooperative Organization (SCO) for Lanzhou University in China in December 2025.,China,China,CHN,China,,,06/2026,12/2025,,80,10,Virtual,T,CN,CN,CHN,CHN,,,, 34.7392036 N ,34.7392036,34.7392036,,102.1484689 E ,102.1484689,102.1484689,,,,87,44,,15,,,,,Lanzhou University,5,1,,China,,Sputnik ,SputnikPro,8881826989157.967,29265705.497031085,https ://xn--c1acbl2abdlkab1og dot xn--p1ai/20251209/759092.html,4,China,China,,,,스푸트니크프로는 2025년 12월 중국 란저우대학교에서 BRICS 및 상하이협력기구(SCO) 내 국제 미디어 협력에 관한 강연을 진행했다.,란저우대학교 우즈베키스탄연구센터 부센터장이자 정치·국제관계대학 강사인 량전펑(Liang Zhenpeng)은 강연을 높이 평가했다.,로시야 세고드냐 국제협력국장 바실리 푸시코프가 강연을 진행했다.,중국,중국,,,중국,중국,중국,,스푸트니크,스푸트니크프로,온라인,러시아 국영 매체 교육 행사
67,Russian State Media Training Events,CN,F,,Head of RT Academy Anna Kovtunova led the masterclass.,,"RT Academy and RT China held a masterclass on international news coverage at the School of Journalism and Communication at Tsinghua University in Beijing, China in April 2026.",China,China,CHN,China,,,06/2026,04/2026,,53,10,In-Person,T,CN,CN,CHN,CHN,,,, 34.7392036 N ,34.7392036,34.7392036,Beijing,102.1484689 E ,102.1484689,102.1484689,,,,88,45,,15,,,,,Tsinghua University,5,1,,China,,RT,RT Academy,8881826989157.967,29265705.497031085,https ://academy dot rt.com/rt-academy-and-rt-china-master-classes-at-leading-chinese-universities.html ; https://vk dot com/wall-202529715_4901 ,4,China,China,,,,RT 아카데미와 RT 중국은 2026년 4월 중국 베이징市 칭화대학교 언론·커뮤니케이션대학에서 국제 뉴스 보도에 관한 마스터클래스를 진행했다.,,RT 아카데미 책임자 안나 코브투노바가 마스터클래스를 진행했다.,중국,중국,,,중국,중국,중국,베이징,RT,RT 아카데미,대면,러시아 국영 매체 교육 행사
67,Russian State Media Training Events,CN,F,"RT conducted the masterclass in English, Chinese, and Russian.",,,"RT Academy and RT China held a masterclass on the role of language skills in international journalism for students of the Peking University in Beijing, China, in April 2026.",China,China,CHN,China,,,06/2026,04/2026,,54,10,In-Person,T,CN,CN,CHN,CHN,,,, 34.7392036 N ,34.7392036,34.7392036,Beijing,102.1484689 E ,102.1484689,102.1484689,,,,89,46,,15,,,,,Peking University,5,1,,China,,RT,RT Academy,8881826989157.967,29265705.497031085,https ://academy dot rt.com/rt-academy-and-rt-china-master-classes-at-leading-chinese-universities.html ; https://russian dot rt.com/world/news/1620984-rt-vuz-master-klass ,4,China,China,,,,RT 아카데미와 RT 중국은 2026년 4월 중국 베이징市 베이징대학교 학생들을 대상으로 국제 저널리즘에서 언어 능력이 갖는 역할에 관한 마스터클래스를 진행했다.,"RT는 영어, 중국어, 러시아어로 마스터클래스를 진행했다.",,중국,중국,,,중국,중국,중국,베이징,RT,RT 아카데미,대면,러시아 국영 매체 교육 행사
67,Russian State Media Training Events,CN,T,,Head of RT Academy Anna Kovtunova conducted the lecture.,,"RT Academy and RT China held a lecture and a panel discussion on journalism in a “multipolar world,” AI in media, and propaganda for students of the Communication University of Zhejiang in Hangzhou, China, in April 2026.",China,China,CHN,China,,,06/2026,04/2026,,55,10,In-Person,T,CN,CN,CHN,CHN,,,, 34.7392036 N ,34.7392036,34.7392036,Hangzhou,102.1484689 E ,102.1484689,102.1484689,,,,90,47,,15,,,,,Communication University of Zhejiang (CUZ),5,1,,China,,RT,RT Academy,8881826989157.967,29265705.497031085,https ://academy dot rt.com/rt-academy-and-rt-china-master-classes-at-leading-chinese-universities.html ; https://russian dot rt.com/world/news/1620984-rt-vuz-master-klass ,4,China,China,,,,"RT 아카데미와 RT 중국은 2026년 4월 중국 항저우市 저장미디어대학교에서 ‘다극화 세계’의 저널리즘, 미디어 분야의 AI, 선전에 관한 강연 및 패널 토론을 진행했다.",,RT 아카데미 책임자 안나 코브투노바가 강연을 진행했다.,중국,중국,,,중국,중국,중국,항저우,RT,RT 아카데미,대면,러시아 국영 매체 교육 행사
67,Russian State Media Training Events,CN,F,,,,"RT Academy and RT China held media training on news production and the role of international affairs in journalism education at East China Normal University in Shanghai, China in April 2026.",China,China,CHN,China,,,06/2026,04/2026,,56,10,In-Person,T,CN,CN,CHN,CHN,,,, 34.7392036 N ,34.7392036,34.7392036,Shanghai,102.1484689 E ,102.1484689,102.1484689,,,,91,48,,15,,,,,East China Normal University (ECNU),5,1,,China,,RT,RT Academy,8881826989157.967,29265705.497031085,https ://academy dot rt.com/rt-academy-and-rt-china-master-classes-at-leading-chinese-universities.html ; https://russian dot rt.com/world/news/1620984-rt-vuz-master-klass ,4,China,China,,,,RT 아카데미와 RT 중국은 2026년 4월 중국 상하이市 화동사범대학교에서 뉴스 제작 및 저널리즘 교육에서 국제 문제의 역할에 관한 미디어 연수를 진행했다.,,,중국,중국,,,중국,중국,중국,상하이,RT,RT 아카데미,대면,러시아 국영 매체 교육 행사
67,Russian State Media Training Events,AU,,,,,,Christmas Island,Australia,,Christmas Island,,,,,,,,,,CX,,,,,,,,,,,,,,,,,92,,,49,,,,,,,,,,,,,102695778.90332031,40900.544761328994,,,,,,,,,,,크리스마스섬,오스트레일리아,,,,,,,,,,러시아 국영 매체 교육 행사
67,Russian State Media Training Events,AU,,,,,,Cocos Islands,Australia,,Cocos Islands,,,,,,,,,,CC,,,,,,,,,,,,,,,,,93,,,50,,,,,,,,,,,,,14924926.161132812,17753.372884786324,,,,,,,,,,,코코스 제도,오스트레일리아,,,,,,,,,,러시아 국영 매체 교육 행사
67,Russian State Media Training Events,CO,F,,Rossiya Segodnya Director of International Cooperation Vasily Pushkov and Gorchakov Fund Deputy Executive Director Sergey Orlov met with program participants. ,,"SputnikPro held a series of workshops and visits of cultural sites in Moscow for journalists from Argentine newspapers Ámbito Financiero and Página 12, Bolivian newspaper Visión 360, Brazilian news website Brasil 247, Colombian newspaper El Espectador, Dominican newspaper Listín Diario, Ecuadorean state media conglomerate Empresa Pública de Comunicación del Ecuador and Ecuadorean radio station Exa FM, Mexican news website Sin Línea, and Peruvian state news agency Agencia Peruana de Noticias Andina in October 2025. ",Colombia,Colombia,COL,Colombia,,,06/2026,10/2025,,7,1,In-Person,T,CO,CO,COL,COL,,,,3.552351 N,3.552351,3.552351,Moscow,73.045473 W,-73.045473,-73.045473,,,,94,58,,20,,,,,El Espectador,,,,Colombia,,Sputnik ,SputnikPro,932194883638.6176,7140734.918990594,https ://noticiaslatam dot lat/20251002/1167101023.html ; https://ria dot ru/20251001/stazhirovka-2045675688.html ; https://interussia dot com/journalism_en/tpost/k8uu3viem1-fellowship-for-latin-american-journalist ,1,Colombia,Colombia,,,,"스푸트니크프로는 2025년 10월 아르헨티나 신문 암비토 피난시에로(Ámbito Financiero)와 파히나 12(Página 12), 볼리비아 신문 비시온 360(Visión 360), 브라질 뉴스 웹사이트 브라질 247(Brasil 247), 콜롬비아 신문 엘 에스펙타도르(El Espectador), 도미니카공화국 신문 리스트ín 디아리오(Listín Diario), 에콰도르 국영 미디어 그룹 에콰도르 공공커뮤니케이션공사 및 라디오 방송국 엑사 FM(Exa FM), 멕시코 뉴스 웹사이트 신 리네아(Sin Línea), 페루 국영 통신사 안디나(Agencia Peruana de Noticias Andina) 소속 언론인을 대상으로 모스크바에서 일련의 워크숍과 문화유적 방문 행사를 진행했다.",,로시야 세고드냐 국제협력국장 바실리 푸시코프와 고르차코프 기금 부집행이사 세르게이 오를로프(Sergey Orlov)가 프로그램 참가자들과 만났다.,콜롬비아,콜롬비아,,,콜롬비아,콜롬비아,콜롬비아,모스크바,스푸트니크,스푸트니크프로,대면,러시아 국영 매체 교육 행사
67,Russian State Media Training Events,KM,,,,,,Comoros,Comoros,,Comoros,,,,,,,,,,KM,,,,,,,,,,,,,,,,,95,,,52,,,,,,,,,,,,,1426584125.1240234,307815.610819012,,,,,,,,,,,코모로,코모로,,,,,,,,,,러시아 국영 매체 교육 행사
67,Russian State Media Training Events,CG,F,,,,"RT Academy announced the second cohort of students for the African course in November 2025, which contained students from more than 20 African countries, including Burkina Faso, Cameroon, Congo, Democratic Republic of Congo, Ethiopia, Ghana, Kenya, Mali, Niger, Senegal, Sudan, and Uganda.",Congo,Congo,COG,Congo,,,06/2026,11/2025,,77,1,Virtual,T,CG,CG,COG,COG,,,,0.502866 S,-0.502866,-0.502866,,15.131358 E,15.131358,15.131358,,,,96,57,,19,,,,,,1,,,Congo,,RT,RT Academy,281943690709.71967,3836949.300166194,https ://t.me/RTschool/3298 ; https ://t.me/RTschool/3352  ,,Congo,Congo,,,,"RT 아카데미는 2025년 11월 아프리카 과정 2기 수강생을 발표했다. 수강생은 부르키나파소, 카메룬, 콩고, 콩고민주공화국, 에티오피아, 가나, 케냐, 말리, 니제르, 세네갈, 수단, 우간다 등 아프리카 20여 개국 출신이었다.",,,콩고,콩고,,,콩고,콩고,콩고,,RT,RT 아카데미,온라인,러시아 국영 매체 교육 행사
67,Russian State Media Training Events,CD,F,,,,"RT Academy announced the second cohort of students for the African course in November 2025, which contained students from more than 20 African countries, including Burkina Faso, Cameroon, Congo, Democratic Republic of Congo, Ethiopia, Ghana, Kenya, Mali, Niger, Senegal, Sudan, and Uganda.",Congo DRC,"Congo, The Democratic Republic of the",COD,Congo DRC,,,06/2026,11/2025,,77,1,Virtual,T,CD,CD,COD,COD,,,,2.541299 S,-2.541299,-2.541299,,23.392851 E,23.392851,23.392851,,,,97,56,,18,,,,,,1,,,Democratic Republic of Congo,,RT,RT Academy,1910874004880.3713,8401299.509634066,https ://t.me/RTschool/3298 ; https ://t.me/RTschool/3352  ,,Democratic Republic of Congo,Congo DRC,,,,"RT 아카데미는 2025년 11월 아프리카 과정 2기 수강생을 발표했다. 수강생은 부르키나파소, 카메룬, 콩고, 콩고민주공화국, 에티오피아, 가나, 케냐, 말리, 니제르, 세네갈, 수단, 우간다 등 아프리카 20여 개국 출신이었다.",,,콩고민주공화국,콩고민주공화국,,,콩고민주공화국,콩고민주공화국,콩고민주공화국,,RT,RT 아카데미,온라인,러시아 국영 매체 교육 행사
67,Russian State Media Training Events,NZ,,,,,,Cook Islands,New Zealand,,Cook Islands,,,,,,,,,,CK,,,,,,,,,,,,,,,,,98,,,55,,,,,,,,,,,,,129247686.01757812,99371.37021636666,,,,,,,,,,,쿡 제도,뉴질랜드,,,,,,,,,,러시아 국영 매체 교육 행사
67,Russian State Media Training Events,CR,,,,,,Costa Rica,Costa Rica,,Costa Rica,,,,,,,,,,CR,,,,,,,,,,,,,,,,,99,,,56,,,,,,,,,,,,,42269342767.16162,1461513.5732209808,,,,,,,,,,,코스타리카,코스타리카,,,,,,,,,,러시아 국영 매체 교육 행사
67,Russian State Media Training Events,CI,F,,"RT French head Natalia Lebedeva, RT deputy Editor-in-Chief Alexei Nikolov, and RT Head of Educational Projects Anna Kovtunova attended the workshop. RT French Editor-in-Chief Arseny Samsonov, RT French correspondent Daria Vaganova, RT French presenters Oleg Shommer and Amin Tutakh, RT French producer Anton Shamkov, and RT International correspondents Igor Zhdanov and Rory Suchet spoke to students during the workshop.",,"RT Academy, RT Africa, and RT en français held a two-day journalism training workshop for journalists from Senegal, Madagascar, Cameroon, Namibia, Algeria, Côte d'Ivoire, Tunisia, Benin and The Gambia in March 2026.",Côte d'Ivoire,Côte d'Ivoire,CIV,Côte d'Ivoire,,,06/2026,03/2026,,3,1,In-Person,T,CI,CI,CIV,CIV,,,,7.381666 N,7.381666,7.381666,Moscow,5.332722 W,-5.332722,-5.332722,,,,100,49,,16,,,,,,1,,,Côte d'Ivoire,,RT,RT Academy,264788054092.9347,3153717.3795825792,https ://t.me/RTschool/3908 ; https://school dot rt.com/news/233-laureaty-aub-media-awards-2025-premiya-afrikanskogo-veshatelnogo-soyuza-iz-afriki-posetili-rt-academy-v-moskve ,,Côte d'Ivoire,Côte d'Ivoire,,,,"RT 아카데미, RT 아프리카, RT 프랑스어 채널은 2026년 3월 세네갈, 마다가스카르, 카메룬, 나미비아, 알제리, 코트디부아르, 튀니지, 베냉, 감비아 출신 언론인을 대상으로 이틀간 언론 연수 워크숍을 개최했다.",,"워크숍에는 RT 프랑스어 채널 책임자 나탈리아 레베데바(Natalia Lebedeva), RT 부편집장 알렉세이 니콜로프(Alexei Nikolov), RT 교육 프로젝트 책임자 안나 코브투노바(Anna Kovtunova)가 참석했다. RT 프랑스어 채널 편집장 아르세니 삼소노프(Arseny Samsonov), RT 프랑스어 채널 특파원 다리아 바가노바(Daria Vaganova), RT 프랑스어 채널 진행자 올레그 쇼머(Oleg Shommer)와 아민 투타크(Amin Tutakh), RT 프랑스어 채널 프로듀서 안톤 샴코프(Anton Shamkov), RT 인터내셔널 특파원 이고리 즈다노프(Igor Zhdanov)와 로리 수셰(Rory Suchet)가 워크숍에서 수강생들을 대상으로 강연했다.",코트디부아르,코트디부아르,,,코트디부아르,코트디부아르,코트디부아르,모스크바,RT,RT 아카데미,대면,러시아 국영 매체 교육 행사
67,Russian State Media Training Events,HR,,,,,,Croatia,Croatia,,Croatia,,,,,,,,,,HR,,,,,,,,,,,,,,,,,101,,,58,,,,,,,,,,,,,56669425226.07471,3493034.9374847226,,,,,,,,,,,크로아티아,크로아티아,,,,,,,,,,러시아 국영 매체 교육 행사
67,Russian State Media Training Events,CU,T,,Sputnik Head of Digital Products Artem Chibarov led the seminar.,,"SputnikPro held a seminar on the use of AI in the creation of audiovisual content for employees of Telesur, a Caracas-based television network which Venezuela, Cuba, and Nicaragua sponsor, as part of a month-long series of masterclasses focused on the use of AI in recognizing fake news, creating podcasts, and optimizing journalism workflows in April 2025.",Cuba,Cuba,CUB,Cuba,,,06/2026,04/2025,,68,1,Virtual,F,CU,CU,CUB,CUB,,,,22.0969057 N ,22.0969057,22.0969057,,79.5159487 W,-79.5159487,-79.5159487,,,,102,59,,21,,,,,Telesur,,,,Cuba,,Sputnik ,SputnikPro,94071637231.63672,3659895.791382143,https ://xn--c1acbl2abdlkab1og dot xn--p1ai/20250430/682720.html ,1,Cuba,Cuba,,,,"스푸트니크프로는 2025년 4월 베네수엘라, 쿠바, 니카라과가 후원하는 카라카스 소재 텔레비전 네트워크 텔레수르(Telesur) 직원을 대상으로 시청각 콘텐츠 제작에 AI를 활용하는 방법에 관한 세미나를 진행했다. 이번 세미나는 가짜 뉴스 식별, 팟캐스트 제작, 저널리즘 업무 흐름 최적화에 AI를 활용하는 방법을 다룬 한 달간의 마스터클래스 시리즈의 일환이었다.",,스푸트니크 디지털 제품 책임자 아르툠 치바로프(Artem Chibarov)가 세미나를 진행했다.,쿠바,쿠바,,,쿠바,쿠바,쿠바,,스푸트니크,스푸트니크프로,온라인,러시아 국영 매체 교육 행사
67,Russian State Media Training Events,NL,,,,,,Curacao,Netherlands,,Curacao,,,,,,,,,,CW,,,,,,,,,,,,,,,,,103,,,60,,,,,,,,,,,,,393058236.7246094,112881.99611209166,,,,,,,,,,,퀴라소,네덜란드,,,,,,,,,,러시아 국영 매체 교육 행사
67,Russian State Media Training Events,CY,,,,,,Cyprus,Cyprus,,Cyprus,,,,,,,,,,CY,,,,,,,,,,,,,,,,,104,,,61,,,,,,,,,,,,,8569324149.871094,558457.6947814763,,,,,,,,,,,키프로스,키프로스,,,,,,,,,,러시아 국영 매체 교육 행사
67,Russian State Media Training Events,CZ,,,,,,Czech Republic,Czechia,,Czech Republic,,,,,,,,,,CZ,,,,,,,,,,,,,,,,,105,,,62,,,,,,,,,,,,,83425083123.229,1635523.0595219173,,,,,,,,,,,체코,체코,,,,,,,,,,러시아 국영 매체 교육 행사
67,Russian State Media Training Events,DK,,,,,,Denmark,Denmark,,Denmark,,,,,,,,,,DK,,,,,,,,,,,,,,,,,106,,,63,,,,,,,,,,,,,48158314167.864746,3904257.3529948154,,,,,,,,,,,덴마크,덴마크,,,,,,,,,,러시아 국영 매체 교육 행사
67,Russian State Media Training Events,DJ,,,,,,Djibouti,Djibouti,,Djibouti,,,,,,,,,,DJ,,,,,,,,,,,,,,,,,107,,,64,,,,,,,,,,,,,17811689000.992188,723989.6027160618,,,,,,,,,,,지부티,지부티,,,,,,,,,,러시아 국영 매체 교육 행사
67,Russian State Media Training Events,DM,,,,,,Dominica,Dominica,,Dominica,,,,,,,,,,DM,,,,,,,,,,,,,,,,,108,,,65,,,,,,,,,,,,,646769314.2480469,112064.91321332628,,,,,,,,,,,도미니카,도미니카,,,,,,,,,,러시아 국영 매체 교육 행사
67,Russian State Media Training Events,DO,F,,Rossiya Segodnya Director of International Cooperation Vasily Pushkov and Gorchakov Fund Deputy Executive Director Sergey Orlov met with program participants. ,,"SputnikPro held a series of workshops and visits of cultural sites in Moscow for journalists from Argentine newspapers Ámbito Financiero and Página 12, Bolivian newspaper Visión 360, Brazilian news website Brasil 247, Colombian newspaper El Espectador, Dominican newspaper Listín Diario, Ecuadorean state media conglomerate Empresa Pública de Comunicación del Ecuador and Ecuadorean radio station Exa FM, Mexican news website Sin Línea, and Peruvian state news agency Agencia Peruana de Noticias Andina in October 2025. ",Dominican Republic,Dominican Republic,DOM,Dominican Republic,,,06/2026,10/2025,,7,1,In-Person,T,DO,DO,DOM,DOM,,,,19.0149359 N ,19.0149359,19.0149359,Moscow,70.6659109 W,-70.6659109,-70.6659109,,,,109,61,,23,,,,,Listín Diario,,,,Dominican Republic,,Sputnik ,SputnikPro,41152355229.68555,1299150.463911023,https ://noticiaslatam dot lat/20251002/1167101023.html ; https://ria dot ru/20251001/stazhirovka-2045675688.html ; https://interussia dot com/journalism_en/tpost/k8uu3viem1-fellowship-for-latin-american-journalist ,1,Dominican Republic,Dominican Republic,,,,"스푸트니크프로는 2025년 10월 아르헨티나 신문 암비토 피난시에로(Ámbito Financiero)와 파히나 12(Página 12), 볼리비아 신문 비시온 360(Visión 360), 브라질 뉴스 웹사이트 브라질 247(Brasil 247), 콜롬비아 신문 엘 에스펙타도르(El Espectador), 도미니카공화국 신문 리스트ín 디아리오(Listín Diario), 에콰도르 국영 미디어 그룹 에콰도르 공공커뮤니케이션공사 및 라디오 방송국 엑사 FM(Exa FM), 멕시코 뉴스 웹사이트 신 리네아(Sin Línea), 페루 국영 통신사 안디나(Agencia Peruana de Noticias Andina) 소속 언론인을 대상으로 모스크바에서 일련의 워크숍과 문화유적 방문 행사를 진행했다.",,로시야 세고드냐 국제협력국장 바실리 푸시코프와 고르차코프 기금 부집행이사 세르게이 오를로프(Sergey Orlov)가 프로그램 참가자들과 만났다.,도미니카 공화국,도미니카 공화국,,,도미니카 공화국,도미니카 공화국,도미니카 공화국,모스크바,스푸트니크,스푸트니크프로,대면,러시아 국영 매체 교육 행사
67,Russian State Media Training Events,EC,F,,Rossiya Segodnya Director of International Cooperation Vasily Pushkov and Gorchakov Fund Deputy Executive Director Sergey Orlov met with program participants. ,,"SputnikPro held a series of workshops and visits of cultural sites in Moscow for journalists from Argentine newspapers Ámbito Financiero and Página 12, Bolivian newspaper Visión 360, Brazilian news website Brasil 247, Colombian newspaper El Espectador, Dominican newspaper Listín Diario, Ecuadorean state media conglomerate Empresa Pública de Comunicación del Ecuador and Ecuadorean radio station Exa FM, Mexican news website Sin Línea, and Peruvian state news agency Agencia Peruana de Noticias Andina in October 2025. ",Ecuador,Ecuador,ECU,Ecuador,,,06/2026,10/2025,,7,1,In-Person,T,EC,EC,ECU,ECU,,,,1.254526 S,-1.254526,-1.254526,Moscow,78.461752 W,-78.461752,-78.461752,,,,110,69,,25,,,,,Empresa Pública de Comunicación ; Exa FM,,,,Ecuador,,Sputnik ,SputnikPro,209195222905.36713,3538652.819683285,https ://noticiaslatam dot lat/20251002/1167101023.html ; https://ria dot ru/20251001/stazhirovka-2045675688.html ; https://interussia dot com/journalism_en/tpost/k8uu3viem1-fellowship-for-latin-american-journalist ,1,Ecuador,Ecuador,,,,"스푸트니크프로는 2025년 10월 아르헨티나 신문 암비토 피난시에로(Ámbito Financiero)와 파히나 12(Página 12), 볼리비아 신문 비시온 360(Visión 360), 브라질 뉴스 웹사이트 브라질 247(Brasil 247), 콜롬비아 신문 엘 에스펙타도르(El Espectador), 도미니카공화국 신문 리스트ín 디아리오(Listín Diario), 에콰도르 국영 미디어 그룹 에콰도르 공공커뮤니케이션공사 및 라디오 방송국 엑사 FM(Exa FM), 멕시코 뉴스 웹사이트 신 리네아(Sin Línea), 페루 국영 통신사 안디나(Agencia Peruana de Noticias Andina) 소속 언론인을 대상으로 모스크바에서 일련의 워크숍과 문화유적 방문 행사를 진행했다.",,로시야 세고드냐 국제협력국장 바실리 푸시코프와 고르차코프 기금 부집행이사 세르게이 오를로프(Sergey Orlov)가 프로그램 참가자들과 만났다.,에콰도르,에콰도르,,,에콰도르,에콰도르,에콰도르,모스크바,스푸트니크,스푸트니크프로,대면,러시아 국영 매체 교육 행사
67,Russian State Media Training Events,EG,F,12 reportedly attended. Lebanese journalist Karim Charara and Saudi journalist Anwar Al-Qahtani praised the program.,"Rossiya Segodnya Director of International Cooperation Vasily Pushkov, Deputy Director of Rossotrudnichestvo Dmitry Polikanov, and Coordinator of Scientific Projects at the Gorchakov Foundation Liana Dymova opened the program.",,"SputnikPro held a series of workshops and events for journalists from Saudi state news agency Saudi Press Agency (SPA), United Arab Emirates national media outlet Emirates News Agency (WAM), Libyan state news agency Libyan News Agency (LANA), Tunisian news agency Tunis Afrique Presse (TAP), Palestinian news agency Ma’an News Agency (MNA), Lebanese news television channel Al Mayadeen, Moroccan newspaper Bayane Al Yaoume, Egyptian state newspaper Al-Akhbar, Algerian newspaper Le Jeune Indépendant, English-language Egyptian newspaper Daily News Egypt, Tunisian news magazine Réalités, and Syrian state television channel Al-Souriya TV in Moscow in September 2023.",Egypt,Egypt,EGY,Egypt,,,06/2026,09/2023,,75,3,In-Person,F,EG,EG,EGY,EGY,1,,,26.395788 N,26.395788,26.395788,Moscow,29.464698 E,29.464698,29.464698,,,,111,70,,26,,,,,Al-Akhbar ; Daily News Egypt,,1,,Egypt,,Sputnik ,SputnikPro,883939814826.1763,5287782.127542743,https://fr dot sputniknews.africa/20230926/des-journalistes-du-moyen-orient-et-dafrique-du-nord-participent-a-un-stage-sputnikpro-1062369112.html ; https://ria dot ru/20230926/stazhirovka-1898637188.html ,1,Egypt,Egypt,,,,"스푸트니크프로는 2023년 9월 모스크바에서 사우디 국영 통신사 SPA, 아랍에미리트 국영 매체 에미리트 통신사(WAM), 리비아 국영 통신사(LANA), 튀니지 통신사(TAP), 팔레스타인 통신사(MNA), 레바논 뉴스 TV 채널 알마야딘(Al Mayadeen), 모로코 신문 바야네 알 야움(Bayane Al Yaoume), 이집트 국영 신문 알아크바르(Al-Akhbar), 알제리 신문 르 주느 앵디페당(Le Jeune Indépendant), 이집트 영자신문 데일리 뉴스 이집트(Daily News Egypt), 튀니지 뉴스 잡지 레알리테(Réalités), 시리아 국영 TV 채널 알수리야 TV(Al-Souriya TV) 소속 언론인을 대상으로 일련의 워크숍과 행사를 진행했다.",보도에 따르면 12명이 참석했다. 레바논 언론인 카림 샤라라(Karim Charara)와 사우디 언론인 안와르 알카타니(Anwar Al-Qahtani)는 해당 프로그램을 높이 평가했다.,"로시야 세고드냐 국제협력국장 바실리 푸시코프, 로스소트루드니체스트보 부청장 드미트리 폴리카노프(Dmitry Polikanov), 고르차코프 재단 과학 프로젝트 코디네이터 리아나 디모바(Liana Dymova)가 프로그램 개회식을 진행했다.",이집트,이집트,,,이집트,이집트,이집트,모스크바,스푸트니크,스푸트니크프로,대면,러시아 국영 매체 교육 행사
67,Russian State Media Training Events,EG,F,Reportedly over 250 participants,,,"RT reported that participants from Algeria, Belarus, Brazil, Chile, China, Egypt, France, Germany, India, Italy, Mexico, Moldova, Russia, Serbia, Tajikistan, Turkmenistan, and Uzbekistan joined the 11th cohort of RT School's TV and online journalism course in February 2025.",Egypt,Egypt,EGY,Egypt,,,06/2026,02/2025,,6,3,Virtual,F,EG,EG,EGY,EGY,1,,,26.395788 N,26.395788,26.395788,,29.464698 E,29.464698,29.464698,,,,112,71,,26,,,,,,,1,,Egypt,,RT,RT School,883939814826.1763,5287782.127542743,https ://t.me/RTschool/2149 ; https ://t.me/RTschool/2132 ; https://vk dot com/wall-202529715_4677 ; https://www.instagram.com/p/DIbhtoPMTQg/  ,1,Egypt,Egypt,,,,"RT는 2025년 2월 알제리, 벨라루스, 브라질, 칠레, 중국, 이집트, 프랑스, 독일, 인도, 이탈리아, 멕시코, 몰도바, 러시아, 세르비아, 타지키스탄, 투르크메니스탄, 우즈베키스탄 출신 참가자들이 RT 스쿨의 TV·온라인 저널리즘 과정 제11기에 참여했다고 보도했다.",보도에 따르면 참가자는 250명을 넘었다.,,이집트,이집트,,,이집트,이집트,이집트,,RT,RT 스쿨,온라인,러시아 국영 매체 교육 행사
67,Russian State Media Training Events,EG,F,InteRussia is a fellowship program for television journalism training and receives support from the Russian Presidential Grants Foundation.,"Head of RT Arabic Manna Maya, Head of the Department of International Cooperation and Distribution at RT Karina Melikyan, and Academic Programs Coordinator at the Gorchakov Fund Lyana Dymova participated in the opening ceremony. ",,"InteRussia launched a fellowship program for journalists from Algeria, Egypt, Jordan, Libya, Morocco, and Sudan in May 2026.",Egypt,Egypt,EGY,Egypt,,,06/2026,05/2026,,2,3,In-Person,T,EG,EG,EGY,EGY,1,,,26.395788 N,26.395788,26.395788,Moscow,29.464698 E,29.464698,29.464698,,,,113,72,,26,,,,,,,1,,Egypt,,Gorchakov Fund,InteRussia,883939814826.1763,5287782.127542743,https ://t.me/interussia_programme/1630 ; https://interussia dot com/journalism_en/tpost/51th1dy0b1-interussia-opens-fellowship-for-journali,1,Egypt,Egypt,,,,"인테르러시아(InteRussia)는 2026년 5월 알제리, 이집트, 요르단, 리비아, 모로코, 수단 출신 언론인을 대상으로 펠로십 프로그램을 시작했다.","인테르러시아는 TV 저널리즘 연수를 위한 펠로십 프로그램으로, 러시아 대통령 보조금 재단의 지원을 받는다.","RT 아랍어 채널 책임자 만나 마야(Manna Maya), RT 국제협력·배급부 책임자 카리나 멜리키안(Karina Melikyan), 고르차코프 기금 학술 프로그램 코디네이터 리아나 디모바(Lyana Dymova)가 개막식에 참석했다.",이집트,이집트,,,이집트,이집트,이집트,모스크바,고르차코프 기금,인테르러시아,대면,러시아 국영 매체 교육 행사
67,Russian State Media Training Events,SV,F,El Independiente CEO Walter Raudales thanked Sputnik for the training and expressed hope that it would facilitate strengthening of Russia-El Salvador relations.,Sputnik Mundo correspondent Viktor Ternovsky led the class.,,SputnikPro held a masterclass on media trends and Sputnik's operations under sanctions for El Salvadorean online newspaper El Independiente in June 2022.,El Salvador,El Salvador,SLV,El Salvador,,,06/2026,06/2022,,19,1,Virtual,F,SV,SV,SLV,SLV,,,,13.7117807 N ,13.7117807,13.7117807,,88.8572882 W ,-88.8572882,-88.8572882,,,,114,175,,65,,,,,El Independiente,,,,El Salvador,,Sputnik ,SputnikPro,17185443866.773438,705809.9234247423,https ://xn--c1acbl2abdlkab1og dot xn--p1ai/20220616/268784.html ; https://www.elindependiente dot sv/2022/06/19/el-independiente-profundiza-amistad-con-sputnik/ ,1,El Salvador,El Salvador,,,,스푸트니크프로는 2022년 6월 엘살바도르 온라인 신문 엘 인디펜디엔테(El Independiente)를 대상으로 미디어 동향과 제재하 스푸트니크의 활동에 관한 마스터클래스를 진행했다.,"엘 인디펜디엔테 최고경영자(CEO) 발터 라우달레스(Walter Raudales)는 연수에 대해 스푸트니크에 감사를 표하고, 러시아와 엘살바도르 간 관계 강화에 도움이 되기를 바란다고 밝혔다.",스푸트니크 문도(Sputnik Mundo) 특파원 빅토르 테르노프스키(Viktor Ternovsky)가 강의를 진행했다.,엘살바도르,엘살바도르,,,엘살바도르,엘살바도르,엘살바도르,,스푸트니크,스푸트니크프로,온라인,러시아 국영 매체 교육 행사
67,Russian State Media Training Events,GQ,,,,,,Equatorial Guinea,Equatorial Guinea,,Equatorial Guinea,,,,,,,,,,GQ,,,,,,,,,,,,,,,,,115,,,70,,,,,,,,,,,,,22057648916.51158,817462.9971893275,,,,,,,,,,,적도 기니,적도 기니,,,,,,,,,,러시아 국영 매체 교육 행사
67,Russian State Media Training Events,ER,,,,,,Eritrea,Eritrea,,Eritrea,,,,,,,,,,ER,,,,,,,,,,,,,,,,,116,,,71,,,,,,,,,,,,,101540369545.2998,2550759.7708723955,,,,,,,,,,,에리트리아,에리트리아,,,,,,,,,,러시아 국영 매체 교육 행사
67,Russian State Media Training Events,EE,F,"70 participants from 32 regions of RU  + Italy, France, India, Belarus, Estonia, Turkmenistan. Chief Director of the Internet Broadcasting Directorate of the Belarusian Television and Radio Company Alexander Khorovets and pro-Russian war correspondents Andrea Lucidi and Laurent Brayard participated in the training.",New Media Workshop founder Yulia Ablets commented on the program.,,"New Media Workshop held a training session for media executives, journalists, bloggers from India, Belarus, Estonia, Turkmenistan, and military correspondents from Italy and France who cover combat activity in Donbas, in July 2024.",Estonia,Estonia,EST,Estonia,,,07/2026,07/2024,,103,1,In-Person,F,EE,EE,EST,EST,,,,58.8225714 N ,58.8225714,58.8225714,Moscow,25.7151792 E,25.7151792,25.7151792,,,1,117,73,,27,,,,,,,,,Estonia,,Russia - Country of Opportunities,New Media Workshop,53574882857.69043,1957195.2649218566,https ://tass dot ru/obschestvo/21330221,,Estonia,Estonia,,,,"뉴미디어 워크숍은 2024년 7월 인도, 벨라루스, 에스토니아, 투르크메니스탄 출신 미디어 경영진·언론인·블로거와 돈바스 전투 상황을 취재하는 이탈리아 및 프랑스 종군기자를 대상으로 연수 세션을 진행했다.","러시아 32개 지역과 이탈리아, 프랑스, 인도, 벨라루스, 에스토니아, 투르크메니스탄에서 70명이 참가했다. 벨라루스 텔레비전·라디오 방송사의 인터넷 방송국장 알렉산드르 호로베츠(Alexander Khorovets)와 친러시아 종군기자 안드레아 루치디(Andrea Lucidi), 로랑 브레이야르(Laurent Brayard)가 연수에 참여했다.",뉴미디어 워크숍 설립자 율리야 아블레츠(Yulia Ablets)가 프로그램에 관해 논평했다.,에스토니아,에스토니아,,,에스토니아,에스토니아,에스토니아,모스크바,러시아-기회의 나라,뉴미디어 워크숍,대면,러시아 국영 매체 교육 행사
67,Russian State Media Training Events,SZ,,,,,,Eswatini,Eswatini,,Eswatini,,,,,,,,,,SZ,,,,,,,,,,,,,,,,,118,,,73,,,,,,,,,,,,,15147818306.244629,502904.44336230255,,,,,,,,,,,에스와티니,에스와티니,,,,,,,,,,러시아 국영 매체 교육 행사
67,Russian State Media Training Events,ET,F,Reportedly 15 journalists ,"Rossiya Segodnya Director of International Cooperation Vasily Pushkov noted that this was the first in-person session of SputnikPro for African students since the COVID-19 pandemic and claimed that it marked the restoration of “full-fledged, direct dialogue between Russia and African nations.” ",,"SputnikPro held a week-long series of lectures and workshops in Moscow for African journalists, including correspondents and producers from Ethiopian state news agency Ethiopian News Agency (ENA), Kenyan state media organization Kenyan Broadcasting Corporation (KBC), Nigerian state news agency News Agency of Nigeria (NAN), South African multi-platform content company Independent Media, Namibian public broadcaster Namibian Broadcasting Corporation (NBC), Zambian state newspaper Zambia Daily Mail, Tunisian radio station Radio Sabra FM, Ugandan English-language daily newspaper New Vision, and Cameroonian state radio and television broadcasting company Cameroon Radio Television (CRTV), in October 2022.",Ethiopia,Ethiopia,ETH,Ethiopia,,,06/2026,10/2022,,15,6,In-Person,F,ET,ET,ETH,ETH,,,,8.394399 N,8.394399,8.394399,Moscow,39.374893 E,39.374893,39.374893,,,,119,74,,28,,,,,Ethiopian News Agency (ENA),4,,,Ethiopia,,Sputnik ,SputnikPro,931257368259.7543,4664615.182572169,https ://sputnikglobe dot com/20221019/journalists-from-leading-african-media-outlets-join-sputnikpro-project-in-moscow-1102077086.html ; https://rossiyasegodnya dot com/20221018/314836.html ; https ://newsnowonline dot com dot ng/2022/10/20/african-journalists-in-moscow-for-training/,2,Ethiopia,Ethiopia,,,,"스푸트니크프로는 2022년 10월 모스크바에서 아프리카 언론인을 대상으로 일주일간 강연과 워크숍을 진행했다. 참가자는 에티오피아 국영 통신사 에티오피아 통신사(ENA), 케냐 국영 매체 케냐 방송공사(KBC), 나이지리아 국영 통신사 나이지리아 통신사(NAN), 남아프리카공화국 멀티플랫폼 콘텐츠 기업 인디펜던트 미디어(Independent Media), 나미비아 공영 방송사 나미비아 방송공사(NBC), 잠비아 국영 신문 잠비아 데일리 메일(Zambia Daily Mail), 튀니지 라디오 방송국 라디오 사브라 FM(Radio Sabra FM), 우간다 영자 일간지 뉴비전(New Vision), 카메룬 국영 라디오·텔레비전 방송사 카메룬 라디오 텔레비전(CRTV)의 특파원과 프로듀서 등이었다.",보도에 따르면 언론인 15명이 참석했다.,로시야 세고드냐 국제협력국장 바실리 푸시코프는 이번 행사가 코로나19 팬데믹 이후 아프리카 학생들을 대상으로 열린 스푸트니크프로의 첫 대면 세션이라고 언급했다. 그는 이번 행사가 ‘러시아와 아프리카 국가 간 온전하고 직접적인 대화’의 복원을 의미한다고 주장했다.,에티오피아,에티오피아,,,에티오피아,에티오피아,에티오피아,모스크바,스푸트니크,스푸트니크프로,대면,러시아 국영 매체 교육 행사
67,Russian State Media Training Events,ET,F,100 reportedly attended,,,"RT Academy held a series of workshops on interviewing political leaders, covering combat zones, fillming with drones and mobile phones, and using AI tools in broadcast journalism for Ethiopian state broadcaster Ethiopian Broadcasting Corporation in June 2025.",Ethiopia,Ethiopia,ETH,Ethiopia,,,06/2026,06/2025,,79,6,In-Person,F,ET,ET,ETH,ETH,,,,8.394399 N,8.394399,8.394399,Addis Ababa,39.374893 E,39.374893,39.374893,,,,120,75,,28,,,,,Ethiopian Broadcasting Corporation (EBC),4,,,Ethiopia,,RT,RT Academy,931257368259.7543,4664615.182572169,https ://www.rt dot com/about-us/press-releases/rt-first-journalism-training-africa/,2,Ethiopia,Ethiopia,,,,"RT 아카데미는 2025년 6월 에티오피아 국영 방송사 에티오피아 방송공사(EBC)를 대상으로 정치 지도자 인터뷰, 전투 지역 취재, 드론·휴대전화를 이용한 촬영, 방송 저널리즘에서 AI 도구 활용에 관한 일련의 워크숍을 진행했다.",보도에 따르면 100명이 참석했다.,,에티오피아,에티오피아,,,에티오피아,에티오피아,에티오피아,아디스아바바,RT,RT 아카데미,대면,러시아 국영 매체 교육 행사
67,Russian State Media Training Events,ET,F,100 reportedly attended,,,"RT Academy held a series of workshops on interviewing political leaders, covering combat zones, fillming with drones and mobile phones, and using AI tools in broadcast journalism for the Ethiopian Ministry of Defense in June 2025.",Ethiopia,Ethiopia,ETH,Ethiopia,,,06/2026,06/2025,,79,6,In-Person,F,ET,ET,ETH,ETH,,,,8.394399 N,8.394399,8.394399,Addis Ababa,39.374893 E,39.374893,39.374893,,,,121,76,,28,,,,,Ethiopian Ministry of Defense,4,,,Ethiopia,,RT,RT Academy,931257368259.7543,4664615.182572169,https ://www.rt dot com/about-us/press-releases/rt-first-journalism-training-africa/,2,Ethiopia,Ethiopia,,,,"RT 아카데미는 2025년 6월 에티오피아 국방부를 대상으로 정치 지도자 인터뷰, 전투 지역 취재, 드론·휴대전화를 이용한 촬영, 방송 저널리즘에서 AI 도구 활용에 관한 일련의 워크숍을 진행했다.",보도에 따르면 100명이 참석했다.,,에티오피아,에티오피아,,,에티오피아,에티오피아,에티오피아,아디스아바바,RT,RT 아카데미,대면,러시아 국영 매체 교육 행사
67,Russian State Media Training Events,ET,F,100 reportedly attended,,,"RT Academy held a series of workshops on interviewing political leaders, covering combat zones, fillming with drones and mobile phones, and using AI tools in broadcast journalism for Ethiopian state-owned mass media company Fana Media Corporation in June 2025.",Ethiopia,Ethiopia,ETH,Ethiopia,,,06/2026,06/2025,,79,6,In-Person,F,ET,ET,ETH,ETH,,,,8.394399 N,8.394399,8.394399,Addis Ababa,39.374893 E,39.374893,39.374893,,,,122,77,,28,,,,,Fana Media Corporation,4,,,Ethiopia,,RT,RT Academy,931257368259.7543,4664615.182572169,https ://www.rt dot com/about-us/press-releases/rt-first-journalism-training-africa/,2,Ethiopia,Ethiopia,,,,"RT 아카데미는 2025년 6월 에티오피아 국영 매스미디어 기업 파나 미디어 코퍼레이션(Fana Media Corporation)을 대상으로 정치 지도자 인터뷰, 전투 지역 취재, 드론·휴대전화를 이용한 촬영, 방송 저널리즘에서 AI 도구 활용에 관한 일련의 워크숍을 진행했다.",보도에 따르면 100명이 참석했다.,,에티오피아,에티오피아,,,에티오피아,에티오피아,에티오피아,아디스아바바,RT,RT 아카데미,대면,러시아 국영 매체 교육 행사
67,Russian State Media Training Events,ET,F,Consultant at the Ethiopian Media Authority's Media Center of Excellence Anteneh Tsegaye claimed that international instruction is vital to the Center’s development. Sputnik reported that over 50 participants attended the webinars.,Rossiya Segodnya Director of International Cooperation Vasily Pushkov and head of Sputnik’s Johannesburg office Viktor Anokhin led the webinars.,,"SputnikPro held a series of webinars on the Russian media market, trends in modern international communications, and fake news for journalists, students, and academics of the Ethiopian Media Authority’s Media Center of Excellence October 2025.",Ethiopia,Ethiopia,ETH,Ethiopia,,,06/2026,10/2025,,52,6,Virtual,T,ET,ET,ETH,ETH,,,,8.394399 N,8.394399,8.394399,,39.374893 E,39.374893,39.374893,,,,123,78,,28,,,,,Ethiopian Media Authority (EMA),4,,,Ethiopia,,Sputnik ,SputnikPro,931257368259.7543,4664615.182572169,https ://en dot sputniknews.africa/20251029/sputnikpro-modules-held-in-ethiopia-1080009862.html ; https://ria dot ru/20251029/efiopiya-2051564482.html ,2,Ethiopia,Ethiopia,,,,"스푸트니크프로는 2025년 10월 에티오피아 미디어청 미디어 우수센터(Media Center of Excellence)의 언론인, 학생, 학자를 대상으로 러시아 미디어 시장, 현대 국제 커뮤니케이션 동향, 가짜 뉴스에 관한 일련의 웨비나를 진행했다.",에티오피아 미디어청 미디어 우수센터 컨설턴트 안테네 테세가예(Anteneh Tsegaye)는 국제 강의가 센터 발전에 필수적이라고 주장했다. 스푸트니크는 웨비나에 50여 명이 참석했다고 보도했다.,로시야 세고드냐 국제협력국장 바실리 푸시코프와 스푸트니크 요하네스버그 사무소장 빅토르 아노힌(Viktor Anokhin)이 웨비나를 진행했다.,에티오피아,에티오피아,,,에티오피아,에티오피아,에티오피아,,스푸트니크,스푸트니크프로,온라인,러시아 국영 매체 교육 행사
67,Russian State Media Training Events,ET,F,,,,"RT Academy announced the second cohort of students for the African course in November 2025, which contained students from more than 20 African countries, including Burkina Faso, Cameroon, Congo, Democratic Republic of Congo, Ethiopia, Ghana, Kenya, Mali, Niger, Senegal, Sudan, and Uganda.",Ethiopia,Ethiopia,ETH,Ethiopia,,,06/2026,11/2025,,77,6,Virtual,T,ET,ET,ETH,ETH,,,,8.394399 N,8.394399,8.394399,,39.374893 E,39.374893,39.374893,,,,124,79,,28,,,,,,4,,,Ethiopia,,RT,RT Academy,931257368259.7543,4664615.182572169,https ://t.me/RTschool/3298 ; https ://t.me/RTschool/3352  ,2,Ethiopia,Ethiopia,,,,"RT 아카데미는 2025년 11월 아프리카 과정 2기 수강생을 발표했다. 수강생은 부르키나파소, 카메룬, 콩고, 콩고민주공화국, 에티오피아, 가나, 케냐, 말리, 니제르, 세네갈, 수단, 우간다 등 아프리카 20여 개국 출신이었다.",,,에티오피아,에티오피아,,,에티오피아,에티오피아,에티오피아,,RT,RT 아카데미,온라인,러시아 국영 매체 교육 행사
67,Russian State Media Training Events,GB,,,,,,Falkland Islands,United Kingdom,,Falkland Islands,,,,,,,,,,FK,,,,,,,,,,,,,,,,,125,,,75,,,,,,,,,,,,,12396030878.605469,1689855.348226467,,,,,,,,,,,포클랜드 제도,영국,,,,,,,,,,러시아 국영 매체 교육 행사
67,Russian State Media Training Events,DK,,,,,,Faroe Islands,Denmark,,Faroe Islands,,,,,,,,,,FO,,,,,,,,,,,,,,,,,126,,,76,,,,,,,,,,,,,1809897895.6225586,462577.9507816307,,,,,,,,,,,페로 제도,덴마크,,,,,,,,,,러시아 국영 매체 교육 행사
67,Russian State Media Training Events,FJ,,,,,,Fiji,Fiji,,Fiji,,,,,,,,,,FJ,,,,,,,,,,,,,,,,,127,,,77,,,,,,,,,,,,,15290429572.347656,1333301.9794261272,,,,,,,,,,,피지,피지,,,,,,,,,,러시아 국영 매체 교육 행사
67,Russian State Media Training Events,FI,,,,,,Finland,Finland,,Finland,,,,,,,,,,FI,,,,,,,,,,,,,,,,,128,,,78,,,,,,,,,,,,,425760323558.7002,5467187.454622174,,,,,,,,,,,핀란드,핀란드,,,,,,,,,,러시아 국영 매체 교육 행사
67,Russian State Media Training Events,FR,F,"70 participants from 32 regions of RU  + Italy, France, India, Belarus, Estonia, Turkmenistan. Chief Director of the Internet Broadcasting Directorate of the Belarusian Television and Radio Company Alexander Khorovets and pro-Russian war correspondents Andrea Lucidi and Laurent Brayard participated in the training.",New Media Workshop founder Yulia Ablets commented on the program.,,"New Media Workshop held a training session for media executives, journalists, bloggers from India, Belarus, Estonia, Turkmenistan, and military correspondents from Italy and France who cover combat activity in Donbas, in July 2024.",France,France,FRA,France,,,07/2026,07/2024,,103,2,In-Person,F,FR,FR,FRA,FRA,,,,46.4131 N,46.4131,46.4131,Moscow,2.32275 E,2.32275,2.32275,,,1,129,80,,29,,,,,,,1,,France,,Russia - Country of Opportunities,New Media Workshop,563385611431.6387,6019880.720163426,https ://tass dot ru/obschestvo/21330221,,France,France,,,,"뉴미디어 워크숍은 2024년 7월 인도, 벨라루스, 에스토니아, 투르크메니스탄 출신 미디어 경영진·언론인·블로거와 돈바스 전투 상황을 취재하는 이탈리아 및 프랑스 종군기자를 대상으로 연수 세션을 진행했다.","러시아 32개 지역과 이탈리아, 프랑스, 인도, 벨라루스, 에스토니아, 투르크메니스탄에서 70명이 참가했다. 벨라루스 텔레비전·라디오 방송사의 인터넷 방송국장 알렉산드르 호로베츠(Alexander Khorovets)와 친러시아 종군기자 안드레아 루치디(Andrea Lucidi), 로랑 브레이야르(Laurent Brayard)가 연수에 참여했다.",뉴미디어 워크숍 설립자 율리야 아블레츠(Yulia Ablets)가 프로그램에 관해 논평했다.,프랑스,프랑스,,,프랑스,프랑스,프랑스,모스크바,러시아-기회의 나라,뉴미디어 워크숍,대면,러시아 국영 매체 교육 행사
67,Russian State Media Training Events,FR,F,Reportedly over 250 participants,,,"RT reported that participants from Algeria, Belarus, Brazil, Chile, China, Egypt, France, Germany, India, Italy, Mexico, Moldova, Russia, Serbia, Tajikistan, Turkmenistan, and Uzbekistan joined the 11th cohort of RT School's TV and online journalism course in February 2025.",France,France,FRA,France,,,06/2026,02/2025,,6,2,Virtual,F,FR,FR,FRA,FRA,,,,46.4131 N,46.4131,46.4131,,2.32275 E,2.32275,2.32275,,,1,130,81,,29,,,,,,,1,,France,,RT,RT School,563385611431.6387,6019880.720163426,https ://t.me/RTschool/2149 ; https ://t.me/RTschool/2132 ; https://vk dot com/wall-202529715_4677 ; https://www.instagram.com/p/DIbhtoPMTQg/  ,,France,France,,,,"RT는 2025년 2월 알제리, 벨라루스, 브라질, 칠레, 중국, 이집트, 프랑스, 독일, 인도, 이탈리아, 멕시코, 몰도바, 러시아, 세르비아, 타지키스탄, 투르크메니스탄, 우즈베키스탄 출신 참가자들이 RT 스쿨의 TV·온라인 저널리즘 과정 제11기에 참여했다고 보도했다.",보도에 따르면 참가자는 250명을 넘었다.,,프랑스,프랑스,,,프랑스,프랑스,프랑스,,RT,RT 스쿨,온라인,러시아 국영 매체 교육 행사
67,Russian State Media Training Events,FR,,,,,,French Guiana,France,,French Guiana,,,,,,,,,,GF,,,,,,,,,,,,,,,,,131,,,80,,,,,,,,,,,,,68572888470.0188,1242853.2921473056,,,,,,,,,,,프랑스령 기아나,프랑스,,,,,,,,,,러시아 국영 매체 교육 행사
67,Russian State Media Training Events,FR,,,,,,French Polynesia,France,,French Polynesia,,,,,,,,,,PF,,,,,,,,,,,,,,,,,132,,,81,,,,,,,,,,,,,1749100071.6835938,395076.1661615902,,,,,,,,,,,프랑스령 폴리네시아,프랑스,,,,,,,,,,러시아 국영 매체 교육 행사
67,Russian State Media Training Events,FR,,,,,,French Southern Territories,France,,French Southern Territories,,,,,,,,,,TF,,,,,,,,,,,,,,,,,133,,,82,,,,,,,,,,,,,7886168816.65625,1063935.6831761824,,,,,,,,,,,프랑스령 남방 지역,프랑스,,,,,,,,,,러시아 국영 매체 교육 행사
67,Russian State Media Training Events,GA,F,Director of Public Relations and International Cooperation at AGP Chancelle Nadia Biket Onanga praised the seminar.,Sputnik Africa social media editor Anna Kalinkina led the seminar.,,SputnikPro held a seminar on increasing audience engagement and retention on social media platforms for Gabonese online news agency Agence Gabonaise de Presse (ABG) in October 2025.,Gabon,Gabon,GAB,Gabon,,,06/2026,10/2025,,20,1,Virtual,T,GA,GA,GAB,GAB,,,,0.36215 S,-0.36215,-0.36215,,11.48788 E,11.48788,11.48788,,,,134,82,,30,,,,,Agence Gabonaise de Presse (ABG),,,,Gabon,,Sputnik ,SputnikPro,213572004908.70273,3255841.476402725,https ://xn--c1acbl2abdlkab1og dot xn--p1ai/20251028/739756.html; https://fr.sputniknews dot africa/20251029/le-gabon-accueille-un-atelier-de-formation-de-sputnikpro-une-premiere-1079995318.html ,1,Gabon,Gabon,,,,스푸트니크프로는 2025년 10월 가봉 온라인 통신사 가봉 통신사(ABG)를 대상으로 소셜미디어 플랫폼의 이용자 참여 및 유지율을 높이는 방법에 관한 세미나를 진행했다.,가봉 통신사(AGP) 홍보·국제협력국장 샹셀 나디아 비케트 오낭가(Chancelle Nadia Biket Onanga)는 세미나를 높이 평가했다.,스푸트니크 아프리카 소셜미디어 편집자 안나 칼린키나가 세미나를 진행했다.,가봉,가봉,,,가봉,가봉,가봉,,스푸트니크,스푸트니크프로,온라인,러시아 국영 매체 교육 행사
67,Russian State Media Training Events,GM,F,GAMNA Deputy Director Ebrima Njie and GAMNA Principal Information Officer Madiba Sillah praised the class.,Deputy Director of Sputnik's General Information Directorate Viktoria Polikarpova led the masterclass.,,SputnikPro held a masterclass on digital media work for Gambian state news agency Gambia News Agency (GAMNA) in March 2023.,Gambia,Gambia,GMB,Gambia,,,06/2026,03/2023,,21,2,Virtual,F,GM,GM,GMB,GMB,,,,13.4667969 N ,13.4667969,13.4667969,,15.3860673 W,-15.3860673,-15.3860673,,,,135,100,,33,,,,,Gambia News Agency (GAMNA),1,,,The Gambia,,Sputnik ,SputnikPro,8951003239.666016,1046006.4018492665,https ://xn--c1acbl2abdlkab1og dot xn--p1ai/20230307/437653.html ; https://sputnikglobe dot com/20230307/gambia-becomes-new-sputnikpro-point--1108148255.html ,1,The Gambia,Gambia,,,,스푸트니크프로는 2023년 3월 감비아 국영 통신사 감비아 통신사(GAMNA)를 대상으로 디지털 미디어 업무에 관한 마스터클래스를 진행했다.,감비아 통신사 부국장 에브리마 은지(Ebrima Njie)와 수석 정보담당관 마디바 실라(Madiba Sillah)는 강의를 높이 평가했다.,스푸트니크 총정보국 부국장 빅토리아 폴리카르포바(Viktoria Polikarpova)가 마스터클래스를 진행했다.,감비아,감비아,,,감비아,감비아,감비아,,스푸트니크,스푸트니크프로,온라인,러시아 국영 매체 교육 행사
67,Russian State Media Training Events,GM,F,,"RT French head Natalia Lebedeva, RT deputy Editor-in-Chief Alexei Nikolov, and RT Head of Educational Projects Anna Kovtunova attended the workshop. RT French Editor-in-Chief Arseny Samsonov, RT French correspondent Daria Vaganova, RT French presenters Oleg Shommer and Amin Tutakh, RT French producer Anton Shamkov, and RT International correspondents Igor Zhdanov and Rory Suchet spoke to students during the workshop.",,"RT Academy, RT Africa, and RT en français held a two-day journalism training workshop for journalists from Senegal, Madagascar, Cameroon, Namibia, Algeria, Côte d'Ivoire, Tunisia, Benin and The Gambia in March 2026.",Gambia,Gambia,GMB,Gambia,,,06/2026,03/2026,,3,2,In-Person,T,GM,GM,GMB,GMB,,,,13.4667969 N ,13.4667969,13.4667969,Moscow,15.3860673 W,-15.3860673,-15.3860673,,,,136,101,,33,,,,,,1,,,The Gambia,,RT,RT Academy,8951003239.666016,1046006.4018492665,https://t.me/RTschool/3908 ; https://school dot rt.com/news/233-laureaty-aub-media-awards-2025-premiya-afrikanskogo-veshatelnogo-soyuza-iz-afriki-posetili-rt-academy-v-moskve ,1,The Gambia,Gambia,,,,"RT 아카데미, RT 아프리카, RT 프랑스어 채널은 2026년 3월 세네갈, 마다가스카르, 카메룬, 나미비아, 알제리, 코트디부아르, 튀니지, 베냉, 감비아 출신 언론인을 대상으로 이틀간 언론 연수 워크숍을 개최했다.",,"워크숍에는 RT 프랑스어 채널 책임자 나탈리아 레베데바(Natalia Lebedeva), RT 부편집장 알렉세이 니콜로프(Alexei Nikolov), RT 교육 프로젝트 책임자 안나 코브투노바(Anna Kovtunova)가 참석했다. RT 프랑스어 채널 편집장 아르세니 삼소노프(Arseny Samsonov), RT 프랑스어 채널 특파원 다리아 바가노바(Daria Vaganova), RT 프랑스어 채널 진행자 올레그 쇼머(Oleg Shommer)와 아민 투타크(Amin Tutakh), RT 프랑스어 채널 프로듀서 안톤 샴코프(Anton Shamkov), RT 인터내셔널 특파원 이고리 즈다노프(Igor Zhdanov)와 로리 수셰(Rory Suchet)가 워크숍에서 수강생들을 대상으로 강연했다.",감비아,감비아,,,감비아,감비아,감비아,모스크바,RT,RT 아카데미,대면,러시아 국영 매체 교육 행사
67,Russian State Media Training Events,GE,F,15 people,Director of the Sputnik Multimedia Centers Directorate in the CIS and Baltic States Andrei Blagodyrenko and Head of the Public Diplomacy Department of Rossotrudnichestvo Ekaterina Torubarova led the training.,,"SputnikPro held a week-long training program for journalists from Belarusian broadcaster Gomel TV and Radio Company, Kazakhstani television channel 24KZ (formerly Khabar24), Armenian television channel Tsayg TV, and state broadcaster in Russian-occupied South Ossetia State Television and Radio Company ""Ir"" on international multimedia agency, photojournalism, disinformation problems, and news verification methods in October 2022. ",Georgia,Georgia,GEO,Georgia,,,07/2026,10/2022,,100,14,In-Person,F,GE,GE,GEO,GEO,,,,43.1652985 N,43.1652985,43.1652985,Moscow,41.139188 E,41.139188,41.139188,,,2,137,83,,31,,,,,"State Television and Radio Company ""Ir"" (GTRK ""Ir"")",,2,,Abkhazia (Georgia),,Sputnik ,SputnikPro,69267794002.62305,1670915.86514212,https ://xn--c1acbl2abdlkab1og dot xn--p1ai/20221004/311815.html,10,South Ossetia (Georgia),Abkhazia (Georgia),,,,"스푸트니크프로는 2022년 10월 벨라루스 고멜 TV·라디오 방송사, 카자흐스탄 TV 채널 24KZ(구 하바르24), 아르메니아 TV 채널 차이그 TV(Tsayg TV), 러시아가 점령한 남오세티야의 국영 방송사 '이르'(Ir) 소속 언론인을 대상으로 모스크바에서 일주일간 연수 프로그램을 진행했다. 연수 내용은 국제 멀티미디어 통신사, 포토저널리즘, 허위정보 문제, 뉴스 검증 방법 등이었다.",15명,독립국가연합(CIS)·발트해 국가 담당 스푸트니크 멀티미디어센터국장 안드레이 블라고디렌코(Andrei Blagodyrenko)와 로스소트루드니체스트보 공공외교부장 예카테리나 토루바로바(Ekaterina Torubarova)가 연수를 진행했다.,조지아,조지아,,,압하지야(조지아),남오세티야(조지아),압하지야(조지아),모스크바,스푸트니크,스푸트니크프로,대면,러시아 국영 매체 교육 행사
67,Russian State Media Training Events,GE,F,,"Sputnik video production department employee Alexander Petrov, Sputnik journalist Armen Gasparyan, Rossiya Segodnya deputy Editor-in-Chief Natalia Loseva, and Sputnik Near Abroad journalist and presenter Victoria Fyodorova spoke during the program. Sputnik reported that this was the second time dostuk.media correspondent Yana Kraynyukova and KRSU Youth Culture and Creativity Center Director Galina Ketova participated in a SputnikPro program",,"SputnikPro on Zubovsky held a series of training sessions for journalists from Russian-occupied Abkhazia and Azerbaijan, Belarus, Kazakhstan, Kyrgyzstan, Moldova, Uzbekistan, and Russian-occupied South Ossetia in Moscow in May 2024.",Georgia,Georgia,GEO,Georgia,,,06/2026,05/2024,,12,14,In-Person,F,GE,GE,GEO,GEO,,,,43.1652985 N,43.1652985,43.1652985,Moscow,41.139188 E,41.139188,41.139188,,,2,138,84,,31,,,,,,,2,,Abkhazia (Georgia),,Sputnik ,SputnikPro,69267794002.62305,1670915.86514212,https ://ru dot sputnik.kg/20240524/moskva-novyj-sezon-proekt-sputnikpro-na-zubovskom-zhurnalist-1085450660.html ; https://ruj dot ru/preview/v-moskve-startoval-novyi-sezon-proekta-sputnikpro-na-zubovskom-dlya-zhurnalistov-21448 ,10,Abkhazia (Georgia),Abkhazia (Georgia),,,,"스푸트니크프로 온 주보프스키는 2024년 5월 모스크바에서 러시아가 점령한 압하지야와 아제르바이잔, 벨라루스, 카자흐스탄, 키르기스스탄, 몰도바, 우즈베키스탄 및 러시아가 점령한 남오세티야 출신 언론인을 대상으로 일련의 연수 세션을 진행했다.",,"스푸트니크 영상제작부 직원 알렉산드르 페트로프, 스푸트니크 기자 아르멘 가스파랸, 로시야 세고드냐 부편집장 나탈리아 로세바(Natalia Loseva), 스푸트니크 근외지역 담당 기자 겸 진행자 빅토리아 표도로바(Victoria Fyodorova)가 프로그램에서 강연했다. 스푸트니크는 도스투크 미디어(dostuk.media) 특파원 야나 크라이뉴코바(Yana Kraynyukova)와 키르기스-러시아 슬라브대학교(KRSU) 청년문화·창의센터장 갈리나 케토바(Galina Ketova)가 스푸트니크프로 프로그램에 두 번째로 참여했다고 보도했다.",조지아,조지아,,,압하지야(조지아),압하지야(조지아),압하지야(조지아),모스크바,스푸트니크,스푸트니크프로,대면,러시아 국영 매체 교육 행사
67,Russian State Media Training Events,GE,F,,"Sputnik video production department employee Alexander Petrov, Sputnik journalist Armen Gasparyan, Rossiya Segodnya deputy Editor-in-Chief Natalia Loseva, and Sputnik Near Abroad journalist and presenter Victoria Fyodorova spoke during the program. Sputnik reported that this was the second time dostuk.media correspondent Yana Kraynyukova and KRSU Youth Culture and Creativity Center Director Galina Ketova participated in a SputnikPro program",,"SputnikPro on Zubovsky held a series of training sessions for journalists from Russian-occupied Abkhazia and Azerbaijan, Belarus, Kazakhstan, Kyrgyzstan, Moldova, Uzbekistan, and Russian-occupied South Ossetia in Moscow in May 2024.",Georgia,Georgia,GEO,Georgia,,,06/2026,05/2024,,12,14,In-Person,F,GE,GE,GEO,GEO,,,,43.1652985 N,43.1652985,43.1652985,Moscow,41.139188 E,41.139188,41.139188,,,2,139,85,,31,,,,,,,2,,Abkhazia (Georgia),,Sputnik ,SputnikPro,69267794002.62305,1670915.86514212,https ://ru dot sputnik.kg/20240524/moskva-novyj-sezon-proekt-sputnikpro-na-zubovskom-zhurnalist-1085450660.html ; https://ruj dot ru/preview/v-moskve-startoval-novyi-sezon-proekta-sputnikpro-na-zubovskom-dlya-zhurnalistov-21448 ,10,South Ossetia (Georgia),Abkhazia (Georgia),,,,"스푸트니크프로 온 주보프스키는 2024년 5월 모스크바에서 러시아가 점령한 압하지야와 아제르바이잔, 벨라루스, 카자흐스탄, 키르기스스탄, 몰도바, 우즈베키스탄 및 러시아가 점령한 남오세티야 출신 언론인을 대상으로 일련의 연수 세션을 진행했다.",,"스푸트니크 영상제작부 직원 알렉산드르 페트로프, 스푸트니크 기자 아르멘 가스파랸, 로시야 세고드냐 부편집장 나탈리아 로세바(Natalia Loseva), 스푸트니크 근외지역 담당 기자 겸 진행자 빅토리아 표도로바(Victoria Fyodorova)가 프로그램에서 강연했다. 스푸트니크는 도스투크 미디어(dostuk.media) 특파원 야나 크라이뉴코바(Yana Kraynyukova)와 키르기스-러시아 슬라브대학교(KRSU) 청년문화·창의센터장 갈리나 케토바(Galina Ketova)가 스푸트니크프로 프로그램에 두 번째로 참여했다고 보도했다.",조지아,조지아,,,압하지야(조지아),남오세티야(조지아),압하지야(조지아),모스크바,스푸트니크,스푸트니크프로,대면,러시아 국영 매체 교육 행사
67,Russian State Media Training Events,GE,F,12 people reportedly took part,"Sputnik Near Abroad Editor-in-Chief Alexander Samokhvalov, video editing specialist Dmitry Budantsev, AI specialist Alexander Petrov, Sputnik presenter Viktoria Federova, and Sputnik journalist Armen Gasparyan conducted training for the program.",,"SputnikPro on Zubovsky held a series of training sessions for journalists from Russian-occupied Abkhazia and Armenia, Azerbaijan, Belarus, Georgia, Kyrgyzstan, and Uzbekistan in July 2024.",Georgia,Georgia,GEO,Georgia,,,06/2026,07/2024,,9,14,In-Person,F,GE,GE,GEO,GEO,,,,43.1652985 N,43.1652985,43.1652985,Moscow,41.139188 E,41.139188,41.139188,,,2,140,86,,31,,,,,,,2,,Abkhazia (Georgia),,Sputnik ,SputnikPro,69267794002.62305,1670915.86514212,https ://ru dot sputnik.kg/20240719/sputnikpro-mediatrendy-1087175081.html ; https://www.krsu dot kg/en/universitet/universitet-v-smi/sputnikpro-mezhdunarodnye-zhurnalisty-obuchayutsya-novejshim-mediatrendam-v-moskve/,10,Abkhazia (Georgia),Abkhazia (Georgia),,,,"스푸트니크프로 온 주보프스키(SputnikPro on Zubovsky)는 2024년 7월 러시아가 점령한 압하지야와 아르메니아, 아제르바이잔, 벨라루스, 조지아, 키르기스스탄, 우즈베키스탄 출신 언론인을 대상으로 일련의 연수 세션을 진행했다.",보도에 따르면 12명이 참가했다.,"스푸트니크 근외지역 담당 편집장 알렉산드르 사모흐발로프(Alexander Samokhvalov), 영상 편집 전문가 드미트리 부단체프(Dmitry Budantsev), AI 전문가 알렉산드르 페트로프(Alexander Petrov), 스푸트니크 진행자 빅토리아 페도도바(Viktoria Federova), 스푸트니크 기자 아르멘 가스파랸(Armen Gasparyan)이 연수를 진행했다.",조지아,조지아,,,압하지야(조지아),압하지야(조지아),압하지야(조지아),모스크바,스푸트니크,스푸트니크프로,대면,러시아 국영 매체 교육 행사
67,Russian State Media Training Events,GE,F,"Sputnik claimed that this was the second time participating in a SputnikPro program for most participants. Sputnik claimed in this article that 48 journalists completed SputnikPro on Zubovsky in 2023 and 36 participated through May, June, and July of 2024.","Sputnik Near Abroad Editor-in-Chief Alexander Samokhvalov, video editing specialist Dmitry Budantsev, AI specialist Alexander Petrov, Sputnik presenter Viktoria Federova, and Sputnik journalist Armen Gasparyan conducted training for the program.",,"SputnikPro on Zubovsky held a series of training sessions for journalists from Russian-occupied Abkhazia and Armenia, Azerbaijan, Belarus, Georgia, Kyrgyzstan, and Uzbekistan in July 2024.",Georgia,Georgia,GEO,Georgia,,,06/2026,07/2024,,9,14,In-Person,F,GE,GE,GEO,GEO,,,,43.1652985 N,43.1652985,43.1652985,Moscow,41.139188 E,41.139188,41.139188,,,2,141,87,,31,,,,,,,2,,Abkhazia (Georgia),,Sputnik ,SputnikPro,69267794002.62305,1670915.86514212,https ://ru dot sputnik.kg/20240719/sputnikpro-mediatrendy-1087175081.html ; https://www.krsu dot kg/en/universitet/universitet-v-smi/sputnikpro-mezhdunarodnye-zhurnalisty-obuchayutsya-novejshim-mediatrendam-v-moskve/,10,Georgia,Abkhazia (Georgia),,,,"스푸트니크프로 온 주보프스키(SputnikPro on Zubovsky)는 2024년 7월 러시아가 점령한 압하지야와 아르메니아, 아제르바이잔, 벨라루스, 조지아, 키르기스스탄, 우즈베키스탄 출신 언론인을 대상으로 일련의 연수 세션을 진행했다.","스푸트니크는 대부분의 참가자가 스푸트니크프로 프로그램에 참여한 것이 두 번째라고 주장했다. 또한 해당 기사에서 2023년에는 언론인 48명이 스푸트니크프로 온 주보프스키 과정을 수료했고, 2024년 5~7월에는 36명이 참가했다고 주장했다.","스푸트니크 근외지역 담당 편집장 알렉산드르 사모흐발로프(Alexander Samokhvalov), 영상 편집 전문가 드미트리 부단체프(Dmitry Budantsev), AI 전문가 알렉산드르 페트로프(Alexander Petrov), 스푸트니크 진행자 빅토리아 페도도바(Viktoria Federova), 스푸트니크 기자 아르멘 가스파랸(Armen Gasparyan)이 연수를 진행했다.",조지아,조지아,,,압하지야(조지아),조지아,압하지야(조지아),모스크바,스푸트니크,스푸트니크프로,대면,러시아 국영 매체 교육 행사
67,Russian State Media Training Events,GE,F,“Political observer” Dmitry Abazov claimed that such events contribute to the development and exchange of professional media skills.,Deputy Head of Content Production at Sputnik Near Abroad Vadim Pavlov led the masterclass.,,"SputnikPro held a series of webinars and lectures on business journalism at the Sputnik Georgia Multimedia Press Center in Tbilisi, Georgia, in February 2025.",Georgia,Georgia,GEO,Georgia,,,06/2026,02/2025,,69,14,In-Person,F,GE,GE,GEO,GEO,,,,43.1652985 N,43.1652985,43.1652985,Tbilisi,41.139188 E,41.139188,41.139188,,,2,142,88,,31,,,,,,,2,,Abkhazia (Georgia),,Sputnik ,SputnikPro,69267794002.62305,1670915.86514212,https ://sputnik-georgia dot ru/20250218/dvenadtsatyy-modul-programmy-sputnik-pro-proshel-v-tbilisi-292162634.html  ,10,Georgia,Abkhazia (Georgia),,,,스푸트니크프로는 2025년 2월 조지아 트빌리시市의 스푸트니크 조지아 멀티미디어 프레스센터에서 비즈니스 저널리즘에 관한 일련의 웨비나와 강연을 진행했다.,‘정치 평론가’ 드미트리 아바조프(Dmitry Abazov)는 이러한 행사가 전문적인 미디어 역량의 개발과 교류에 기여한다고 주장했다.,스푸트니크 근외지역 콘텐츠 제작 부국장 바딤 파블로프(Vadim Pavlov)가 마스터클래스를 진행했다.,조지아,조지아,,,압하지야(조지아),조지아,압하지야(조지아),트빌리시,스푸트니크,스푸트니크프로,대면,러시아 국영 매체 교육 행사
67,Russian State Media Training Events,GE,F,,,,"SputnikPro on Zubovsky held a masterclass on the creation and promotion of Telegram channels for journalists from Russian-occupied Abkhazia and Armenia, Belarus, Kazakhstan, Kyrgyzstan, Uzbekistan, and Tajikistan in Moscow in September 2025.",Georgia,Georgia,GEO,Georgia,,,06/2026,09/2025,,8,14,In-Person,T,GE,GE,GEO,GEO,,,,43.1652985 N,43.1652985,43.1652985,Moscow,41.139188 E,41.139188,41.139188,,,2,143,89,,31,,,,,,,2,,Abkhazia (Georgia),,Sputnik ,SputnikPro,69267794002.62305,1670915.86514212,https ://vk dot com/wall-228821367_7025 ; https://ria dot ru/20250922/sputnikpro-2043532205.html ; https://am dot sputniknews dot ru/20250920/armyanskie-zhurnalisty-proshli-tretiy-sezon-proekta-sputnikpro-na-zubovskom-93687768.html,10,Abkhazia (Georgia),Abkhazia (Georgia),,,,"스푸트니크프로 온 주보프스키는 2025년 9월 모스크바에서 러시아가 점령한 압하지야와 아르메니아, 벨라루스, 카자흐스탄, 키르기스스탄, 우즈베키스탄, 타지키스탄 출신 언론인을 대상으로 텔레그램 채널 개설 및 홍보에 관한 마스터클래스를 진행했다.",,,조지아,조지아,,,압하지야(조지아),압하지야(조지아),압하지야(조지아),모스크바,스푸트니크,스푸트니크프로,대면,러시아 국영 매체 교육 행사
67,Russian State Media Training Events,GE,T,South Ossetian journalist Alena Dzhioeva praised the training.,Sputnik producer Alena Rutchina led the masterclass.,,"SputnikPro held a masterclass on the use of AI in content creation and promotion at the SputnikPro press center in Tskhinvali, Russian-occupied South Ossetia, in January 2026.",Georgia,Georgia,GEO,Georgia,,,06/2026,01/2026,,60,14,In-Person,T,GE,GE,GEO,GEO,,,,43.1652985 N,43.1652985,43.1652985,Tskhinvali,41.139188 E,41.139188,41.139188,,,2,144,90,,31,,,,,,,2,,Abkhazia (Georgia),,Sputnik ,SputnikPro,69267794002.62305,1670915.86514212,https ://sputnik-ossetia dot ru/20260128/semka-montazh-neyroseti-v-ramkakh-sputnikpro-rutchina-rasskazala-o-videotrendakh-dlya-smi-37094057.html ; https://pressria dot ru/20260128/958679476.html ,10,South Ossetia (Georgia),Abkhazia (Georgia),,,,스푸트니크프로는 2026년 1월 러시아가 점령한 남오세티야 츠힌발리市의 스푸트니크프로 프레스센터에서 콘텐츠 제작 및 홍보에 AI를 활용하는 방법에 관한 마스터클래스를 진행했다.,남오세티야 언론인 알레나 지오예바(Alena Dzhioeva)는 연수를 높이 평가했다.,스푸트니크 프로듀서 알레나 루치나(Alena Rutchina)가 마스터클래스를 진행했다.,조지아,조지아,,,압하지야(조지아),남오세티야(조지아),압하지야(조지아),츠힌발리,스푸트니크,스푸트니크프로,대면,러시아 국영 매체 교육 행사
67,Russian State Media Training Events,GE,F,Graduates of the course received certifications of completion. RT claimed that more than 150 participants joined the workshops.,"RT Editor-in-Chief Margarita Simonyan, Head of RT International Production Services Maria Zeleranskaya, Head of RT's Legal Broadcasting and Business Reputation Protection Service Elizaveta Khudyakova, Head of Ruptly Russia & CIS Maria Antonenko, RT International Senior Correspondent Murad Gazdiev, RT documentary film director Natalia Kadyrova, RT cameraman Maxim Sirotin, and ""RT in Russian"" Telegram channel manager Anton Araslanov spoke to the participants.",,"RT School held a two-week long program on media training for journalists, students, editors-in-chief, and other media specialists in Gagra, Russian-occupied Abkhazia, in February 2026.",Georgia,Georgia,GEO,Georgia,,,06/2026,02/2026,,59,14,In-Person,T,GE,GE,GEO,GEO,,,,43.1652985 N,43.1652985,43.1652985,Gagra,41.139188 E,41.139188,41.139188,,,2,145,91,,31,,,,,,,2,,Abkhazia (Georgia),,RT,RT School,69267794002.62305,1670915.86514212,https ://t.me/RTschool/3770 ; http://abkhazinform dot com/item/27091-mediashkola-rt-dlya-zhurnalistov-i-mediaspetsialistov-projdet-v-abkhazii ,10,Abkhazia (Georgia),Abkhazia (Georgia),,,,"RT 스쿨은 2026년 2월 러시아가 점령한 압하지야 가그라에서 언론인, 학생, 편집장 및 기타 미디어 전문가를 대상으로 2주간의 미디어 연수 프로그램을 진행했다.",과정을 수료한 참가자에게는 수료증이 발급됐다. RT는 워크숍 참가자가 150명을 넘었다고 주장했다.,"RT 편집장 마르가리타 시모냔(Margarita Simonyan), RT 인터내셔널 제작서비스 책임자 마리아 젤레란스카야(Maria Zeleranskaya), RT 법무·방송 및 기업 평판 보호 서비스 책임자 옐리자베타 쿠댜코바(Elizaveta Khudyakova), 럽틀리 러시아·독립국가연합 담당 책임자 마리아 안토넨코(Maria Antonenko), RT 인터내셔널 선임 특파원 무라트 가지예프(Murad Gazdiev), RT 다큐멘터리 영화감독 나탈리아 카디로바(Natalia Kadyrova), RT 카메라맨 막심 시로틴(Maxim Sirotin), ‘RT 러시아어’ 텔레그램 채널 관리자 안톤 아라슬라노프(Anton Araslanov)가 참가자들에게 강연했다.",조지아,조지아,,,압하지야(조지아),압하지야(조지아),압하지야(조지아),가그라,RT,RT 스쿨,대면,러시아 국영 매체 교육 행사
67,Russian State Media Training Events,GE,F,Graduates of the course received certifications of completion. RT claimed that more than 150 participants joined the workshops.,"RT Editor-in-Chief Margarita Simonyan, Head of RT International Production Services Maria Zeleranskaya, Head of RT's Legal Broadcasting and Business Reputation Protection Service Elizaveta Khudyakova, Head of Ruptly Russia & CIS Maria Antonenko, RT International Senior Correspondent Murad Gazdiev, RT documentary film director Natalia Kadyrova, RT cameraman Maxim Sirotin, and ""RT in Russian"" Telegram channel manager Anton Araslanov spoke to the participants.",,"RT School held a two-week long program on media training for journalists, students, editors-in-chief, and other media specialists in Sukhumi, Russian-occupied Abkhazia, in February 2026.",Georgia,Georgia,GEO,Georgia,,,06/2026,02/2026,,59,14,In-Person,T,GE,GE,GEO,GEO,,,,43.1652985 N,43.1652985,43.1652985,Sukhumi,41.139188 E,41.139188,41.139188,,,2,146,92,,31,,,,,,,2,,Abkhazia (Georgia),,RT,RT School,69267794002.62305,1670915.86514212,https ://t.me/RTschool/3770 ; http://abkhazinform dot com/item/27091-mediashkola-rt-dlya-zhurnalistov-i-mediaspetsialistov-projdet-v-abkhazii ,10,Abkhazia (Georgia),Abkhazia (Georgia),,,,"RT 스쿨은 2026년 2월 러시아가 점령한 압하지야 수후미에서 언론인, 학생, 편집장 및 기타 미디어 전문가를 대상으로 2주간의 미디어 연수 프로그램을 진행했다.",과정을 수료한 참가자에게는 수료증이 발급됐다. RT는 워크숍 참가자가 150명을 넘었다고 주장했다.,"RT 편집장 마르가리타 시모냔(Margarita Simonyan), RT 인터내셔널 제작서비스 책임자 마리아 젤레란스카야(Maria Zeleranskaya), RT 법무·방송 및 기업 평판 보호 서비스 책임자 옐리자베타 쿠댜코바(Elizaveta Khudyakova), 럽틀리 러시아·독립국가연합 담당 책임자 마리아 안토넨코(Maria Antonenko), RT 인터내셔널 선임 특파원 무라트 가지예프(Murad Gazdiev), RT 다큐멘터리 영화감독 나탈리아 카디로바(Natalia Kadyrova), RT 카메라맨 막심 시로틴(Maxim Sirotin), ‘RT 러시아어’ 텔레그램 채널 관리자 안톤 아라슬라노프(Anton Araslanov)가 참가자들에게 강연했다.",조지아,조지아,,,압하지야(조지아),압하지야(조지아),압하지야(조지아),수후미,RT,RT 스쿨,대면,러시아 국영 매체 교육 행사
67,Russian State Media Training Events,GE,F,,Sputnik Kyrgyzstan Editor-in-Chief Asel Minbayeva led the masterclass.,,SputnikPro held a masterclass on boosting content engagement on social media for Georgian journalists in April 2026.,Georgia,Georgia,GEO,Georgia,,,06/2026,04/2026,,23,14,In-Person,T,GE,GE,GEO,GEO,,,,43.1652985 N,43.1652985,43.1652985,Tbilisi,41.139188 E,41.139188,41.139188,,,2,147,93,,31,,,,,,,2,,Abkhazia (Georgia),,Sputnik ,SputnikPro,69267794002.62305,1670915.86514212,"https ://sputnik-georgia dot com/20260427/tbilisshi-sputnikpros-moduli-chatarda-298325540.html
https://vk dot com/video-212783184_456243625 ",10,Georgia,Abkhazia (Georgia),,,,스푸트니크프로는 2026년 4월 조지아 언론인을 대상으로 소셜미디어 콘텐츠 참여도를 높이는 방법에 관한 마스터클래스를 진행했다.,,스푸트니크 키르기스스탄 편집장 아셀 민바예바(Asel Minbayeva)가 마스터클래스를 진행했다.,조지아,조지아,,,압하지야(조지아),조지아,압하지야(조지아),트빌리시,스푸트니크,스푸트니크프로,대면,러시아 국영 매체 교육 행사
67,Russian State Media Training Events,GE,F,,Deputy Head of the Sputnik Multimedia Centers Directorate in the CIS and Baltic States Alexander Samokhvalov led the masterclass.,,"SputnikPro held a masterclass on developing and managing channels on Telegram and Russian state-controlled messenger app MAX in Tskhinvali, Russian-occupied South Ossetia, in June 2026.",Georgia,Georgia,GEO,Georgia,,,06/2026,06/2026,,58,14,In-Person,T,GE,GE,GEO,GEO,,,,43.1652985 N,43.1652985,43.1652985,Tskhinvali,41.139188 E,41.139188,41.139188,,,2,148,94,,31,,,,,,,2,,Abkhazia (Georgia),,Sputnik ,SputnikPro,69267794002.62305,1670915.86514212,https ://sputnik-ossetia dot ru/20260601/razvitie-kanala-v-telegram-i-maks-v-tskhinvale-proshel-novyy-master-klass-sputnikpro-39280943.html ; https://vk dot com/video-95837632_456251437,10,South Ossetia (Georgia),Abkhazia (Georgia),,,,스푸트니크프로는 2026년 6월 러시아가 점령한 남오세티야 츠힌발리市에서 텔레그램과 러시아 정부가 통제하는 메신저 앱 MAX의 채널 개설 및 관리에 관한 마스터클래스를 진행했다.,,독립국가연합(CIS)·발트해 국가 담당 스푸트니크 멀티미디어센터국 부국장 알렉산드르 사모흐발로프(Alexander Samokhvalov)가 마스터클래스를 진행했다.,조지아,조지아,,,압하지야(조지아),남오세티야(조지아),압하지야(조지아),츠힌발리,스푸트니크,스푸트니크프로,대면,러시아 국영 매체 교육 행사
67,Russian State Media Training Events,GE,F,"80 participants from 34 regions of RU + BY, Abkhazia, and South Ossetia",New Media Workshop founder Yulia Ablets commented on the program.,,"New Media Workshop held a media workshop on personal brand development, talk shows creation, new program development, and real-event reporting for media specialists from Belarus, Russian-occupied Abkhazia, and Russian-occupied South Ossetia in July 2026.",Georgia,Georgia,GEO,Georgia,,,07/2026,07/2026,,104,14,In-Person,T,GE,GE,GEO,GEO,,,,43.1652985 N,43.1652985,43.1652985,Moscow,41.139188 E,41.139188,41.139188,,,2,149,95,,31,,,,,,,2,,Abkhazia (Georgia),,Russia - Country of Opportunities,New Media Workshop,69267794002.62305,1670915.86514212,https ://tass dot ru/obschestvo/27920071,10,Abkhazia (Georgia),Abkhazia (Georgia),,,,"뉴미디어 워크숍은 2026년 7월 벨라루스, 러시아가 점령한 압하지야, 러시아가 점령한 남오세티야 출신 미디어 전문가를 대상으로 개인 브랜드 개발, 토크쇼 제작, 신규 프로그램 개발, 현장 사건 보도에 관한 미디어 워크숍을 진행했다.","러시아 34개 지역과 벨라루스, 압하지야, 남오세티야에서 80명이 참가했다.",뉴미디어 워크숍 설립자 율리야 아블레츠(Yulia Ablets)가 프로그램에 관해 논평했다.,조지아,조지아,,,압하지야(조지아),압하지야(조지아),압하지야(조지아),모스크바,러시아-기회의 나라,뉴미디어 워크숍,대면,러시아 국영 매체 교육 행사
67,Russian State Media Training Events,GE,F,"80 participants from 34 regions of RU + BY, Abkhazia, and South Ossetia",New Media Workshop founder Yulia Ablets commented on the program.,,"New Media Workshop held a media workshop on personal brand development, talk shows creation, new program development, and real-event reporting for media specialists from Belarus, Russian-occupied Abkhazia, and Russian-occupied South Ossetia in July 2026.",Georgia,Georgia,GEO,Georgia,,,07/2026,07/2026,,104,14,In-Person,T,GE,GE,GEO,GEO,,,,43.1652985 N,43.1652985,43.1652985,Moscow,41.139188 E,41.139188,41.139188,,,2,150,96,,31,,,,,,,2,,Abkhazia (Georgia),,Russia - Country of Opportunities,New Media Workshop,69267794002.62305,1670915.86514212,https ://tass dot ru/obschestvo/27920071,10,South Ossetia (Georgia),Abkhazia (Georgia),,,,"뉴미디어 워크숍은 2026년 7월 벨라루스, 러시아가 점령한 압하지야, 러시아가 점령한 남오세티야 출신 미디어 전문가를 대상으로 개인 브랜드 개발, 토크쇼 제작, 신규 프로그램 개발, 현장 사건 보도에 관한 미디어 워크숍을 진행했다.","러시아 34개 지역과 벨라루스, 압하지야, 남오세티야에서 80명이 참가했다.",뉴미디어 워크숍 설립자 율리야 아블레츠(Yulia Ablets)가 프로그램에 관해 논평했다.,조지아,조지아,,,압하지야(조지아),남오세티야(조지아),압하지야(조지아),모스크바,러시아-기회의 나라,뉴미디어 워크숍,대면,러시아 국영 매체 교육 행사
67,Russian State Media Training Events,DE,F,Reportedly over 250 participants,,,"RT reported that participants from Algeria, Belarus, Brazil, Chile, China, Egypt, France, Germany, India, Italy, Mexico, Moldova, Russia, Serbia, Tajikistan, Turkmenistan, and Uzbekistan joined the 11th cohort of RT School's TV and online journalism course in February 2025.",Germany,Germany,DEU,Germany,,,06/2026,02/2025,,6,1,Virtual,F,DE,DE,DEU,DEU,,,,51.131222 N,51.131222,51.131222,,10.24789 E,10.24789,10.24789,,,,151,60,,22,,,,,,,1,,Germany,,RT,RT School,383104457549.58276,4959539.962022607,https ://t.me/RTschool/2149 ; https ://t.me/RTschool/2132 ; https://vk dot com/wall-202529715_4677 ; https://www.instagram.com/p/DIbhtoPMTQg/  ,,Germany,Germany,,,,"RT는 2025년 2월 알제리, 벨라루스, 브라질, 칠레, 중국, 이집트, 프랑스, 독일, 인도, 이탈리아, 멕시코, 몰도바, 러시아, 세르비아, 타지키스탄, 투르크메니스탄, 우즈베키스탄 출신 참가자들이 RT 스쿨의 TV·온라인 저널리즘 과정 제11기에 참여했다고 보도했다.",보도에 따르면 참가자는 250명을 넘었다.,,독일,독일,,,독일,독일,독일,,RT,RT 스쿨,온라인,러시아 국영 매체 교육 행사
67,Russian State Media Training Events,GH,F,,,,"RT Academy announced the second cohort of students for the African course in November 2025, which contained students from more than 20 African countries, including Burkina Faso, Cameroon, Congo, Democratic Republic of Congo, Ethiopia, Ghana, Kenya, Mali, Niger, Senegal, Sudan, and Uganda.",Ghana,Ghana,GHA,Ghana,,,06/2026,11/2025,,77,3,Virtual,T,GH,GH,GHA,GHA,,,,7.584141 N,7.584141,7.584141,,1.123149 W,-1.123149,-1.123149,,,,152,97,,32,,,,,,1,,,Ghana,,RT,RT Academy,197099965120.64722,2318824.99530004,https ://t.me/RTschool/3298 ; https ://t.me/RTschool/3352  ,2,Ghana,Ghana,,,,"RT 아카데미는 2025년 11월 아프리카 과정 2기 수강생을 발표했다. 수강생은 부르키나파소, 카메룬, 콩고, 콩고민주공화국, 에티오피아, 가나, 케냐, 말리, 니제르, 세네갈, 수단, 우간다 등 아프리카 20여 개국 출신이었다.",,,가나,가나,,,가나,가나,가나,,RT,RT 아카데미,온라인,러시아 국영 매체 교육 행사
67,Russian State Media Training Events,GH,F,The Russian Embassy in Ghana and the Ghana-Russia Centre for Commerce and Relations (GRCCR) collaborated with Sputnik to hold the event.,"Rossiya Segodnya Director of International Cooperation Vasily Pushkov, Counsellor at the Russian Embassy in Ghana Natalya Muzhennikova, and Head of Business Development and Innovations at the Ghana-Russia Centre for Commerce and Relations Ziona Ayorkor Holm spoke during the session.",,SputnikPro partnered with the Russian Embassy in Ghana and Ghanain non-profit organization Ghana-Russia Centre for Commerce and Relations to hold a session on developing international media collaboration for Ghanaian journalists in December 2025.,Ghana,Ghana,GHA,Ghana,,,06/2026,12/2025,,24,3,Virtual,T,GH,GH,GHA,GHA,,,,7.584141 N,7.584141,7.584141,,1.123149 W,-1.123149,-1.123149,,,,153,98,,32,,,,,,1,,,Ghana,,Sputnik ,SputnikPro,197099965120.64722,2318824.99530004,https ://en dot sputniknews.africa/20251203/ghanaian-media-professionals-engage-in-sputnikpro-session-on-cross-media-collaboration-1081087058.html ; https://www.myjoyonline dot com/ghanaian-journalists-trained-on-cross-media-collaboration-at-sputnikpro-seminar/ ; https://xn--c1acbl2abdlkab1og dot xn--p1ai/20251203/756488.html,2,Ghana,Ghana,,,,스푸트니크프로는 2025년 12월 러시아 가나 대사관 및 가나 비영리단체 가나-러시아 상업·관계센터(Ghana-Russia Centre for Commerce and Relations)와 협력해 가나 언론인을 대상으로 국제 미디어 협력 발전에 관한 세션을 개최했다.,가나 주재 러시아 대사관과 가나-러시아 상업·관계센터(GRCCR)는 스푸트니크와 협력해 행사를 개최했다.,"로시야 세고드냐 국제협력국장 바실리 푸시코프, 가나 주재 러시아 대사관 참사관 나탈리아 무젠니코바(Natalya Muzhennikova), 가나-러시아 상업·관계센터 사업개발·혁신 책임자 지오나 아요르코르 홀름(Ziona Ayorkor Holm)이 세션에서 발언했다.",가나,가나,,,가나,가나,가나,,스푸트니크,스푸트니크프로,온라인,러시아 국영 매체 교육 행사
67,Russian State Media Training Events,GH,F,"University of Education, Winneba Dean of the School of Communications and Media Studies Albert Wornyo thanked Sputnik for the lecture.",Rossiya Segodnya Director of International Cooperation Vasily Pushkov led the webinar.,,"SputnikPro held a webinar on media ethics, content reliability, and information verification for students and young media professionals at University of Education, Winneba, in Ghana in May 2026. ",Ghana,Ghana,GHA,Ghana,,,06/2026,05/2026,,70,3,Virtual,T,GH,GH,GHA,GHA,,,,7.584141 N,7.584141,7.584141,,1.123149 W,-1.123149,-1.123149,,,,154,99,,32,,,,,"University of Education, Winneba (UEW)",1,,,Ghana,,Sputnik ,SputnikPro,197099965120.64722,2318824.99530004,https ://ria dot ru/20260513/sputnikpro-2092264789.html ; https://en dot sputniknews.africa/20260514/ghanas-university-of-education-winneba-becomes-newest-partner-of-sputnikpro-1085726040.html ,2,Ghana,Ghana,,,,"스푸트니크프로는 2026년 5월 가나 위네바 교육대학교(University of Education, Winneba)의 학생과 청년 미디어 전문가를 대상으로 미디어 윤리, 콘텐츠 신뢰성, 정보 검증에 관한 웨비나를 진행했다.",위네바 교육대학교 커뮤니케이션·미디어학부 학장 앨버트 워뇨(Albert Wornyo)는 강연에 대해 스푸트니크에 감사를 표했다.,로시야 세고드냐 국제협력국장 바실리 푸시코프가 웨비나를 진행했다.,가나,가나,,,가나,가나,가나,,스푸트니크,스푸트니크프로,온라인,러시아 국영 매체 교육 행사
67,Russian State Media Training Events,GB,,,,,,Gibraltar,United Kingdom,,Gibraltar,,,,,,,,,,GI,,,,,,,,,,,,,,,,,155,,,88,,,,,,,,,,,,,7416032.962524414,14476.482037163387,,,,,,,,,,,지브롤터,영국,,,,,,,,,,러시아 국영 매체 교육 행사
67,Russian State Media Training Events,FR,,,,,,Glorioso Islands,France,,Glorioso Islands,,,,,,,,,,TF,,,,,,,,,,,,,,,,,156,,,89,,,,,,,,,,,,,4081963.4189453125,7928.984621865657,,,,,,,,,,,글로리오소 제도,프랑스,,,,,,,,,,러시아 국영 매체 교육 행사
67,Russian State Media Training Events,GR,,,,,,Greece,Greece,,Greece,,,,,,,,,,GR,,,,,,,,,,,,,,,,,157,,,90,,,,,,,,,,,,,125717598884.92139,7665988.241393547,,,,,,,,,,,그리스,그리스,,,,,,,,,,러시아 국영 매체 교육 행사
67,Russian State Media Training Events,DK,,,,,,Greenland,Denmark,,Greenland,,,,,,,,,,GL,,,,,,,,,,,,,,,,,158,,,91,,,,,,,,,,,,,3437945053125.9463,63022645.69399339,,,,,,,,,,,그린란드,덴마크,,,,,,,,,,러시아 국영 매체 교육 행사
67,Russian State Media Training Events,GD,,,,,,Grenada,Grenada,,Grenada,,,,,,,,,,GD,,,,,,,,,,,,,,,,,159,,,92,,,,,,,,,,,,,287958642.7871094,70107.37482747302,,,,,,,,,,,그레나다,그레나다,,,,,,,,,,러시아 국영 매체 교육 행사
67,Russian State Media Training Events,FR,,,,,,Guadeloupe,France,,Guadeloupe,,,,,,,,,,GP,,,,,,,,,,,,,,,,,160,,,93,,,,,,,,,,,,,1391083045.2080078,253802.71642614043,,,,,,,,,,,과들루프,프랑스,,,,,,,,,,러시아 국영 매체 교육 행사
67,Russian State Media Training Events,US,,,,,,Guam,United States,,Guam,,,,,,,,,,GU,,,,,,,,,,,,,,,,,161,,,94,,,,,,,,,,,,,480606452.5136719,111267.81681128399,,,,,,,,,,,괌,미국,,,,,,,,,,러시아 국영 매체 교육 행사
67,Russian State Media Training Events,GT,,,,,,Guatemala,Guatemala,,Guatemala,,,,,,,,,,GT,,,,,,,,,,,,,,,,,162,,,95,,,,,,,,,,,,,91666410719.7168,1663128.2241529638,,,,,,,,,,,과테말라,과테말라,,,,,,,,,,러시아 국영 매체 교육 행사
67,Russian State Media Training Events,GB,,,,,,Guernsey,United Kingdom,,Guernsey,,,,,,,,,,GG,,,,,,,,,,,,,,,,,163,,,96,,,,,,,,,,,,,76945714.44268799,37009.95698949825,,,,,,,,,,,건지,영국,,,,,,,,,,러시아 국영 매체 교육 행사
67,Russian State Media Training Events,GN,,,,,,Guinea,Guinea,,Guinea,,,,,,,,,,GN,,,,,,,,,,,,,,,,,164,,,97,,,,,,,,,,,,,203017036307.51898,3177546.791844717,,,,,,,,,,,기니,기니,,,,,,,,,,러시아 국영 매체 교육 행사
67,Russian State Media Training Events,GW,,,,,,Guinea-Bissau,Guinea-Bissau,,Guinea-Bissau,,,,,,,,,,GW,,,,,,,,,,,,,,,,,165,,,98,,,,,,,,,,,,,27654834377.13672,1703977.5766674494,,,,,,,,,,,기니비사우,기니비사우,,,,,,,,,,러시아 국영 매체 교육 행사
67,Russian State Media Training Events,GY,,,,,,Guyana,Guyana,,Guyana,,,,,,,,,,GY,,,,,,,,,,,,,,,,,166,,,99,,,,,,,,,,,,,172923741438.9109,2596066.821799645,,,,,,,,,,,가이아나,가이아나,,,,,,,,,,러시아 국영 매체 교육 행사
67,Russian State Media Training Events,HT,,,,,,Haiti,Haiti,,Haiti,,,,,,,,,,HT,,,,,,,,,,,,,,,,,167,,,100,,,,,,,,,,,,,23122239498.509766,1350637.3929087324,,,,,,,,,,,아이티,아이티,,,,,,,,,,러시아 국영 매체 교육 행사
67,Russian State Media Training Events,AU,,,,,,Heard Island and McDonald Islands,Australia,,Heard Island and McDonald Islands,,,,,,,,,,HM,,,,,,,,,,,,,,,,,168,,,101,,,,,,,,,,,,,437978588.4453125,99398.15161653749,,,,,,,,,,,허드 맥도널드 제도,오스트레일리아,,,,,,,,,,러시아 국영 매체 교육 행사
67,Russian State Media Training Events,HN,,,,,,Honduras,Honduras,,Honduras,,,,,,,,,,HN,,,,,,,,,,,,,,,,,169,,,102,,,,,,,,,,,,,94067452220.15918,2061762.5885165723,,,,,,,,,,,온두라스,온두라스,,,,,,,,,,러시아 국영 매체 교육 행사
67,Russian State Media Training Events,HU,,,,,,Hungary,Hungary,,Hungary,,,,,,,,,,HU,,,,,,,,,,,,,,,,,170,,,103,,,,,,,,,,,,,96070873175.50879,1616914.026811546,,,,,,,,,,,헝가리,헝가리,,,,,,,,,,러시아 국영 매체 교육 행사
67,Russian State Media Training Events,IS,,,,,,Iceland,Iceland,,Iceland,,,,,,,,,,IS,,,,,,,,,,,,,,,,,171,,,104,,,,,,,,,,,,,131902957232.13379,4464103.058481778,,,,,,,,,,,아이슬란드,아이슬란드,,,,,,,,,,러시아 국영 매체 교육 행사
67,Russian State Media Training Events,IN,F,Amity School of Communication professor Amit Chawla praised the lecture.,"Rossiya Segodnya Director of International Cooperation Vasily Pushkov, Head of the Sputnik New Delhi hub Olga Dycheva, and Editor-in-Chief of the Directorate of State Projects at Sputnik Elena Doroshenko led the masterclass.",,SputnikPro held a masterclass on journalistic work in crisis situations for the Amity School of Communication in India in October 2022.,India,India,IND,India,,,07/2026,10/2022,,99,10,Virtual,F,IN,IN,IND,IND,,,,23.131873 N,23.131873,23.131873,,79.381105 E,79.381105,79.381105,,,1,172,104,,35,,,,,Amity School of Communication (ASCO),4,1,,India,,Sputnik ,SputnikPro,2741073303819.0537,17607294.68697706,https ://xn--c1acbl2abdlkab1og dot xn--p1ai/20221014/314530.html,4,India,India,,,,스푸트니크프로는 2022년 10월 인도 아미티 커뮤니케이션대학(Amity School of Communication)을 대상으로 위기 상황에서의 언론 활동에 관한 마스터클래스를 진행했다.,아미티 커뮤니케이션대학 교수 아미트 차울라(Amit Chawla)는 강연을 높이 평가했다.,"로시야 세고드냐 국제협력국장 바실리 푸시코프, 스푸트니크 뉴델리 거점 책임자 올가 디체바(Olga Dycheva), 스푸트니크 국가 프로젝트국 편집장 옐레나 도로셴코(Elena Doroshenko)가 마스터클래스를 진행했다.",인도,인도,,,인도,인도,인도,,스푸트니크,스푸트니크프로,온라인,러시아 국영 매체 교육 행사
67,Russian State Media Training Events,IN,F,Associate Professor of the Department of Journalism and Mass Communications at the Manav Rachna International Institute of Research and Studies Tinam Bora praised the lecture.,Deputy Director of Sputnik's General Information Directorate Viktoria Polikarpova and Head of the Sputnik New Delhi hub Olga Dycheva led the lecture.,,SputnikPro held a lecture on countering fake news for Manav Rachna International Institute of Research and Studies in India in April 2023.,India,India,IND,India,,,07/2026,04/2023,,96,10,Virtual,F,IN,IN,IND,IND,,,,23.131873 N,23.131873,23.131873,,79.381105 E,79.381105,79.381105,,,1,173,105,,35,,,,,Manav Rachna International Institute of Research and Studies (MRIIRS),4,1,,India,,Sputnik ,SputnikPro,2741073303819.0537,17607294.68697706,https ://xn--c1acbl2abdlkab1og dot xn--p1ai/20230420/473429.html,4,India,India,,,,스푸트니크프로는 2023년 4월 인도 마나브 라치나 국제연구원(Manav Rachna International Institute of Research and Studies)에서 가짜 뉴스 대응에 관한 강연을 진행했다.,마나브 라치나 국제연구원 언론·대중커뮤니케이션학과 부교수 티남 보라(Tinam Bora)는 강연을 높이 평가했다.,스푸트니크 총정보국 부국장 빅토리아 폴리카르포바와 스푸트니크 뉴델리 거점 책임자 올가 디체바가 강연을 진행했다.,인도,인도,,,인도,인도,인도,,스푸트니크,스푸트니크프로,온라인,러시아 국영 매체 교육 행사
67,Russian State Media Training Events,IN,F,"70 participants from 32 regions of RU  + Italy, France, India, Belarus, Estonia, Turkmenistan. Chief Director of the Internet Broadcasting Directorate of the Belarusian Television and Radio Company Alexander Khorovets and pro-Russian war correspondents Andrea Lucidi and Laurent Brayard participated in the training.",New Media Workshop founder Yulia Ablets commented on the program.,,"New Media Workshop held a training session for media executives, journalists, bloggers from India, Belarus, Estonia, Turkmenistan, and military correspondents from Italy and France who cover combat activity in Donbas, in July 2024.",India,India,IND,India,,,07/2026,07/2024,,103,10,In-Person,F,IN,IN,IND,IND,,,,23.131873 N,23.131873,23.131873,Moscow,79.381105 E,79.381105,79.381105,,,1,174,106,,35,,,,,,4,1,,India,,Russia - Country of Opportunities,New Media Workshop,2741073303819.0537,17607294.68697706,https ://tass dot ru/obschestvo/21330221,4,India,India,,,,"뉴미디어 워크숍은 2024년 7월 인도, 벨라루스, 에스토니아, 투르크메니스탄 출신 미디어 경영진·언론인·블로거와 돈바스 전투 상황을 취재하는 이탈리아 및 프랑스 종군기자를 대상으로 연수 세션을 진행했다.","러시아 32개 지역과 이탈리아, 프랑스, 인도, 벨라루스, 에스토니아, 투르크메니스탄에서 70명이 참가했다. 벨라루스 텔레비전·라디오 방송사의 인터넷 방송국장 알렉산드르 호로베츠(Alexander Khorovets)와 친러시아 종군기자 안드레아 루치디(Andrea Lucidi), 로랑 브레이야르(Laurent Brayard)가 연수에 참여했다.",뉴미디어 워크숍 설립자 율리야 아블레츠(Yulia Ablets)가 프로그램에 관해 논평했다.,인도,인도,,,인도,인도,인도,모스크바,러시아-기회의 나라,뉴미디어 워크숍,대면,러시아 국영 매체 교육 행사
67,Russian State Media Training Events,IN,T,"Dean of the School of Journalism, Film and Media at Sharda University Ritu Sood praised the class.",Sputnik Traffic Manager Pavel Zaytsev led the masterclass. Head of Sputnik India Olga Dycheva commented on the importance of journalism training.,,SputnikPro held a masterclass discussion about AI-generated media content for Sharda University in India in October 2024.,India,India,IND,India,,,06/2026,10/2024,,25,10,Virtual,F,IN,IN,IND,IND,,,,23.131873 N,23.131873,23.131873,,79.381105 E,79.381105,79.381105,,,1,175,107,,35,,,,,Sharda University,4,1,,India,,Sputnik ,SputnikPro,2741073303819.0537,17607294.68697706,https ://xn--c1acbl2abdlkab1og dot xn--p1ai/20241008/642575.html; https://sputniknews dot in/20241008/sharda-university-students-learned-about-the-pros-and-cons-of-ai-in-media-8251525.html ,4,India,India,,,,스푸트니크프로는 2024년 10월 인도 샤르다대학교(Sharda University)에서 AI로 생성한 미디어 콘텐츠에 관한 토론형 마스터클래스를 진행했다.,샤르다대학교 언론·영화·미디어학부 학장 리투 수드(Ritu Sood)는 강의를 높이 평가했다.,스푸트니크 트래픽 매니저 파벨 자이체프(Pavel Zaytsev)가 마스터클래스를 진행했다. 스푸트니크 인도 책임자 올가 디체바는 언론인 연수의 중요성에 관해 논평했다.,인도,인도,,,인도,인도,인도,,스푸트니크,스푸트니크프로,온라인,러시아 국영 매체 교육 행사
67,Russian State Media Training Events,IN,F,Reportedly over 250 participants,,,"RT reported that participants from Algeria, Belarus, Brazil, Chile, China, Egypt, France, Germany, India, Italy, Mexico, Moldova, Russia, Serbia, Tajikistan, Turkmenistan, and Uzbekistan joined the 11th cohort of RT School's TV and online journalism course in February 2025.",India,India,IND,India,,,06/2026,02/2025,,6,10,Virtual,F,IN,IN,IND,IND,,,,23.131873 N,23.131873,23.131873,,79.381105 E,79.381105,79.381105,,,1,176,108,,35,,,,,,4,1,,India,,RT,RT School,2741073303819.0537,17607294.68697706,https ://t.me/RTschool/2149 ; https ://t.me/RTschool/2132 ; https://vk dot com/wall-202529715_4677 ; https://www.instagram.com/p/DIbhtoPMTQg/  ,4,India,India,,,,"RT는 2025년 2월 알제리, 벨라루스, 브라질, 칠레, 중국, 이집트, 프랑스, 독일, 인도, 이탈리아, 멕시코, 몰도바, 러시아, 세르비아, 타지키스탄, 투르크메니스탄, 우즈베키스탄 출신 참가자들이 RT 스쿨의 TV·온라인 저널리즘 과정 제11기에 참여했다고 보도했다.",보도에 따르면 참가자는 250명을 넘었다.,,인도,인도,,,인도,인도,인도,,RT,RT 스쿨,온라인,러시아 국영 매체 교육 행사
67,Russian State Media Training Events,IN,F,,,,"RT Academy held a series of lectures, masterclasses, and documentary screenings at Amity University in India in November 2025.",India,India,IND,India,,,06/2026,11/2025,,78,10,In-Person,T,IN,IN,IND,IND,,,,23.131873 N,23.131873,23.131873,Noida,79.381105 E,79.381105,79.381105,,,1,177,109,,35,,,,,Amity University,4,1,,India,,RT,RT Academy,2741073303819.0537,17607294.68697706,https ://academy dot rt.com/rt-academy-in-india-lectures-master-classes-and-documentary-screenings.html,4,India,India,,,,"RT 아카데미는 2025년 11월 인도 아미티대학교(Amity University)에서 강연, 마스터클래스, 다큐멘터리 상영을 포함한 일련의 행사를 진행했다.",,,인도,인도,,,인도,인도,인도,노이다,RT,RT 아카데미,대면,러시아 국영 매체 교육 행사
67,Russian State Media Training Events,IN,F,,,,"RT Academy held a series of lectures, masterclasses, and documentary screenings at Bennett University in India in November 2025.",India,India,IND,India,,,06/2026,11/2025,,78,10,In-Person,T,IN,IN,IND,IND,,,,23.131873 N,23.131873,23.131873,Greater Noida,79.381105 E,79.381105,79.381105,,,1,178,110,,35,,,,,Bennett University,4,1,,India,,RT,RT Academy,2741073303819.0537,17607294.68697706,https ://academy dot rt.com/rt-academy-in-india-lectures-master-classes-and-documentary-screenings.html,4,India,India,,,,"RT 아카데미는 2025년 11월 인도 베넷대학교(Bennett University)에서 강연, 마스터클래스, 다큐멘터리 상영을 포함한 일련의 행사를 진행했다.",,,인도,인도,,,인도,인도,인도,그레이터 노이다,RT,RT 아카데미,대면,러시아 국영 매체 교육 행사
67,Russian State Media Training Events,IN,F,,,,"RT Academy held a series of lectures, masterclasses, and documentary screenings at Jawaharlal Nehru University in India in November 2025.",India,India,IND,India,,,06/2026,11/2025,,78,10,In-Person,T,IN,IN,IND,IND,,,,23.131873 N,23.131873,23.131873,New Delhi,79.381105 E,79.381105,79.381105,,,1,179,111,,35,,,,,Jawaharlal Nehru University (JNU),4,1,,India,,RT,RT Academy,2741073303819.0537,17607294.68697706,https ://academy dot rt.com/rt-academy-in-india-lectures-master-classes-and-documentary-screenings.html,4,India,India,,,,"RT 아카데미는 2025년 11월 인도 자와할랄 네루대학교(Jawaharlal Nehru University)에서 강연, 마스터클래스, 다큐멘터리 상영을 포함한 일련의 행사를 진행했다.",,,인도,인도,,,인도,인도,인도,뉴델리,RT,RT 아카데미,대면,러시아 국영 매체 교육 행사
67,Russian State Media Training Events,IN,F,,,,"RT Academy held a series of lectures, masterclasses, and documentary screenings at the University of Petroleum and Energy Studies (UPES) in India in November 2025.",India,India,IND,India,,,06/2026,11/2025,,78,10,In-Person,T,IN,IN,IND,IND,,,,23.131873 N,23.131873,23.131873,Dehradun,79.381105 E,79.381105,79.381105,,,1,180,112,,35,,,,,University of Petroleum and Energy Studies (UPES),4,1,,India,,RT,RT Academy,2741073303819.0537,17607294.68697706,https ://academy dot rt.com/rt-academy-in-india-lectures-master-classes-and-documentary-screenings.html,4,India,India,,,,"RT 아카데미는 2025년 11월 인도 석유·에너지연구대학교(UPES)에서 강연, 마스터클래스, 다큐멘터리 상영을 포함한 일련의 행사를 진행했다.",,,인도,인도,,,인도,인도,인도,데라둔,RT,RT 아카데미,대면,러시아 국영 매체 교육 행사
67,Russian State Media Training Events,IN,T,Sharda University Professor Mohammad Ashraf Khan thanked Rossiya Segodnya for the training.,Head of the English-Speaking Countries Department at Rossiya Segodnya Dmitry Simes spoke during the session. Head of the Sputnik hub in India Olga Dycheva moderated the masterclass.,,SputnikPro held a masterclass on using AI tools in media for Sharda University in India in November 2025.,India,India,IND,India,,,07/2026,11/2025,,89,10,Virtual,T,IN,IN,IND,IND,,,,23.131873 N,23.131873,23.131873,,79.381105 E,79.381105,79.381105,,,1,181,113,,35,,,,,Sharda University,4,1,,India,,Sputnik ,SputnikPro,2741073303819.0537,17607294.68697706,https ://xn--c1acbl2abdlkab1og dot xn--p1ai/20251107/745491.html,4,India,India,,,,스푸트니크프로는 2025년 11월 인도 샤르다대학교에서 미디어 분야의 AI 도구 활용에 관한 마스터클래스를 진행했다.,샤르다대학교 모하마드 아슈라프 칸(Mohammad Ashraf Khan) 교수는 연수에 대해 로시야 세고드냐에 감사를 표했다.,로시야 세고드냐 영어권 담당 부장 드미트리 사이믹스(Dmitry Simes)가 세션에서 발언했다. 스푸트니크 인도 거점 책임자 올가 디체바는 마스터클래스의 사회를 맡았다.,인도,인도,,,인도,인도,인도,,스푸트니크,스푸트니크프로,온라인,러시아 국영 매체 교육 행사
67,Russian State Media Training Events,ID,F,Indonesian Ambassador to Russia Jose Tavares addressed the students and Dean of the Faculty of Social and Political Sciences at UPN Veteran Yogyakarta Dr. Machya Astuti Dewi praised the lecture.,Rossiya Segodnya Director of International Cooperation Vasily Pushkov led the session.,,SputnikPro held a lecture on international media work for National Development University “Veteran” Yogyakarta (UPN Veteran Yogyakarta) in Indonesia in September 2022.,Indonesia,Indonesia,IDN,Indonesia,,,06/2026,09/2022,,26,2,Virtual,F,ID,ID,IDN,IDN,,,,0.122161 S,-0.122161,-0.122161,,113.595622 E,113.595622,113.595622,,,,182,102,,34,,,,,"National Development University ""Veteran"" Yogyakarta (UPN Veteran Yogyakarta)",1,,,Indonesia,,Sputnik ,SputnikPro,1541068461792.0151,41659459.959943786,https ://xn--c1acbl2abdlkab1og dot xn--p1ai/20220902/293173.html ; https://rossiyasegodnya dot com/20220905/294107.html,1,Indonesia,Indonesia,,,,스푸트니크프로는 2022년 9월 인도네시아 UPN 베테란 욕야카르타(National Development University 'Veteran' Yogyakarta)에서 국제 미디어 활동에 관한 강연을 진행했다.,"주러시아 인도네시아 대사 호세 타바레스(Jose Tavares)가 학생들에게 연설했으며, UPN 베테란 욕야카르타 사회·정치과학부 학장 마치야 아스투티 데위(Machya Astuti Dewi) 박사는 강연을 높이 평가했다.",로시야 세고드냐 국제협력국장 바실리 푸시코프가 세션을 진행했다.,인도네시아,인도네시아,,,인도네시아,인도네시아,인도네시아,,스푸트니크,스푸트니크프로,온라인,러시아 국영 매체 교육 행사
67,Russian State Media Training Events,ID,F,RT claimed that over 500 participants joined the workshops.,,,"RT Academy held a series of media workshops on news coverage, the use of AI in journalism, and video content creation for students from Indonesia, the Philippines, Malaysia, Cambodia, Thailand, and South Korea in Jakarta, Indonesia, in December 2025.",Indonesia,Indonesia,IDN,Indonesia,,,06/2026,12/2025,,48,2,In-Person,T,ID,ID,IDN,IDN,,,,0.122161 S,-0.122161,-0.122161,Jakarta,113.595622 E,113.595622,113.595622,,,,183,103,,34,,,,,,1,,,Indonesia,,RT,RT Academy,1541068461792.0151,41659459.959943786,https ://academy dot rt.com/rt-academy-trains-journalists-in-indonesian-capital.html ; https://rs dot gov dot ru/en/news/na-ploshhadke-russkogo-doma-v-dzhakarte-proshla-akademiya-rt-dlya-indonezijskih-zhurnalistov/ ; kyivindependent dot com/teaching-journalism-the-russian-way-how-rt-academy-spreads-propaganda-in-global-south/,1,Indonesia,Indonesia,,,,"RT 아카데미는 2025년 12월 인도네시아 자카르타에서 인도네시아, 필리핀, 말레이시아, 캄보디아, 태국, 한국 출신 학생들을 대상으로 뉴스 보도, 저널리즘 분야의 AI 활용, 영상 콘텐츠 제작에 관한 일련의 미디어 워크숍을 진행했다.",RT는 워크숍 참가자가 500명을 넘었다고 주장했다.,,인도네시아,인도네시아,,,인도네시아,인도네시아,인도네시아,자카르타,RT,RT 아카데미,대면,러시아 국영 매체 교육 행사
67,Russian State Media Training Events,IR,,,,,,Iran,"Iran, Islamic Republic of",,Iran,,,,,,,,,,IR,,,,,,,,,,,,,,,,,184,,,107,,,,,,,,,,,,,1548185921729.8926,7430451.81455802,,,,,,,,,,,이란,이란,,,,,,,,,,러시아 국영 매체 교육 행사
67,Russian State Media Training Events,IQ,F,,Sputnik senior social media editor Denis Lukyanov led the webinar.,,SputnikPro held a session on social media algorithms for United Kingdom-based news agency Iraqi International News Agency (IINA) in December 2025.,Iraq,Iraq,IRQ,Iraq,,,07/2026,12/2025,,87,1,Virtual,T,IQ,IQ,IRQ,IRQ,,,,33.1580604 N ,33.1580604,33.1580604,,43.2446348 E,43.2446348,43.2446348,,,,185,114,,36,,,,,Iraq International News Agency (IINA),,,,Iraq,,Sputnik ,SputnikPro,403295702434.38965,3280676.6560429404,https ://xn--c1acbl2abdlkab1og dot xn--p1ai/20251219/760714.html,1,Iraq,Iraq,,,,스푸트니크프로는 2025년 12월 영국에 본부를 둔 이라크 국제통신사(IINA)를 대상으로 소셜미디어 알고리즘에 관한 세션을 진행했다.,,스푸트니크 선임 소셜미디어 편집자 데니스 루키야노프(Denis Lukyanov)가 웨비나를 진행했다.,이라크,이라크,,,이라크,이라크,이라크,,스푸트니크,스푸트니크프로,온라인,러시아 국영 매체 교육 행사
67,Russian State Media Training Events,IE,,,,,,Ireland,Ireland,,Ireland,,,,,,,,,,IE,,,,,,,,,,,,,,,,,186,,,109,,,,,,,,,,,,,76272354566.89697,3002708.6032260214,,,,,,,,,,,아일랜드,아일랜드,,,,,,,,,,러시아 국영 매체 교육 행사
67,Russian State Media Training Events,GB,,,,,,Isle of Man,United Kingdom,,Isle of Man,,,,,,,,,,IM,,,,,,,,,,,,,,,,,187,,,110,,,,,,,,,,,,,685196761.3328857,115718.02205694691,,,,,,,,,,,맨섬,영국,,,,,,,,,,러시아 국영 매체 교육 행사
67,Russian State Media Training Events,IL,,,,,,Israel,Israel,,Israel,,,,,,,,,,IL,,,,,,,,,,,,,,,,,188,,,111,,,,,,,,,,,,,18926736954.333008,1090208.5401757413,,,,,,,,,,,이스라엘,이스라엘,,,,,,,,,,러시아 국영 매체 교육 행사
67,Russian State Media Training Events,IT,F,"70 participants from 32 regions of RU  + Italy, France, India, Belarus, Estonia, Turkmenistan. Chief Director of the Internet Broadcasting Directorate of the Belarusian Television and Radio Company Alexander Khorovets and pro-Russian war correspondents Andrea Lucidi and Laurent Brayard participated in the training.",New Media Workshop founder Yulia Ablets commented on the program.,,"New Media Workshop held a training session for media executives, journalists, bloggers from India, Belarus, Estonia, Turkmenistan, and military correspondents from Italy and France who cover combat activity in Donbas, in July 2024.",Italy,Italy,ITA,Italy,,,07/2026,07/2024,,103,2,In-Person,F,IT,IT,ITA,ITA,,,,42.9386624 N ,42.9386624,42.9386624,Moscow,12.4572421 E ,12.4572421,12.4572421,,,1,189,115,,37,,,,,,,1,,Italy,,Russia - Country of Opportunities,New Media Workshop,298634714717.0383,6417310.52251512,https ://tass dot ru/obschestvo/21330221,,Italy,Italy,,,,"뉴미디어 워크숍은 2024년 7월 인도, 벨라루스, 에스토니아, 투르크메니스탄 출신 미디어 경영진·언론인·블로거와 돈바스 전투 상황을 취재하는 이탈리아 및 프랑스 종군기자를 대상으로 연수 세션을 진행했다.","러시아 32개 지역과 이탈리아, 프랑스, 인도, 벨라루스, 에스토니아, 투르크메니스탄에서 70명이 참가했다. 벨라루스 텔레비전·라디오 방송사의 인터넷 방송국장 알렉산드르 호로베츠(Alexander Khorovets)와 친러시아 종군기자 안드레아 루치디(Andrea Lucidi), 로랑 브레이야르(Laurent Brayard)가 연수에 참여했다.",뉴미디어 워크숍 설립자 율리야 아블레츠(Yulia Ablets)가 프로그램에 관해 논평했다.,이탈리아,이탈리아,,,이탈리아,이탈리아,이탈리아,모스크바,러시아-기회의 나라,뉴미디어 워크숍,대면,러시아 국영 매체 교육 행사
67,Russian State Media Training Events,IT,F,Reportedly over 250 participants,,,"RT reported that participants from Algeria, Belarus, Brazil, Chile, China, Egypt, France, Germany, India, Italy, Mexico, Moldova, Russia, Serbia, Tajikistan, Turkmenistan, and Uzbekistan joined the 11th cohort of RT School's TV and online journalism course in February 2025.",Italy,Italy,ITA,Italy,,,06/2026,02/2025,,6,2,Virtual,F,IT,IT,ITA,ITA,,,,42.9386624 N ,42.9386624,42.9386624,,12.4572421 E ,12.4572421,12.4572421,,,1,190,116,,37,,,,,,,1,,Italy,,RT,RT School,298634714717.0383,6417310.52251512,https ://t.me/RTschool/2149 ; https ://t.me/RTschool/2132 ; https://vk dot com/wall-202529715_4677 ; https://www.instagram.com/p/DIbhtoPMTQg/  ,,Italy,Italy,,,,"RT는 2025년 2월 알제리, 벨라루스, 브라질, 칠레, 중국, 이집트, 프랑스, 독일, 인도, 이탈리아, 멕시코, 몰도바, 러시아, 세르비아, 타지키스탄, 투르크메니스탄, 우즈베키스탄 출신 참가자들이 RT 스쿨의 TV·온라인 저널리즘 과정 제11기에 참여했다고 보도했다.",보도에 따르면 참가자는 250명을 넘었다.,,이탈리아,이탈리아,,,이탈리아,이탈리아,이탈리아,,RT,RT 스쿨,온라인,러시아 국영 매체 교육 행사
67,Russian State Media Training Events,JM,,,,,,Jamaica,Jamaica,,Jamaica,,,,,,,,,,JM,,,,,,,,,,,,,,,,,191,,,113,,,,,,,,,,,,,9362654715.146484,515753.9021394682,,,,,,,,,,,자메이카,자메이카,,,,,,,,,,러시아 국영 매체 교육 행사
67,Russian State Media Training Events,JP,,,,,,Japan,Japan,,Japan,,,,,,,,,,JP,,,,,,,,,,,,,,,,,192,,,114,,,,,,,,,,,,,354612025770.35156,11609323.783845108,,,,,,,,,,,일본,일본,,,,,,,,,,러시아 국영 매체 교육 행사
67,Russian State Media Training Events,GB,,,,,,Jersey,United Kingdom,,Jersey,,,,,,,,,,JE,,,,,,,,,,,,,,,,,193,,,115,,,,,,,,,,,,,131547595.41680908,50827.845108959475,,,,,,,,,,,저지,영국,,,,,,,,,,러시아 국영 매체 교육 행사
67,Russian State Media Training Events,JO,F,InteRussia is a fellowship program for television journalism training and receives support from the Russian Presidential Grants Foundation.,"Head of RT Arabic Manna Maya, Head of the Department of International Cooperation and Distribution at RT Karina Melikyan, and Academic Programs Coordinator at the Gorchakov Fund Lyana Dymova participated in the opening ceremony. ",,"InteRussia launched a fellowship program for journalists from Algeria, Egypt, Jordan, Libya, Morocco, and Sudan in May 2026.",Jordan,Jordan,JOR,Jordan,,,06/2026,05/2026,,2,1,In-Person,T,JO,JO,JOR,JOR,1,,,31.154952 N,31.154952,31.154952,Moscow,36.474411 E,36.474411,36.474411,,,,194,117,,38,,,,,,,,,Jordan,,Gorchakov Fund,InteRussia,81432045629.94824,1562883.6375093453,https ://t.me/interussia_programme/1630 ; https://interussia dot com/journalism_en/tpost/51th1dy0b1-interussia-opens-fellowship-for-journali,,Jordan,Jordan,,,,"인테르러시아(InteRussia)는 2026년 5월 알제리, 이집트, 요르단, 리비아, 모로코, 수단 출신 언론인을 대상으로 펠로십 프로그램을 시작했다.","인테르러시아는 TV 저널리즘 연수를 위한 펠로십 프로그램으로, 러시아 대통령 보조금 재단의 지원을 받는다.","RT 아랍어 채널 책임자 만나 마야(Manna Maya), RT 국제협력·배급부 책임자 카리나 멜리키안(Karina Melikyan), 고르차코프 기금 학술 프로그램 코디네이터 리아나 디모바(Lyana Dymova)가 개막식에 참석했다.",요르단,요르단,,,요르단,요르단,요르단,모스크바,고르차코프 기금,인테르러시아,대면,러시아 국영 매체 교육 행사
67,Russian State Media Training Events,FR,,,,,,Juan De Nova Island,France,,Juan De Nova Island,,,,,,,,,,TF,,,,,,,,,,,,,,,,,195,,,117,,,,,,,,,,,,,4846799.6923828125,8945.73428680349,,,,,,,,,,,주앙드노바섬,프랑스,,,,,,,,,,러시아 국영 매체 교육 행사
67,Russian State Media Training Events,KZ,F,15 people,Director of the Sputnik Multimedia Centers Directorate in the CIS and Baltic States Andrei Blagodyrenko and Head of the Public Diplomacy Department of Rossotrudnichestvo Ekaterina Torubarova led the training.,,"SputnikPro held a week-long training program for journalists from Belarusian broadcaster Gomel TV and Radio Company, Kazakhstani television channel 24KZ (formerly Khabar24), Armenian television channel Tsayg TV, and state broadcaster in Russian-occupied South Ossetia State Television and Radio Company ""Ir"" on international multimedia agency, photojournalism, disinformation problems, and news verification methods in October 2022. ",Kazakhstan,Kazakhstan,KAZ,Kazakhstan,,,07/2026,10/2022,,100,5,In-Person,F,KZ,KZ,KAZ,KAZ,,1,,48.263165 N,48.263165,48.263165,Moscow,67.194762 E,67.194762,67.194762,,,,196,118,,39,,,,,24KZ,,,,Kazakhstan,,Sputnik ,SputnikPro,2959375916880.1543,12994038.362775108,https ://xn--c1acbl2abdlkab1og dot xn--p1ai/20221004/311815.html,4,Kazakhstan,Kazakhstan,,,,"스푸트니크프로는 2022년 10월 벨라루스 고멜 TV·라디오 방송사, 카자흐스탄 TV 채널 24KZ(구 하바르24), 아르메니아 TV 채널 차이그 TV(Tsayg TV), 러시아가 점령한 남오세티야의 국영 방송사 '이르'(Ir) 소속 언론인을 대상으로 모스크바에서 일주일간 연수 프로그램을 진행했다. 연수 내용은 국제 멀티미디어 통신사, 포토저널리즘, 허위정보 문제, 뉴스 검증 방법 등이었다.",15명,독립국가연합(CIS)·발트해 국가 담당 스푸트니크 멀티미디어센터국장 안드레이 블라고디렌코(Andrei Blagodyrenko)와 로스소트루드니체스트보 공공외교부장 예카테리나 토루바로바(Ekaterina Torubarova)가 연수를 진행했다.,카자흐스탄,카자흐스탄,,,카자흐스탄,카자흐스탄,카자흐스탄,모스크바,스푸트니크,스푸트니크프로,대면,러시아 국영 매체 교육 행사
67,Russian State Media Training Events,KZ,F,,Rossiya Segodnya Deputy Director of the Video Production Directorate Kirill Kiryanov led the masterclass.,,SputnikPro held a masterclass on advertising content on social media at the Sputnik Kazakhstan multimedia press center in Astana in April 2023.,Kazakhstan,Kazakhstan,KAZ,Kazakhstan,,,06/2026,04/2023,,71,5,In-Person,F,KZ,KZ,KAZ,KAZ,,1,,48.263165 N,48.263165,48.263165,Astana,67.194762 E,67.194762,67.194762,,,,197,119,,39,,,,,,,,,Kazakhstan,,Sputnik ,SputnikPro,2959375916880.1543,12994038.362775108,https://ru dot sputnik.kz/20230411/pravilo-pyati-sekund-kak-sdelat-chtoby-vashe-video-smotreli-33801993.html ,4,Kazakhstan,Kazakhstan,,,,스푸트니크프로는 2023년 4월 아스타나市의 스푸트니크 카자흐스탄 멀티미디어 프레스센터에서 소셜미디어 광고 콘텐츠에 관한 마스터클래스를 진행했다.,,로시야 세고드냐 영상제작국 부국장 키릴 키리야노프(Kirill Kiryanov)가 마스터클래스를 진행했다.,카자흐스탄,카자흐스탄,,,카자흐스탄,카자흐스탄,카자흐스탄,아스타나,스푸트니크,스푸트니크프로,대면,러시아 국영 매체 교육 행사
67,Russian State Media Training Events,KZ,F,Reportedly over 30 journalists,Tashkent blogger Polina Kostina praised the program.,,"Rossotrudnichestvo hosted journalists and bloggers from Armenia, Kyrgyzstan, Kazakhstan, pro-Russian breakaway region of Moldova, Transnistria, and Uzbekistan for a media training program at the InterNovosti media school in Moscow in December 2023. ",Kazakhstan,Kazakhstan,KAZ,Kazakhstan,,,06/2026,12/2023,,10,5,In-Person,F,KZ,KZ,KAZ,KAZ,,1,,48.263165 N,48.263165,48.263165,Moscow,67.194762 E,67.194762,67.194762,,,,198,120,,39,,,,,,,,,Kazakhstan,,Rossotrudnichestvo,InterNovosti,2959375916880.1543,12994038.362775108,https ://rs dot gov.ru/en/news/new-rossotrudnichestvo-project-for-foreign-journalists/,4,Kazakhstan,Kazakhstan,,,,"로스소트루드니체스트보는 2023년 12월 모스크바 인터노보스티(InterNovosti) 미디어 학교에서 열린 연수 프로그램에 아르메니아, 키르기스스탄, 카자흐스탄, 몰도바의 친러시아 분리 지역인 트란스니스트리아, 우즈베키스탄 출신 언론인과 블로거를 초청했다.",보도에 따르면 언론인 30여 명이 참석했다.,타슈켄트市 블로거 폴리나 코스티나(Polina Kostina)는 해당 프로그램을 높이 평가했다.,카자흐스탄,카자흐스탄,,,카자흐스탄,카자흐스탄,카자흐스탄,모스크바,로스소트루드니체스트보,인터노보스티,대면,러시아 국영 매체 교육 행사
67,Russian State Media Training Events,KZ,F,,"Sputnik video production department employee Alexander Petrov, Sputnik journalist Armen Gasparyan, Rossiya Segodnya deputy Editor-in-Chief Natalia Loseva, and Sputnik Near Abroad journalist and presenter Victoria Fyodorova spoke during the program. Sputnik reported that this was the second time dostuk.media correspondent Yana Kraynyukova and KRSU Youth Culture and Creativity Center Director Galina Ketova participated in a SputnikPro program",,"SputnikPro on Zubovsky held a series of training sessions for journalists from Russian-occupied Abkhazia and Azerbaijan, Belarus, Kazakhstan, Kyrgyzstan, Moldova, Uzbekistan, and Russian-occupied South Ossetia in Moscow in May 2024.",Kazakhstan,Kazakhstan,KAZ,Kazakhstan,,,06/2026,05/2024,,12,5,In-Person,F,KZ,KZ,KAZ,KAZ,,1,,48.263165 N,48.263165,48.263165,Moscow,67.194762 E,67.194762,67.194762,,,,199,121,,39,,,,,,,,,Kazakhstan,,Sputnik ,SputnikPro,2959375916880.1543,12994038.362775108,https ://ru dot sputnik.kg/20240524/moskva-novyj-sezon-proekt-sputnikpro-na-zubovskom-zhurnalist-1085450660.html ; https://ruj dot ru/preview/v-moskve-startoval-novyi-sezon-proekta-sputnikpro-na-zubovskom-dlya-zhurnalistov-21448 ,4,Kazakhstan,Kazakhstan,,,,"스푸트니크프로 온 주보프스키는 2024년 5월 모스크바에서 러시아가 점령한 압하지야와 아제르바이잔, 벨라루스, 카자흐스탄, 키르기스스탄, 몰도바, 우즈베키스탄 및 러시아가 점령한 남오세티야 출신 언론인을 대상으로 일련의 연수 세션을 진행했다.",,"스푸트니크 영상제작부 직원 알렉산드르 페트로프, 스푸트니크 기자 아르멘 가스파랸, 로시야 세고드냐 부편집장 나탈리아 로세바(Natalia Loseva), 스푸트니크 근외지역 담당 기자 겸 진행자 빅토리아 표도로바(Victoria Fyodorova)가 프로그램에서 강연했다. 스푸트니크는 도스투크 미디어(dostuk.media) 특파원 야나 크라이뉴코바(Yana Kraynyukova)와 키르기스-러시아 슬라브대학교(KRSU) 청년문화·창의센터장 갈리나 케토바(Galina Ketova)가 스푸트니크프로 프로그램에 두 번째로 참여했다고 보도했다.",카자흐스탄,카자흐스탄,,,카자흐스탄,카자흐스탄,카자흐스탄,모스크바,스푸트니크,스푸트니크프로,대면,러시아 국영 매체 교육 행사
67,Russian State Media Training Events,KZ,F,,,,"SputnikPro on Zubovsky held a masterclass on the creation and promotion of Telegram channels for journalists from Russian-occupied Abkhazia and Armenia, Belarus, Kazakhstan, Kyrgyzstan, Uzbekistan, and Tajikistan in Moscow in September 2025.",Kazakhstan,Kazakhstan,KAZ,Kazakhstan,,,06/2026,09/2025,,8,5,In-Person,T,KZ,KZ,KAZ,KAZ,,1,,48.263165 N,48.263165,48.263165,Moscow,67.194762 E,67.194762,67.194762,,,,200,122,,39,,,,,,,,,Kazakhstan,,Sputnik ,SputnikPro,2959375916880.1543,12994038.362775108,https ://vk dot com/wall-228821367_7025 ; https://ria dot ru/20250922/sputnikpro-2043532205.html ; https://am dot sputniknews dot ru/20250920/armyanskie-zhurnalisty-proshli-tretiy-sezon-proekta-sputnikpro-na-zubovskom-93687768.html,4,Kazakhstan,Kazakhstan,,,,"스푸트니크프로 온 주보프스키는 2025년 9월 모스크바에서 러시아가 점령한 압하지야와 아르메니아, 벨라루스, 카자흐스탄, 키르기스스탄, 우즈베키스탄, 타지키스탄 출신 언론인을 대상으로 텔레그램 채널 개설 및 홍보에 관한 마스터클래스를 진행했다.",,,카자흐스탄,카자흐스탄,,,카자흐스탄,카자흐스탄,카자흐스탄,모스크바,스푸트니크,스푸트니크프로,대면,러시아 국영 매체 교육 행사
67,Russian State Media Training Events,KE,F,Reportedly 15 journalists ,"Rossiya Segodnya Director of International Cooperation Vasily Pushkov noted that this was the first in-person session of SputnikPro for African students since the COVID-19 pandemic and claimed that it marked the restoration of “full-fledged, direct dialogue between Russia and African nations.” ",,"SputnikPro held a week-long series of lectures and workshops in Moscow for African journalists, including correspondents and producers from Ethiopian state news agency Ethiopian News Agency (ENA), Kenyan state media organization Kenyan Broadcasting Corporation (KBC), Nigerian state news agency News Agency of Nigeria (NAN), South African multi-platform content company Independent Media, Namibian public broadcaster Namibian Broadcasting Corporation (NBC), Zambian state newspaper Zambia Daily Mail, Tunisian radio station Radio Sabra FM, Ugandan English-language daily newspaper New Vision, and Cameroonian state radio and television broadcasting company Cameroon Radio Television (CRTV), in October 2022.",Kenya,Kenya,KEN,Kenya,,,06/2026,10/2022,,15,5,In-Person,F,KE,KE,KEN,KEN,1,,,0.32483 N,0.32483,0.32483,Moscow,37.514099 E,37.514099,37.514099,,,,201,123,,40,,,,,Kenya Broadcasting Corporation (KBC),1,,,Kenya,,Sputnik ,SputnikPro,476802631875.5241,3385129.874701277,https ://sputnikglobe dot com/20221019/journalists-from-leading-african-media-outlets-join-sputnikpro-project-in-moscow-1102077086.html ; https://rossiyasegodnya dot com/20221018/314836.html ; https ://newsnowonline dot com dot ng/2022/10/20/african-journalists-in-moscow-for-training/,3,Kenya,Kenya,,,,"스푸트니크프로는 2022년 10월 모스크바에서 아프리카 언론인을 대상으로 일주일간 강연과 워크숍을 진행했다. 참가자는 에티오피아 국영 통신사 에티오피아 통신사(ENA), 케냐 국영 매체 케냐 방송공사(KBC), 나이지리아 국영 통신사 나이지리아 통신사(NAN), 남아프리카공화국 멀티플랫폼 콘텐츠 기업 인디펜던트 미디어(Independent Media), 나미비아 공영 방송사 나미비아 방송공사(NBC), 잠비아 국영 신문 잠비아 데일리 메일(Zambia Daily Mail), 튀니지 라디오 방송국 라디오 사브라 FM(Radio Sabra FM), 우간다 영자 일간지 뉴비전(New Vision), 카메룬 국영 라디오·텔레비전 방송사 카메룬 라디오 텔레비전(CRTV)의 특파원과 프로듀서 등이었다.",보도에 따르면 언론인 15명이 참석했다.,로시야 세고드냐 국제협력국장 바실리 푸시코프는 이번 행사가 코로나19 팬데믹 이후 아프리카 학생들을 대상으로 열린 스푸트니크프로의 첫 대면 세션이라고 언급했다. 그는 이번 행사가 ‘러시아와 아프리카 국가 간 온전하고 직접적인 대화’의 복원을 의미한다고 주장했다.,케냐,케냐,,,케냐,케냐,케냐,모스크바,스푸트니크,스푸트니크프로,대면,러시아 국영 매체 교육 행사
67,Russian State Media Training Events,KE,F,Content editor at Radio Africa Group Francis Mureithi praised the lecture.,Editor of the Center for Innovative Journalism at Sputnik Artur Arashanyan led the lecture,,SputnikPro held a lecture on identifying fake news and podcast creation for Kenyan media conglomerate Radio Africa Group in March 2023.,Kenya,Kenya,KEN,Kenya,,,07/2026,03/2023,,97,5,Virtual,F,KE,KE,KEN,KEN,1,,,0.32483 N,0.32483,0.32483,,37.514099 E,37.514099,37.514099,,,,202,124,,40,,,,,Radio Africa Group,1,,,Kenya,,Sputnik ,SputnikPro,476802631875.5241,3385129.874701277,https ://xn--c1acbl2abdlkab1og dot xn--p1ai/20230313/439556.html,3,Kenya,Kenya,,,,스푸트니크프로는 2023년 3월 케냐 미디어 그룹 라디오 아프리카 그룹(Radio Africa Group)을 대상으로 가짜 뉴스 식별 및 팟캐스트 제작에 관한 강연을 진행했다.,라디오 아프리카 그룹 콘텐츠 편집자 프랜시스 무레이티(Francis Mureithi)는 강연을 높이 평가했다.,스푸트니크 혁신저널리즘센터 편집자 아르투르 아라샤냔(Artur Arashanyan)이 강연을 진행했다.,케냐,케냐,,,케냐,케냐,케냐,,스푸트니크,스푸트니크프로,온라인,러시아 국영 매체 교육 행사
67,Russian State Media Training Events,KE,T,Prime Africa Channel Managing Director Bill Otieno thanked Sputnik for the training.,Sputnik Director of Special Projects Mikhail Konrad led the masterclass.,,"SputnikPro held a masterclass on using AI in content creation, editing, and optimizing newsroom workflows for Kenyan television channel Prime Africa Channel in June 2025.",Kenya,Kenya,KEN,Kenya,,,06/2026,06/2025,,27,5,Virtual,F,KE,KE,KEN,KEN,1,,,0.32483 N,0.32483,0.32483,,37.514099 E,37.514099,37.514099,,,,203,125,,40,,,,,Prime Africa Channel,1,,,Kenya,,Sputnik ,SputnikPro,476802631875.5241,3385129.874701277,https ://xn--c1acbl2abdlkab1og dot xn--p1ai/20250610/687251.html; https://en.sputniknews dot africa/20250610/kenyan-journalists-embrace-ai-tools-through-sputnikpro-project-1074079308.html,3,Kenya,Kenya,,,,스푸트니크프로는 2025년 6월 케냐 TV 채널 프라임 아프리카 채널(Prime Africa Channel)을 대상으로 콘텐츠 제작·편집 및 뉴스룸 업무 흐름 최적화에 AI를 활용하는 방법에 관한 마스터클래스를 진행했다.,프라임 아프리카 채널 상무이사 빌 오티에노(Bill Otieno)는 연수에 대해 스푸트니크에 감사를 표했다.,스푸트니크 특별 프로젝트 책임자 미하일 콘라드(Mikhail Konrad)가 마스터클래스를 진행했다.,케냐,케냐,,,케냐,케냐,케냐,,스푸트니크,스푸트니크프로,온라인,러시아 국영 매체 교육 행사
67,Russian State Media Training Events,KE,F,,,,"RT Academy announced the second cohort of students for the African course in November 2025, which contained students from more than 20 African countries, including Burkina Faso, Cameroon, Congo, Democratic Republic of Congo, Ethiopia, Ghana, Kenya, Mali, Niger, Senegal, Sudan, and Uganda.",Kenya,Kenya,KEN,Kenya,,,06/2026,11/2025,,77,5,Virtual,T,KE,KE,KEN,KEN,1,,,0.32483 N,0.32483,0.32483,,37.514099 E,37.514099,37.514099,,,,204,126,,40,,,,,,1,,,Kenya,,RT,RT Academy,476802631875.5241,3385129.874701277,https ://t.me/RTschool/3298 ; https ://t.me/RTschool/3352  ,3,Kenya,Kenya,,,,"RT 아카데미는 2025년 11월 아프리카 과정 2기 수강생을 발표했다. 수강생은 부르키나파소, 카메룬, 콩고, 콩고민주공화국, 에티오피아, 가나, 케냐, 말리, 니제르, 세네갈, 수단, 우간다 등 아프리카 20여 개국 출신이었다.",,,케냐,케냐,,,케냐,케냐,케냐,,RT,RT 아카데미,온라인,러시아 국영 매체 교육 행사
67,Russian State Media Training Events,KE,F,,"Director of the International Cooperation Directorate and RT Media Group Vasily Pushkov, Deputy Executive Director of the Gorchakov Fund Sergey Orlov, Rossotrudnichestvo representative Elena Litvichenko",,"InteRussia held a fellowship program for journalists from Burundi, Zambia, Cameroon, Kenya, Mozambique, Rwanda, Senegal, Somalia, and Uganda in July 2026.",Kenya,Kenya,KEN,Kenya,,,07/2026,07/2026,,105,5,In-Person,T,KE,KE,KEN,KEN,1,,,0.32483 N,0.32483,0.32483,Moscow,37.514099 E,37.514099,37.514099,,,,205,127,,40,,,,,,1,,,Kenya,,Gorchakov Fund,InteRussia,476802631875.5241,3385129.874701277,https ://t.me/interussia_programme/1817,3,Kenya,Kenya,,,,"인테르러시아는 2026년 7월 부룬디, 잠비아, 카메룬, 케냐, 모잠비크, 르완다, 세네갈, 소말리아, 우간다 출신 언론인을 대상으로 펠로십 프로그램을 진행했다.",,"국제협력국장 겸 RT 미디어 그룹 소속 바실리 푸시코프, 고르차코프 기금 부집행이사 세르게이 오를로프, 로스소트루드니체스트보 대표 엘레나 리트비첸코(Elena Litvichenko)가 참석했다.",케냐,케냐,,,케냐,케냐,케냐,모스크바,고르차코프 기금,인테르러시아,대면,러시아 국영 매체 교육 행사
67,Russian State Media Training Events,KI,,,,,,Kiribati,Kiribati,,Kiribati,,,,,,,,,,KI,,,,,,,,,,,,,,,,,206,,,120,,,,,,,,,,,,,346267380.39038086,165412.3637324837,,,,,,,,,,,키리바시,키리바시,,,,,,,,,,러시아 국영 매체 교육 행사
67,Russian State Media Training Events,KW,,,,,,Kuwait,Kuwait,,Kuwait,,,,,,,,,,KW,,,,,,,,,,,,,,,,,207,,,121,,,,,,,,,,,,,15081470610.72461,745205.7946526959,,,,,,,,,,,쿠웨이트,쿠웨이트,,,,,,,,,,러시아 국영 매체 교육 행사
67,Russian State Media Training Events,KG,F,Reportedly over 30 journalists,Tashkent blogger Polina Kostina praised the program.,,"Rossotrudnichestvo hosted journalists and bloggers from Armenia, Kyrgyzstan, Kazakhstan, pro-Russian breakaway region of Moldova, Transnistria, and Uzbekistan for a media training program at the InterNovosti media school in Moscow in December 2023. ",Kyrgyzstan,Kyrgyzstan,KGZ,Kyrgyzstan,,,06/2026,12/2023,,10,4,In-Person,F,KG,KG,KGZ,KGZ,,1,,41.29568 N,41.29568,41.29568,Moscow,74.34125 E,74.34125,74.34125,,,,208,128,,41,,,,,,,,,Kyrgyzstan,,Rossotrudnichestvo,InterNovosti,196489061424.1621,3365189.2595092105,https ://rs dot gov.ru/en/news/new-rossotrudnichestvo-project-for-foreign-journalists/,3,Kyrgyzstan,Kyrgyzstan,,,,"로스소트루드니체스트보는 2023년 12월 모스크바 인터노보스티(InterNovosti) 미디어 학교에서 열린 연수 프로그램에 아르메니아, 키르기스스탄, 카자흐스탄, 몰도바의 친러시아 분리 지역인 트란스니스트리아, 우즈베키스탄 출신 언론인과 블로거를 초청했다.",보도에 따르면 언론인 30여 명이 참석했다.,타슈켄트市 블로거 폴리나 코스티나(Polina Kostina)는 해당 프로그램을 높이 평가했다.,키르기스스탄,키르기스스탄,,,키르기스스탄,키르기스스탄,키르기스스탄,모스크바,로스소트루드니체스트보,인터노보스티,대면,러시아 국영 매체 교육 행사
67,Russian State Media Training Events,KG,F,,"Sputnik video production department employee Alexander Petrov, Sputnik journalist Armen Gasparyan, Rossiya Segodnya deputy Editor-in-Chief Natalia Loseva, and Sputnik Near Abroad journalist and presenter Victoria Fyodorova spoke during the program. Sputnik reported that this was the second time dostuk.media correspondent Yana Kraynyukova and KRSU Youth Culture and Creativity Center Director Galina Ketova participated in a SputnikPro program",,"SputnikPro on Zubovsky held a series of training sessions for journalists from Russian-occupied Abkhazia and Azerbaijan, Belarus, Kazakhstan, Kyrgyzstan, Moldova, Uzbekistan, and Russian-occupied South Ossetia in Moscow in May 2024.",Kyrgyzstan,Kyrgyzstan,KGZ,Kyrgyzstan,,,06/2026,05/2024,,12,4,In-Person,F,KG,KG,KGZ,KGZ,,1,,41.29568 N,41.29568,41.29568,Moscow,74.34125 E,74.34125,74.34125,,,,209,129,,41,,,,,,,,,Kyrgyzstan,,Sputnik ,SputnikPro,196489061424.1621,3365189.2595092105,https ://ru dot sputnik.kg/20240524/moskva-novyj-sezon-proekt-sputnikpro-na-zubovskom-zhurnalist-1085450660.html ; https://ruj dot ru/preview/v-moskve-startoval-novyi-sezon-proekta-sputnikpro-na-zubovskom-dlya-zhurnalistov-21448 ,3,Kyrgyzstan,Kyrgyzstan,,,,"스푸트니크프로 온 주보프스키는 2024년 5월 모스크바에서 러시아가 점령한 압하지야와 아제르바이잔, 벨라루스, 카자흐스탄, 키르기스스탄, 몰도바, 우즈베키스탄 및 러시아가 점령한 남오세티야 출신 언론인을 대상으로 일련의 연수 세션을 진행했다.",,"스푸트니크 영상제작부 직원 알렉산드르 페트로프, 스푸트니크 기자 아르멘 가스파랸, 로시야 세고드냐 부편집장 나탈리아 로세바(Natalia Loseva), 스푸트니크 근외지역 담당 기자 겸 진행자 빅토리아 표도로바(Victoria Fyodorova)가 프로그램에서 강연했다. 스푸트니크는 도스투크 미디어(dostuk.media) 특파원 야나 크라이뉴코바(Yana Kraynyukova)와 키르기스-러시아 슬라브대학교(KRSU) 청년문화·창의센터장 갈리나 케토바(Galina Ketova)가 스푸트니크프로 프로그램에 두 번째로 참여했다고 보도했다.",키르기스스탄,키르기스스탄,,,키르기스스탄,키르기스스탄,키르기스스탄,모스크바,스푸트니크,스푸트니크프로,대면,러시아 국영 매체 교육 행사
67,Russian State Media Training Events,KG,F,"Sputnik claimed that this was the second time participating in a SputnikPro program for most participants. Sputnik claimed in this article that 48 journalists completed SputnikPro on Zubovsky in 2023 and 36 participated through May, June, and July of 2024.","Sputnik Near Abroad Editor-in-Chief Alexander Samokhvalov, video editing specialist Dmitry Budantsev, AI specialist Alexander Petrov, Sputnik presenter Viktoria Federova, and Sputnik journalist Armen Gasparyan conducted training for the program.",,"SputnikPro on Zubovsky held a series of training sessions for journalists from Russian-occupied Abkhazia and Armenia, Azerbaijan, Belarus, Georgia, Kyrgyzstan, and Uzbekistan in July 2024.",Kyrgyzstan,Kyrgyzstan,KGZ,Kyrgyzstan,,,06/2026,07/2024,,9,4,In-Person,F,KG,KG,KGZ,KGZ,,1,,41.29568 N,41.29568,41.29568,Moscow,74.34125 E,74.34125,74.34125,,,,210,130,,41,,,,,,,,,Kyrgyzstan,,Sputnik ,SputnikPro,196489061424.1621,3365189.2595092105,https ://ru dot sputnik.kg/20240719/sputnikpro-mediatrendy-1087175081.html ; https://www.krsu dot kg/en/universitet/universitet-v-smi/sputnikpro-mezhdunarodnye-zhurnalisty-obuchayutsya-novejshim-mediatrendam-v-moskve/,3,Kyrgyzstan,Kyrgyzstan,,,,"스푸트니크프로 온 주보프스키(SputnikPro on Zubovsky)는 2024년 7월 러시아가 점령한 압하지야와 아르메니아, 아제르바이잔, 벨라루스, 조지아, 키르기스스탄, 우즈베키스탄 출신 언론인을 대상으로 일련의 연수 세션을 진행했다.","스푸트니크는 대부분의 참가자가 스푸트니크프로 프로그램에 참여한 것이 두 번째라고 주장했다. 또한 해당 기사에서 2023년에는 언론인 48명이 스푸트니크프로 온 주보프스키 과정을 수료했고, 2024년 5~7월에는 36명이 참가했다고 주장했다.","스푸트니크 근외지역 담당 편집장 알렉산드르 사모흐발로프(Alexander Samokhvalov), 영상 편집 전문가 드미트리 부단체프(Dmitry Budantsev), AI 전문가 알렉산드르 페트로프(Alexander Petrov), 스푸트니크 진행자 빅토리아 페도도바(Viktoria Federova), 스푸트니크 기자 아르멘 가스파랸(Armen Gasparyan)이 연수를 진행했다.",키르기스스탄,키르기스스탄,,,키르기스스탄,키르기스스탄,키르기스스탄,모스크바,스푸트니크,스푸트니크프로,대면,러시아 국영 매체 교육 행사
67,Russian State Media Training Events,KG,F,,,,"SputnikPro on Zubovsky held a masterclass on the creation and promotion of Telegram channels for journalists from Russian-occupied Abkhazia and Armenia, Belarus, Kazakhstan, Kyrgyzstan, Uzbekistan, and Tajikistan in Moscow in September 2025.",Kyrgyzstan,Kyrgyzstan,KGZ,Kyrgyzstan,,,06/2026,09/2025,,8,4,In-Person,T,KG,KG,KGZ,KGZ,,1,,41.29568 N,41.29568,41.29568,Moscow,74.34125 E,74.34125,74.34125,,,,211,131,,41,,,,,,,,,Kyrgyzstan,,Sputnik ,SputnikPro,196489061424.1621,3365189.2595092105,https ://vk dot com/wall-228821367_7025 ; https://ria dot ru/20250922/sputnikpro-2043532205.html ; https://am dot sputniknews dot ru/20250920/armyanskie-zhurnalisty-proshli-tretiy-sezon-proekta-sputnikpro-na-zubovskom-93687768.html,3,Kyrgyzstan,Kyrgyzstan,,,,"스푸트니크프로 온 주보프스키는 2025년 9월 모스크바에서 러시아가 점령한 압하지야와 아르메니아, 벨라루스, 카자흐스탄, 키르기스스탄, 우즈베키스탄, 타지키스탄 출신 언론인을 대상으로 텔레그램 채널 개설 및 홍보에 관한 마스터클래스를 진행했다.",,,키르기스스탄,키르기스스탄,,,키르기스스탄,키르기스스탄,키르기스스탄,모스크바,스푸트니크,스푸트니크프로,대면,러시아 국영 매체 교육 행사
67,Russian State Media Training Events,LA,,,,,,Laos,Lao People's Democratic Republic,,Laos,,,,,,,,,,LA,,,,,,,,,,,,,,,,,212,,,123,,,,,,,,,,,,,195366130922.41504,3802363.228258475,,,,,,,,,,,라오스,라오스,,,,,,,,,,러시아 국영 매체 교육 행사
67,Russian State Media Training Events,LV,,,,,,Latvia,Latvia,,Latvia,,,,,,,,,,LV,,,,,,,,,,,,,,,,,213,,,124,,,,,,,,,,,,,73645826890.5957,1645114.3532430907,,,,,,,,,,,라트비아,라트비아,,,,,,,,,,러시아 국영 매체 교육 행사
67,Russian State Media Training Events,LB,F,12 reportedly attended. Lebanese journalist Karim Charara and Saudi journalist Anwar Al-Qahtani praised the program.,"Rossiya Segodnya Director of International Cooperation Vasily Pushkov, Deputy Director of Rossotrudnichestvo Dmitry Polikanov, and Coordinator of Scientific Projects at the Gorchakov Foundation Liana Dymova opened the program.",,"SputnikPro held a series of workshops and events for journalists from Saudi state news agency Saudi Press Agency (SPA), United Arab Emirates national media outlet Emirates News Agency (WAM), Libyan state news agency Libyan News Agency (LANA), Tunisian news agency Tunis Afrique Presse (TAP), Palestinian news agency Ma’an News Agency (MNA), Lebanese news television channel Al Mayadeen, Moroccan newspaper Bayane Al Yaoume, Egyptian state newspaper Al-Akhbar, Algerian newspaper Le Jeune Indépendant, English-language Egyptian newspaper Daily News Egypt, Tunisian news magazine Réalités, and Syrian state television channel Al-Souriya TV in Moscow in September 2023.",Lebanon,Lebanon,LBN,Lebanon,,,06/2026,09/2023,,75,1,In-Person,F,LB,LB,LBN,LBN,,,,33.552434 N,33.552434,33.552434,Moscow,35.533569 E,35.533569,35.533569,,,,214,135,,44,,,,,Al Mayadeen,,,,Lebanon,,Sputnik ,SputnikPro,9506078052.989258,537583.2761294683,https://fr dot sputniknews.africa/20230926/des-journalistes-du-moyen-orient-et-dafrique-du-nord-participent-a-un-stage-sputnikpro-1062369112.html ; https://ria dot ru/20230926/stazhirovka-1898637188.html ,1,Lebanon,Lebanon,,,,"스푸트니크프로는 2023년 9월 모스크바에서 사우디 국영 통신사 SPA, 아랍에미리트 국영 매체 에미리트 통신사(WAM), 리비아 국영 통신사(LANA), 튀니지 통신사(TAP), 팔레스타인 통신사(MNA), 레바논 뉴스 TV 채널 알마야딘(Al Mayadeen), 모로코 신문 바야네 알 야움(Bayane Al Yaoume), 이집트 국영 신문 알아크바르(Al-Akhbar), 알제리 신문 르 주느 앵디페당(Le Jeune Indépendant), 이집트 영자신문 데일리 뉴스 이집트(Daily News Egypt), 튀니지 뉴스 잡지 레알리테(Réalités), 시리아 국영 TV 채널 알수리야 TV(Al-Souriya TV) 소속 언론인을 대상으로 일련의 워크숍과 행사를 진행했다.",보도에 따르면 12명이 참석했다. 레바논 언론인 카림 샤라라(Karim Charara)와 사우디 언론인 안와르 알카타니(Anwar Al-Qahtani)는 해당 프로그램을 높이 평가했다.,"로시야 세고드냐 국제협력국장 바실리 푸시코프, 로스소트루드니체스트보 부청장 드미트리 폴리카노프(Dmitry Polikanov), 고르차코프 재단 과학 프로젝트 코디네이터 리아나 디모바(Liana Dymova)가 프로그램 개회식을 진행했다.",레바논,레바논,,,레바논,레바논,레바논,모스크바,스푸트니크,스푸트니크프로,대면,러시아 국영 매체 교육 행사
67,Russian State Media Training Events,LS,,,,,,Lesotho,Lesotho,,Lesotho,,,,,,,,,,LS,,,,,,,,,,,,,,,,,215,,,126,,,,,,,,,,,,,27537378982.68457,698416.211943004,,,,,,,,,,,레소토,레소토,,,,,,,,,,러시아 국영 매체 교육 행사
67,Russian State Media Training Events,LR,,,,,,Liberia,Liberia,,Liberia,,,,,,,,,,LR,,,,,,,,,,,,,,,,,216,,,127,,,,,,,,,,,,,78961216966.2001,1524943.3132252675,,,,,,,,,,,라이베리아,라이베리아,,,,,,,,,,러시아 국영 매체 교육 행사
67,Russian State Media Training Events,LY,F,12 reportedly attended. Lebanese journalist Karim Charara and Saudi journalist Anwar Al-Qahtani praised the program.,"Rossiya Segodnya Director of International Cooperation Vasily Pushkov, Deputy Director of Rossotrudnichestvo Dmitry Polikanov, and Coordinator of Scientific Projects at the Gorchakov Foundation Liana Dymova opened the program.",,"SputnikPro held a series of workshops and events for journalists from Saudi state news agency Saudi Press Agency (SPA), United Arab Emirates national media outlet Emirates News Agency (WAM), Libyan state news agency Libyan News Agency (LANA), Tunisian news agency Tunis Afrique Presse (TAP), Palestinian news agency Ma’an News Agency (MNA), Lebanese news television channel Al Mayadeen, Moroccan newspaper Bayane Al Yaoume, Egyptian state newspaper Al-Akhbar, Algerian newspaper Le Jeune Indépendant, English-language Egyptian newspaper Daily News Egypt, Tunisian news magazine Réalités, and Syrian state television channel Al-Souriya TV in Moscow in September 2023.",Libya,Libya,LBY,Libya,,,06/2026,09/2023,,75,4,In-Person,F,LY,LY,LBY,LBY,1,,,27.095615 N,27.095615,27.095615,Moscow,17.595065 E,17.595065,17.595065,,,,217,136,,45,,,,,Libyan News Agency (LANA),,,,Libya,,Sputnik ,SputnikPro,1437084075329.5596,5690977.48534102,https://fr dot sputniknews.africa/20230926/des-journalistes-du-moyen-orient-et-dafrique-du-nord-participent-a-un-stage-sputnikpro-1062369112.html ; https://ria dot ru/20230926/stazhirovka-1898637188.html ,3,Libya,Libya,,,,"스푸트니크프로는 2023년 9월 모스크바에서 사우디 국영 통신사 SPA, 아랍에미리트 국영 매체 에미리트 통신사(WAM), 리비아 국영 통신사(LANA), 튀니지 통신사(TAP), 팔레스타인 통신사(MNA), 레바논 뉴스 TV 채널 알마야딘(Al Mayadeen), 모로코 신문 바야네 알 야움(Bayane Al Yaoume), 이집트 국영 신문 알아크바르(Al-Akhbar), 알제리 신문 르 주느 앵디페당(Le Jeune Indépendant), 이집트 영자신문 데일리 뉴스 이집트(Daily News Egypt), 튀니지 뉴스 잡지 레알리테(Réalités), 시리아 국영 TV 채널 알수리야 TV(Al-Souriya TV) 소속 언론인을 대상으로 일련의 워크숍과 행사를 진행했다.",보도에 따르면 12명이 참석했다. 레바논 언론인 카림 샤라라(Karim Charara)와 사우디 언론인 안와르 알카타니(Anwar Al-Qahtani)는 해당 프로그램을 높이 평가했다.,"로시야 세고드냐 국제협력국장 바실리 푸시코프, 로스소트루드니체스트보 부청장 드미트리 폴리카노프(Dmitry Polikanov), 고르차코프 재단 과학 프로젝트 코디네이터 리아나 디모바(Liana Dymova)가 프로그램 개회식을 진행했다.",리비아,리비아,,,리비아,리비아,리비아,모스크바,스푸트니크,스푸트니크프로,대면,러시아 국영 매체 교육 행사
67,Russian State Media Training Events,LY,T,Director of the Foreign Media Department at the Libyan Ministry of Foreign Affairs Bader Shniba praised the masterclass.,Sputnik Arabic Editors-in-Chief Yahan Ajouz and Suleiman Wasim conducted the lecture.,,SputnikPro and the Lybian Foreign Ministry's Department of Foreign Media held a seminar on using AI tools for editorial work and audience outreach on social media for Libyan media journalists and media experts in August 2025.,Libya,Libya,LBY,Libya,,,07/2026,08/2025,,86,4,Virtual,T,LY,LY,LBY,LBY,1,,,27.095615 N,27.095615,27.095615,,17.595065 E,17.595065,17.595065,,,,218,137,,45,,,,,,,,,Libya,,Sputnik ,SputnikPro,1437084075329.5596,5690977.48534102,https ://xn--c1acbl2abdlkab1og dot xn--p1ai/20250827/724755.html,3,Libya,Libya,,,,스푸트니크프로와 리비아 외무부 대외언론국은 2025년 8월 리비아 언론인 및 미디어 전문가를 대상으로 편집 업무와 소셜미디어를 통한 이용자 소통에 AI 도구를 활용하는 방법에 관한 세미나를 개최했다.,리비아 외무부 대외언론국장 바데르 슈니바(Bader Shniba)는 마스터클래스를 높이 평가했다.,스푸트니크 아랍어 편집장 야한 아우즈(Yahan Ajouz)와 술레이만 와심(Suleiman Wasim)이 강연을 진행했다.,리비아,리비아,,,리비아,리비아,리비아,,스푸트니크,스푸트니크프로,온라인,러시아 국영 매체 교육 행사
67,Russian State Media Training Events,LY,T,Host of the University of Tripoli Radio Mohamed Abusitta delivered a welcoming address for the masterclass.,Sputnik Arabic Editors-in-Chief Yahan Ajouz and Suleiman Wasim led the masterclass.,,"SputnikPro held a masterclass on using AI in content production, data analysis, and content management for University of Tripoli in Libya in February 2026.",Libya,Libya,LBY,Libya,,,06/2026,02/2026,,28,4,Virtual,T,LY,LY,LBY,LBY,1,,,27.095615 N,27.095615,27.095615,,17.595065 E,17.595065,17.595065,,,,219,138,,45,,,,,University of Tripoli (UOT),,,,Libya,,Sputnik ,SputnikPro,1437084075329.5596,5690977.48534102,https ://xn--c1acbl2abdlkab1og dot xn--p1ai/20260204/765044.html,3,Libya,Libya,,,,"스푸트니크프로는 2026년 2월 리비아 트리폴리대학교에서 콘텐츠 제작, 데이터 분석, 콘텐츠 관리에 AI를 활용하는 방법에 관한 마스터클래스를 진행했다.",트리폴리대학교 라디오 진행자 모하메드 아부시타(Mohamed Abusitta)가 마스터클래스 환영사를 했다.,스푸트니크 아랍어 편집장 야한 아우즈와 술레이만 와심이 마스터클래스를 진행했다.,리비아,리비아,,,리비아,리비아,리비아,,스푸트니크,스푸트니크프로,온라인,러시아 국영 매체 교육 행사
67,Russian State Media Training Events,LY,F,InteRussia is a fellowship program for television journalism training and receives support from the Russian Presidential Grants Foundation.,"Head of RT Arabic Manna Maya, Head of the Department of International Cooperation and Distribution at RT Karina Melikyan, and Academic Programs Coordinator at the Gorchakov Fund Lyana Dymova participated in the opening ceremony. ",,"InteRussia launched a fellowship program for journalists from Algeria, Egypt, Jordan, Libya, Morocco, and Sudan in May 2026.",Libya,Libya,LBY,Libya,,,06/2026,05/2026,,2,4,In-Person,T,LY,LY,LBY,LBY,1,,,27.095615 N,27.095615,27.095615,Moscow,17.595065 E,17.595065,17.595065,,,,220,139,,45,,,,,,,,,Libya,,Gorchakov Fund,InteRussia,1437084075329.5596,5690977.48534102,https ://t.me/interussia_programme/1630 ; https://interussia dot com/journalism_en/tpost/51th1dy0b1-interussia-opens-fellowship-for-journali,3,Libya,Libya,,,,"인테르러시아(InteRussia)는 2026년 5월 알제리, 이집트, 요르단, 리비아, 모로코, 수단 출신 언론인을 대상으로 펠로십 프로그램을 시작했다.","인테르러시아는 TV 저널리즘 연수를 위한 펠로십 프로그램으로, 러시아 대통령 보조금 재단의 지원을 받는다.","RT 아랍어 채널 책임자 만나 마야(Manna Maya), RT 국제협력·배급부 책임자 카리나 멜리키안(Karina Melikyan), 고르차코프 기금 학술 프로그램 코디네이터 리아나 디모바(Lyana Dymova)가 개막식에 참석했다.",리비아,리비아,,,리비아,리비아,리비아,모스크바,고르차코프 기금,인테르러시아,대면,러시아 국영 매체 교육 행사
67,Russian State Media Training Events,LI,,,,,,Liechtenstein,Liechtenstein,,Liechtenstein,,,,,,,,,,LI,,,,,,,,,,,,,,,,,221,,,129,,,,,,,,,,,,,182194678.8803711,60866.664186991016,,,,,,,,,,,리히텐슈타인,리히텐슈타인,,,,,,,,,,러시아 국영 매체 교육 행사
67,Russian State Media Training Events,LT,,,,,,Lithuania,Lithuania,,Lithuania,,,,,,,,,,LT,,,,,,,,,,,,,,,,,222,,,130,,,,,,,,,,,,,72820263401.10547,1471477.5252239173,,,,,,,,,,,리투아니아,리투아니아,,,,,,,,,,러시아 국영 매체 교육 행사
67,Russian State Media Training Events,LU,,,,,,Luxembourg,Luxembourg,,Luxembourg,,,,,,,,,,LU,,,,,,,,,,,,,,,,,223,,,131,,,,,,,,,,,,,2736901236.479248,243458.16534584723,,,,,,,,,,,룩셈부르크,룩셈부르크,,,,,,,,,,러시아 국영 매체 교육 행사
67,Russian State Media Training Events,MG,F,,"RT French head Natalia Lebedeva, RT deputy Editor-in-Chief Alexei Nikolov, and RT Head of Educational Projects Anna Kovtunova attended the workshop. RT French Editor-in-Chief Arseny Samsonov, RT French correspondent Daria Vaganova, RT French presenters Oleg Shommer and Amin Tutakh, RT French producer Anton Shamkov, and RT International correspondents Igor Zhdanov and Rory Suchet spoke to students during the workshop.",,"RT Academy, RT Africa, and RT en français held a two-day journalism training workshop for journalists from Senegal, Madagascar, Cameroon, Namibia, Algeria, Côte d'Ivoire, Tunisia, Benin and The Gambia in March 2026.",Madagascar,Madagascar,MDG,Madagascar,,,06/2026,03/2026,,3,1,In-Person,T,MG,MG,MDG,MDG,,,,19.2817 S,-19.2817,-19.2817,Moscow,46.404986 E,46.404986,46.404986,,,,224,145,,48,,,,,,1,,,Madagascar,,RT,RT Academy,506147401591.7788,4678360.526685368,https ://t.me/RTschool/3908 ; https://school dot rt.com/news/233-laureaty-aub-media-awards-2025-premiya-afrikanskogo-veshatelnogo-soyuza-iz-afriki-posetili-rt-academy-v-moskve ,,Madagascar,Madagascar,,,,"RT 아카데미, RT 아프리카, RT 프랑스어 채널은 2026년 3월 세네갈, 마다가스카르, 카메룬, 나미비아, 알제리, 코트디부아르, 튀니지, 베냉, 감비아 출신 언론인을 대상으로 이틀간 언론 연수 워크숍을 개최했다.",,"워크숍에는 RT 프랑스어 채널 책임자 나탈리아 레베데바(Natalia Lebedeva), RT 부편집장 알렉세이 니콜로프(Alexei Nikolov), RT 교육 프로젝트 책임자 안나 코브투노바(Anna Kovtunova)가 참석했다. RT 프랑스어 채널 편집장 아르세니 삼소노프(Arseny Samsonov), RT 프랑스어 채널 특파원 다리아 바가노바(Daria Vaganova), RT 프랑스어 채널 진행자 올레그 쇼머(Oleg Shommer)와 아민 투타크(Amin Tutakh), RT 프랑스어 채널 프로듀서 안톤 샴코프(Anton Shamkov), RT 인터내셔널 특파원 이고리 즈다노프(Igor Zhdanov)와 로리 수셰(Rory Suchet)가 워크숍에서 수강생들을 대상으로 강연했다.",마다가스카르,마다가스카르,,,마다가스카르,마다가스카르,마다가스카르,모스크바,RT,RT 아카데미,대면,러시아 국영 매체 교육 행사
67,Russian State Media Training Events,PT,,,,,,Madeira,Portugal,,Madeira,,,,,,,,,,PT,,,,,,,,,,,,,,,,,225,,,133,,,,,,,,,,,,,713636601.4790039,117111.30793973999,,,,,,,,,,,마데이라 제도,포르투갈,,,,,,,,,,러시아 국영 매체 교육 행사
67,Russian State Media Training Events,MW,,,,,,Malawi,Malawi,,Malawi,,,,,,,,,,MW,,,,,,,,,,,,,,,,,226,,,134,,,,,,,,,,,,,98878264505.11401,2352484.629249768,,,,,,,,,,,말라위,말라위,,,,,,,,,,러시아 국영 매체 교육 행사
67,Russian State Media Training Events,MY,F,RT claimed that over 500 participants joined the workshops.,,,"RT Academy held a series of media workshops on news coverage, the use of AI in journalism, and video content creation for students from Indonesia, the Philippines, Malaysia, Cambodia, Thailand, and South Korea in Jakarta, Indonesia, in December 2025.",Malaysia,Malaysia,MYS,Malaysia,,,06/2026,12/2025,,48,1,In-Person,T,MY,MY,MYS,MYS,,,,2.533416 N,2.533416,2.533416,Jakarta,114.241423 E,114.241423,114.241423,,,,227,151,,52,,,,,,1,,,Malaysia,,RT,RT Academy,269485199925.1831,6117465.305618447,https ://academy dot rt.com/rt-academy-trains-journalists-in-indonesian-capital.html ; https://rs dot gov dot ru/en/news/na-ploshhadke-russkogo-doma-v-dzhakarte-proshla-akademiya-rt-dlya-indonezijskih-zhurnalistov/ ; kyivindependent dot com/teaching-journalism-the-russian-way-how-rt-academy-spreads-propaganda-in-global-south/,,Malaysia,Malaysia,,,,"RT 아카데미는 2025년 12월 인도네시아 자카르타에서 인도네시아, 필리핀, 말레이시아, 캄보디아, 태국, 한국 출신 학생들을 대상으로 뉴스 보도, 저널리즘 분야의 AI 활용, 영상 콘텐츠 제작에 관한 일련의 미디어 워크숍을 진행했다.",RT는 워크숍 참가자가 500명을 넘었다고 주장했다.,,말레이시아,말레이시아,,,말레이시아,말레이시아,말레이시아,자카르타,RT,RT 아카데미,대면,러시아 국영 매체 교육 행사
67,Russian State Media Training Events,MV,,,,,,Maldives,Maldives,,Maldives,,,,,,,,,,MV,,,,,,,,,,,,,,,,,228,,,136,,,,,,,,,,,,,27586416.184448242,116521.99968278063,,,,,,,,,,,몰디브,몰디브,,,,,,,,,,러시아 국영 매체 교육 행사
67,Russian State Media Training Events,ML,T,"Representative of the Ministry of Communication, Digital Economy and Modernization of Administration of the Republic of Mali Zahra Waled Hamed Idda attended the workshops.","Sputnik Africa Director Viktoria Budanova, Sputnik Africa senior editor Anna Kalinkina, and Project Manager at Sputnik’s International Cooperation Department Anastasia Alyamovskaya led the workshops.",,SputnikPro held a series of workshops on multimedia journalism and using AI for content creation for Malian national broadcaster Office de Radiodiffusion-Télévision du Mali (ORTM) and Malian online news portal MaliJet in May 2025. ,Mali,Mali,MLI,Mali,,,06/2026,05/2025,,29,2,Virtual,F,ML,ML,MLI,MLI,,,,17.272975 N,17.272975,17.272975,,3.294526 W,-3.294526,-3.294526,,,,229,148,,50,,,,,Office of Radio and Television of Mali (ORTM); MaliJet,1,,,Mali,,Sputnik ,SputnikPro,1060346922808.3928,6415340.834509697,https ://fr dot sputniknews.africa/20250522/le-mail-accueille-un-atelier-intensif-sputnikpro-une-premiere-1073375794.html ; https://malijet dot com/a_la_une_du_mali/302574-le-mail-accueille-le-cours-pratique-intensif-sputnikpro.html ,1,Mali,Mali,,,,스푸트니크프로는 2025년 5월 말리 국영 방송사 말리 방송공사(ORTM)와 말리 온라인 뉴스 포털 말리젯(MaliJet)을 대상으로 멀티미디어 저널리즘 및 콘텐츠 제작에 AI를 활용하는 방법에 관한 일련의 워크숍을 진행했다.,말리 공화국 통신·디지털경제·행정현대화부 대표 자흐라 왈레드 하메드 이다(Zahra Waled Hamed Idda)가 워크숍에 참석했다.,"스푸트니크 아프리카 책임자 빅토리아 부다노바, 스푸트니크 아프리카 선임 편집자 안나 칼린키나, 스푸트니크 국제협력부 프로젝트 매니저 아나스타시야 알랴모프스카야가 워크숍을 진행했다.",말리,말리,,,말리,말리,말리,,스푸트니크,스푸트니크프로,온라인,러시아 국영 매체 교육 행사
67,Russian State Media Training Events,ML,F,,,,"RT Academy announced the second cohort of students for the African course in November 2025, which contained students from more than 20 African countries, including Burkina Faso, Cameroon, Congo, Democratic Republic of Congo, Ethiopia, Ghana, Kenya, Mali, Niger, Senegal, Sudan, and Uganda.",Mali,Mali,MLI,Mali,,,06/2026,11/2025,,77,2,Virtual,T,ML,ML,MLI,MLI,,,,17.272975 N,17.272975,17.272975,,3.294526 W,-3.294526,-3.294526,,,,230,149,,50,,,,,,1,,,Mali,,RT,RT Academy,1060346922808.3928,6415340.834509697,https ://t.me/RTschool/3298 ; https ://t.me/RTschool/3352  ,1,Mali,Mali,,,,"RT 아카데미는 2025년 11월 아프리카 과정 2기 수강생을 발표했다. 수강생은 부르키나파소, 카메룬, 콩고, 콩고민주공화국, 에티오피아, 가나, 케냐, 말리, 니제르, 세네갈, 수단, 우간다 등 아프리카 20여 개국 출신이었다.",,,말리,말리,,,말리,말리,말리,,RT,RT 아카데미,온라인,러시아 국영 매체 교육 행사
67,Russian State Media Training Events,MT,,,,,,Malta,Malta,,Malta,,,,,,,,,,MT,,,,,,,,,,,,,,,,,231,,,138,,,,,,,,,,,,,277662753.98583984,65934.96279681068,,,,,,,,,,,몰타,몰타,,,,,,,,,,러시아 국영 매체 교육 행사
67,Russian State Media Training Events,MH,,,,,,Marshall Islands,Marshall Islands,,Marshall Islands,,,,,,,,,,MH,,,,,,,,,,,,,,,,,232,,,139,,,,,,,,,,,,,28595502.865234375,67914.30970798522,,,,,,,,,,,마셜 제도,마셜 제도,,,,,,,,,,러시아 국영 매체 교육 행사
67,Russian State Media Training Events,FR,,,,,,Martinique,France,,Martinique,,,,,,,,,,MQ,,,,,,,,,,,,,,,,,233,,,140,,,,,,,,,,,,,961709409.0263672,137539.67391049225,,,,,,,,,,,마르티니크,프랑스,,,,,,,,,,러시아 국영 매체 교육 행사
67,Russian State Media Training Events,MR,,,,,,Mauritania,Mauritania,,Mauritania,,,,,,,,,,MR,,,,,,,,,,,,,,,,,234,,,141,,,,,,,,,,,,,889702069734.0741,5226143.186373991,,,,,,,,,,,모리타니,모리타니,,,,,,,,,,러시아 국영 매체 교육 행사
67,Russian State Media Training Events,MU,,,,,,Mauritius,Mauritius,,Mauritius,,,,,,,,,,MU,,,,,,,,,,,,,,,,,235,,,142,,,,,,,,,,,,,1835592134.671875,201521.99334361588,,,,,,,,,,,모리셔스,모리셔스,,,,,,,,,,러시아 국영 매체 교육 행사
67,Russian State Media Training Events,FR,,,,,,Mayotte,France,,Mayotte,,,,,,,,,,YT,,,,,,,,,,,,,,,,,236,,,143,,,,,,,,,,,,,371835818.9291992,109377.40167294015,,,,,,,,,,,마요트,프랑스,,,,,,,,,,러시아 국영 매체 교육 행사
67,Russian State Media Training Events,MX,F,Reportedly over 250 participants,,,"RT reported that participants from Algeria, Belarus, Brazil, Chile, China, Egypt, France, Germany, India, Italy, Mexico, Moldova, Russia, Serbia, Tajikistan, Turkmenistan, and Uzbekistan joined the 11th cohort of RT School's TV and online journalism course in February 2025.",Mexico,Mexico,MEX,Mexico,,,06/2026,02/2025,,6,2,Virtual,F,MX,MX,MEX,MEX,,,,24.114748 N,24.114748,24.114748,,102.44028 W,-102.44028,-102.44028,,,,237,146,,49,,,,,,,1,,Mexico,,RT,RT School,1709512975268.4648,14432338.954384161,https ://t.me/RTschool/2149 ; https ://t.me/RTschool/2132 ; https://vk dot com/wall-202529715_4677 ; https://www.instagram.com/p/DIbhtoPMTQg/  ,1,Mexico,Mexico,,,,"RT는 2025년 2월 알제리, 벨라루스, 브라질, 칠레, 중국, 이집트, 프랑스, 독일, 인도, 이탈리아, 멕시코, 몰도바, 러시아, 세르비아, 타지키스탄, 투르크메니스탄, 우즈베키스탄 출신 참가자들이 RT 스쿨의 TV·온라인 저널리즘 과정 제11기에 참여했다고 보도했다.",보도에 따르면 참가자는 250명을 넘었다.,,멕시코,멕시코,,,멕시코,멕시코,멕시코,,RT,RT 스쿨,온라인,러시아 국영 매체 교육 행사
67,Russian State Media Training Events,MX,F,,Rossiya Segodnya Director of International Cooperation Vasily Pushkov and Gorchakov Fund Deputy Executive Director Sergey Orlov met with program participants. ,,"SputnikPro held a series of workshops and visits of cultural sites in Moscow for journalists from Argentine newspapers Ámbito Financiero and Página 12, Bolivian newspaper Visión 360, Brazilian news website Brasil 247, Colombian newspaper El Espectador, Dominican newspaper Listín Diario, Ecuadorean state media conglomerate Empresa Pública de Comunicación del Ecuador and Ecuadorean radio station Exa FM, Mexican news website Sin Línea, and Peruvian state news agency Agencia Peruana de Noticias Andina in October 2025. ",Mexico,Mexico,MEX,Mexico,,,06/2026,10/2025,,7,2,In-Person,T,MX,MX,MEX,MEX,,,,24.114748 N,24.114748,24.114748,Moscow,102.44028 W,-102.44028,-102.44028,,,,238,147,,49,,,,,Sin Línea,,1,,Mexico,,Sputnik ,SputnikPro,1709512975268.4648,14432338.954384161,https ://noticiaslatam dot lat/20251002/1167101023.html ; https://ria dot ru/20251001/stazhirovka-2045675688.html ; https://interussia dot com/journalism_en/tpost/k8uu3viem1-fellowship-for-latin-american-journalist ,1,Mexico,Mexico,,,,"스푸트니크프로는 2025년 10월 아르헨티나 신문 암비토 피난시에로(Ámbito Financiero)와 파히나 12(Página 12), 볼리비아 신문 비시온 360(Visión 360), 브라질 뉴스 웹사이트 브라질 247(Brasil 247), 콜롬비아 신문 엘 에스펙타도르(El Espectador), 도미니카공화국 신문 리스트ín 디아리오(Listín Diario), 에콰도르 국영 미디어 그룹 에콰도르 공공커뮤니케이션공사 및 라디오 방송국 엑사 FM(Exa FM), 멕시코 뉴스 웹사이트 신 리네아(Sin Línea), 페루 국영 통신사 안디나(Agencia Peruana de Noticias Andina) 소속 언론인을 대상으로 모스크바에서 일련의 워크숍과 문화유적 방문 행사를 진행했다.",,로시야 세고드냐 국제협력국장 바실리 푸시코프와 고르차코프 기금 부집행이사 세르게이 오를로프(Sergey Orlov)가 프로그램 참가자들과 만났다.,멕시코,멕시코,,,멕시코,멕시코,멕시코,모스크바,스푸트니크,스푸트니크프로,대면,러시아 국영 매체 교육 행사
67,Russian State Media Training Events,FM,,,,,,Micronesia,"Micronesia, Federated States of",,Micronesia,,,,,,,,,,FM,,,,,,,,,,,,,,,,,239,,,145,,,,,,,,,,,,,424599774.8808594,104610.48584179401,,,,,,,,,,,미크로네시아,미크로네시아,,,,,,,,,,러시아 국영 매체 교육 행사
67,Russian State Media Training Events,MD,F,Reportedly over 30 journalists,Tashkent blogger Polina Kostina praised the program.,,"Rossotrudnichestvo hosted journalists and bloggers from Armenia, Kyrgyzstan, Kazakhstan, pro-Russian breakaway region of Moldova, Transnistria, and Uzbekistan for a media training program at the InterNovosti media school in Moscow in December 2023. ",Moldova,"Moldova, Republic of",MDA,Moldova,,,06/2026,12/2023,,10,3,In-Person,F,MD,MD,MDA,MDA,,1,,47.13066 N,47.13066,47.13066,Moscow,28.273828 E,28.273828,28.273828,,,,240,142,,47,,,,,,,1,,Moldova,,Rossotrudnichestvo,InterNovosti,34811448148.06348,1178555.867851734,https ://rs dot gov.ru/en/news/new-rossotrudnichestvo-project-for-foreign-journalists/,1,Transnistria (Moldova),Moldova,,,,"로스소트루드니체스트보는 2023년 12월 모스크바 인터노보스티(InterNovosti) 미디어 학교에서 열린 연수 프로그램에 아르메니아, 키르기스스탄, 카자흐스탄, 몰도바의 친러시아 분리 지역인 트란스니스트리아, 우즈베키스탄 출신 언론인과 블로거를 초청했다.",보도에 따르면 언론인 30여 명이 참석했다.,타슈켄트市 블로거 폴리나 코스티나(Polina Kostina)는 해당 프로그램을 높이 평가했다.,몰도바,몰도바,,,몰도바,트란스니스트리아(몰도바),몰도바,모스크바,로스소트루드니체스트보,인터노보스티,대면,러시아 국영 매체 교육 행사
67,Russian State Media Training Events,MD,F,,"Sputnik video production department employee Alexander Petrov, Sputnik journalist Armen Gasparyan, Rossiya Segodnya deputy Editor-in-Chief Natalia Loseva, and Sputnik Near Abroad journalist and presenter Victoria Fyodorova spoke during the program. Sputnik reported that this was the second time dostuk.media correspondent Yana Kraynyukova and KRSU Youth Culture and Creativity Center Director Galina Ketova participated in a SputnikPro program",,"SputnikPro on Zubovsky held a series of training sessions for journalists from Russian-occupied Abkhazia and Azerbaijan, Belarus, Kazakhstan, Kyrgyzstan, Moldova, Uzbekistan, and Russian-occupied South Ossetia in Moscow in May 2024.",Moldova,"Moldova, Republic of",MDA,Moldova,,,06/2026,05/2024,,12,3,In-Person,F,MD,MD,MDA,MDA,,1,,47.13066 N,47.13066,47.13066,Moscow,28.273828 E,28.273828,28.273828,,,,241,143,,47,,,,,,,1,,Moldova,,Sputnik ,SputnikPro,34811448148.06348,1178555.867851734,https ://ru dot sputnik.kg/20240524/moskva-novyj-sezon-proekt-sputnikpro-na-zubovskom-zhurnalist-1085450660.html ; https://ruj dot ru/preview/v-moskve-startoval-novyi-sezon-proekta-sputnikpro-na-zubovskom-dlya-zhurnalistov-21448 ,1,Moldova,Moldova,,,,"스푸트니크프로 온 주보프스키는 2024년 5월 모스크바에서 러시아가 점령한 압하지야와 아제르바이잔, 벨라루스, 카자흐스탄, 키르기스스탄, 몰도바, 우즈베키스탄 및 러시아가 점령한 남오세티야 출신 언론인을 대상으로 일련의 연수 세션을 진행했다.",,"스푸트니크 영상제작부 직원 알렉산드르 페트로프, 스푸트니크 기자 아르멘 가스파랸, 로시야 세고드냐 부편집장 나탈리아 로세바(Natalia Loseva), 스푸트니크 근외지역 담당 기자 겸 진행자 빅토리아 표도로바(Victoria Fyodorova)가 프로그램에서 강연했다. 스푸트니크는 도스투크 미디어(dostuk.media) 특파원 야나 크라이뉴코바(Yana Kraynyukova)와 키르기스-러시아 슬라브대학교(KRSU) 청년문화·창의센터장 갈리나 케토바(Galina Ketova)가 스푸트니크프로 프로그램에 두 번째로 참여했다고 보도했다.",몰도바,몰도바,,,몰도바,몰도바,몰도바,모스크바,스푸트니크,스푸트니크프로,대면,러시아 국영 매체 교육 행사
67,Russian State Media Training Events,MD,F,Reportedly over 250 participants,,,"RT reported that participants from Algeria, Belarus, Brazil, Chile, China, Egypt, France, Germany, India, Italy, Mexico, Moldova, Russia, Serbia, Tajikistan, Turkmenistan, and Uzbekistan joined the 11th cohort of RT School's TV and online journalism course in February 2025.",Moldova,"Moldova, Republic of",MDA,Moldova,,,06/2026,02/2025,,6,3,Virtual,F,MD,MD,MDA,MDA,,1,,47.13066 N,47.13066,47.13066,,28.273828 E,28.273828,28.273828,,,,242,144,,47,,,,,,,1,,Moldova,,RT,RT School,34811448148.06348,1178555.867851734,https ://t.me/RTschool/2149 ; https ://t.me/RTschool/2132 ; https://vk dot com/wall-202529715_4677 ; https://www.instagram.com/p/DIbhtoPMTQg/  ,1,Moldova,Moldova,,,,"RT는 2025년 2월 알제리, 벨라루스, 브라질, 칠레, 중국, 이집트, 프랑스, 독일, 인도, 이탈리아, 멕시코, 몰도바, 러시아, 세르비아, 타지키스탄, 투르크메니스탄, 우즈베키스탄 출신 참가자들이 RT 스쿨의 TV·온라인 저널리즘 과정 제11기에 참여했다고 보도했다.",보도에 따르면 참가자는 250명을 넘었다.,,몰도바,몰도바,,,몰도바,몰도바,몰도바,,RT,RT 스쿨,온라인,러시아 국영 매체 교육 행사
67,Russian State Media Training Events,MC,,,,,,Monaco,Monaco,,Monaco,,,,,,,,,,MC,,,,,,,,,,,,,,,,,243,,,147,,,,,,,,,,,,,9307807.455322266,12776.5317179802,,,,,,,,,,,모나코,모나코,,,,,,,,,,러시아 국영 매체 교육 행사
67,Russian State Media Training Events,MN,,,,,,Mongolia,Mongolia,,Mongolia,,,,,,,,,,MN,,,,,,,,,,,,,,,,,244,,,148,,,,,,,,,,,,,1610427623368.582,7773534.254685415,,,,,,,,,,,몽골,몽골,,,,,,,,,,러시아 국영 매체 교육 행사
67,Russian State Media Training Events,ME,,,,,,Montenegro,Montenegro,,Montenegro,,,,,,,,,,ME,,,,,,,,,,,,,,,,,245,,,149,,,,,,,,,,,,,13732218805.289062,691215.4812336266,,,,,,,,,,,몬테네그로,몬테네그로,,,,,,,,,,러시아 국영 매체 교육 행사
67,Russian State Media Training Events,GB,,,,,,Montserrat,United Kingdom,,Montserrat,,,,,,,,,,MS,,,,,,,,,,,,,,,,,246,,,150,,,,,,,,,,,,,94975574.01855469,38555.90252912493,,,,,,,,,,,몬트세라트,영국,,,,,,,,,,러시아 국영 매체 교육 행사
67,Russian State Media Training Events,MA,F,12 reportedly attended. Lebanese journalist Karim Charara and Saudi journalist Anwar Al-Qahtani praised the program.,"Rossiya Segodnya Director of International Cooperation Vasily Pushkov, Deputy Director of Rossotrudnichestvo Dmitry Polikanov, and Coordinator of Scientific Projects at the Gorchakov Foundation Liana Dymova opened the program.",,"SputnikPro held a series of workshops and events for journalists from Saudi state news agency Saudi Press Agency (SPA), United Arab Emirates national media outlet Emirates News Agency (WAM), Libyan state news agency Libyan News Agency (LANA), Tunisian news agency Tunis Afrique Presse (TAP), Palestinian news agency Ma’an News Agency (MNA), Lebanese news television channel Al Mayadeen, Moroccan newspaper Bayane Al Yaoume, Egyptian state newspaper Al-Akhbar, Algerian newspaper Le Jeune Indépendant, English-language Egyptian newspaper Daily News Egypt, Tunisian news magazine Réalités, and Syrian state television channel Al-Souriya TV in Moscow in September 2023.",Morocco,Morocco,MAR,Morocco,,,06/2026,09/2023,,75,2,In-Person,F,MA,MA,MAR,MAR,1,,,31.8238447 N ,31.8238447,31.8238447,Moscow,6.4119990 W,-6.411999,-6.411999,,,,247,140,,46,,,,,Bayane Al Yaoume,,,,Morocco,,Sputnik ,SputnikPro,605313232366.3064,5544378.570243487,https://fr dot sputniknews.africa/20230926/des-journalistes-du-moyen-orient-et-dafrique-du-nord-participent-a-un-stage-sputnikpro-1062369112.html ; https://ria dot ru/20230926/stazhirovka-1898637188.html ,1,Morocco,Morocco,,,,"스푸트니크프로는 2023년 9월 모스크바에서 사우디 국영 통신사 SPA, 아랍에미리트 국영 매체 에미리트 통신사(WAM), 리비아 국영 통신사(LANA), 튀니지 통신사(TAP), 팔레스타인 통신사(MNA), 레바논 뉴스 TV 채널 알마야딘(Al Mayadeen), 모로코 신문 바야네 알 야움(Bayane Al Yaoume), 이집트 국영 신문 알아크바르(Al-Akhbar), 알제리 신문 르 주느 앵디페당(Le Jeune Indépendant), 이집트 영자신문 데일리 뉴스 이집트(Daily News Egypt), 튀니지 뉴스 잡지 레알리테(Réalités), 시리아 국영 TV 채널 알수리야 TV(Al-Souriya TV) 소속 언론인을 대상으로 일련의 워크숍과 행사를 진행했다.",보도에 따르면 12명이 참석했다. 레바논 언론인 카림 샤라라(Karim Charara)와 사우디 언론인 안와르 알카타니(Anwar Al-Qahtani)는 해당 프로그램을 높이 평가했다.,"로시야 세고드냐 국제협력국장 바실리 푸시코프, 로스소트루드니체스트보 부청장 드미트리 폴리카노프(Dmitry Polikanov), 고르차코프 재단 과학 프로젝트 코디네이터 리아나 디모바(Liana Dymova)가 프로그램 개회식을 진행했다.",모로코,모로코,,,모로코,모로코,모로코,모스크바,스푸트니크,스푸트니크프로,대면,러시아 국영 매체 교육 행사
67,Russian State Media Training Events,MA,F,InteRussia is a fellowship program for television journalism training and receives support from the Russian Presidential Grants Foundation.,"Head of RT Arabic Manna Maya, Head of the Department of International Cooperation and Distribution at RT Karina Melikyan, and Academic Programs Coordinator at the Gorchakov Fund Lyana Dymova participated in the opening ceremony. ",,"InteRussia launched a fellowship program for journalists from Algeria, Egypt, Jordan, Libya, Morocco, and Sudan in May 2026.",Morocco,Morocco,MAR,Morocco,,,06/2026,05/2026,,2,2,In-Person,T,MA,MA,MAR,MAR,1,,,31.8238447 N ,31.8238447,31.8238447,Moscow,6.4119990 W,-6.411999,-6.411999,,,,248,141,,46,,,,,,,,,Morocco,,Gorchakov Fund,InteRussia,605313232366.3064,5544378.570243487,https ://t.me/interussia_programme/1630 ; https://interussia dot com/journalism_en/tpost/51th1dy0b1-interussia-opens-fellowship-for-journali,1,Morocco,Morocco,,,,"인테르러시아(InteRussia)는 2026년 5월 알제리, 이집트, 요르단, 리비아, 모로코, 수단 출신 언론인을 대상으로 펠로십 프로그램을 시작했다.","인테르러시아는 TV 저널리즘 연수를 위한 펠로십 프로그램으로, 러시아 대통령 보조금 재단의 지원을 받는다.","RT 아랍어 채널 책임자 만나 마야(Manna Maya), RT 국제협력·배급부 책임자 카리나 멜리키안(Karina Melikyan), 고르차코프 기금 학술 프로그램 코디네이터 리아나 디모바(Lyana Dymova)가 개막식에 참석했다.",모로코,모로코,,,모로코,모로코,모로코,모스크바,고르차코프 기금,인테르러시아,대면,러시아 국영 매체 교육 행사
67,Russian State Media Training Events,MZ,F,,"Director of the International Cooperation Directorate and RT Media Group Vasily Pushkov, Deputy Executive Director of the Gorchakov Fund Sergey Orlov, Rossotrudnichestvo representative Elena Litvichenko",,"InteRussia held a fellowship program for journalists from Burundi, Zambia, Cameroon, Kenya, Mozambique, Rwanda, Senegal, Somalia, and Uganda in July 2026.",Mozambique,Mozambique,MOZ,Mozambique,,,07/2026,07/2026,,105,1,In-Person,T,MZ,MZ,MOZ,MOZ,1,,,18.2301935 S ,-18.2301935,-18.2301935,Moscow,34.8784925 E,34.8784925,34.8784925,,,,249,150,,51,,,,,,,,,Mozambique,,Gorchakov Fund,InteRussia,665901802109.5344,6777777.246455153,https ://t.me/interussia_programme/1817,,Mozambique,Mozambique,,,,"인테르러시아는 2026년 7월 부룬디, 잠비아, 카메룬, 케냐, 모잠비크, 르완다, 세네갈, 소말리아, 우간다 출신 언론인을 대상으로 펠로십 프로그램을 진행했다.",,"국제협력국장 겸 RT 미디어 그룹 소속 바실리 푸시코프, 고르차코프 기금 부집행이사 세르게이 오를로프, 로스소트루드니체스트보 대표 엘레나 리트비첸코(Elena Litvichenko)가 참석했다.",모잠비크,모잠비크,,,모잠비크,모잠비크,모잠비크,모스크바,고르차코프 기금,인테르러시아,대면,러시아 국영 매체 교육 행사
67,Russian State Media Training Events,MM,,,,,,Myanmar,Myanmar,,Myanmar,,,,,,,,,,MM,,,,,,,,,,,,,,,,,250,,,153,,,,,,,,,,,,,574123542267.8027,8909065.028878333,,,,,,,,,,,미얀마,미얀마,,,,,,,,,,러시아 국영 매체 교육 행사
67,Russian State Media Training Events,NA,F,Reportedly 15 journalists ,"Rossiya Segodnya Director of International Cooperation Vasily Pushkov noted that this was the first in-person session of SputnikPro for African students since the COVID-19 pandemic and claimed that it marked the restoration of “full-fledged, direct dialogue between Russia and African nations.” ",,"SputnikPro held a week-long series of lectures and workshops in Moscow for African journalists, including correspondents and producers from Ethiopian state news agency Ethiopian News Agency (ENA), Kenyan state media organization Kenyan Broadcasting Corporation (KBC), Nigerian state news agency News Agency of Nigeria (NAN), South African multi-platform content company Independent Media, Namibian public broadcaster Namibian Broadcasting Corporation (NBC), Zambian state newspaper Zambia Daily Mail, Tunisian radio station Radio Sabra FM, Ugandan English-language daily newspaper New Vision, and Cameroonian state radio and television broadcasting company Cameroon Radio Television (CRTV), in October 2022.",Namibia,Namibia,NAM,Namibia,,,06/2026,10/2022,,15,2,In-Person,F,NA,NA,NAM,NAM,,,,22.151477 S,-22.151477,-22.151477,Moscow,17.134583 E,17.134583,17.134583,,,,251,152,,53,,,,,Namibia Broadcasting Corporation (NBC),1,,,Namibia,,Sputnik ,SputnikPro,713026939255.9238,4879210.113737412,https ://sputnikglobe dot com/20221019/journalists-from-leading-african-media-outlets-join-sputnikpro-project-in-moscow-1102077086.html ; https://rossiyasegodnya dot com/20221018/314836.html ; https ://newsnowonline dot com dot ng/2022/10/20/african-journalists-in-moscow-for-training/,1,Namibia,Namibia,,,,"스푸트니크프로는 2022년 10월 모스크바에서 아프리카 언론인을 대상으로 일주일간 강연과 워크숍을 진행했다. 참가자는 에티오피아 국영 통신사 에티오피아 통신사(ENA), 케냐 국영 매체 케냐 방송공사(KBC), 나이지리아 국영 통신사 나이지리아 통신사(NAN), 남아프리카공화국 멀티플랫폼 콘텐츠 기업 인디펜던트 미디어(Independent Media), 나미비아 공영 방송사 나미비아 방송공사(NBC), 잠비아 국영 신문 잠비아 데일리 메일(Zambia Daily Mail), 튀니지 라디오 방송국 라디오 사브라 FM(Radio Sabra FM), 우간다 영자 일간지 뉴비전(New Vision), 카메룬 국영 라디오·텔레비전 방송사 카메룬 라디오 텔레비전(CRTV)의 특파원과 프로듀서 등이었다.",보도에 따르면 언론인 15명이 참석했다.,로시야 세고드냐 국제협력국장 바실리 푸시코프는 이번 행사가 코로나19 팬데믹 이후 아프리카 학생들을 대상으로 열린 스푸트니크프로의 첫 대면 세션이라고 언급했다. 그는 이번 행사가 ‘러시아와 아프리카 국가 간 온전하고 직접적인 대화’의 복원을 의미한다고 주장했다.,나미비아,나미비아,,,나미비아,나미비아,나미비아,모스크바,스푸트니크,스푸트니크프로,대면,러시아 국영 매체 교육 행사
67,Russian State Media Training Events,NA,F,,"RT French head Natalia Lebedeva, RT deputy Editor-in-Chief Alexei Nikolov, and RT Head of Educational Projects Anna Kovtunova attended the workshop. RT French Editor-in-Chief Arseny Samsonov, RT French correspondent Daria Vaganova, RT French presenters Oleg Shommer and Amin Tutakh, RT French producer Anton Shamkov, and RT International correspondents Igor Zhdanov and Rory Suchet spoke to students during the workshop.",,"RT Academy, RT Africa, and RT en français held a two-day journalism training workshop for journalists from Senegal, Madagascar, Cameroon, Namibia, Algeria, Côte d'Ivoire, Tunisia, Benin and The Gambia in March 2026.",Namibia,Namibia,NAM,Namibia,,,06/2026,03/2026,,3,2,In-Person,T,NA,NA,NAM,NAM,,,,22.151477 S,-22.151477,-22.151477,Moscow,17.134583 E,17.134583,17.134583,,,,252,153,,53,,,,,,1,,,Namibia,,RT,RT Academy,713026939255.9238,4879210.113737412,https ://t.me/RTschool/3908 ; https://school dot rt.com/news/233-laureaty-aub-media-awards-2025-premiya-afrikanskogo-veshatelnogo-soyuza-iz-afriki-posetili-rt-academy-v-moskve ,1,Namibia,Namibia,,,,"RT 아카데미, RT 아프리카, RT 프랑스어 채널은 2026년 3월 세네갈, 마다가스카르, 카메룬, 나미비아, 알제리, 코트디부아르, 튀니지, 베냉, 감비아 출신 언론인을 대상으로 이틀간 언론 연수 워크숍을 개최했다.",,"워크숍에는 RT 프랑스어 채널 책임자 나탈리아 레베데바(Natalia Lebedeva), RT 부편집장 알렉세이 니콜로프(Alexei Nikolov), RT 교육 프로젝트 책임자 안나 코브투노바(Anna Kovtunova)가 참석했다. RT 프랑스어 채널 편집장 아르세니 삼소노프(Arseny Samsonov), RT 프랑스어 채널 특파원 다리아 바가노바(Daria Vaganova), RT 프랑스어 채널 진행자 올레그 쇼머(Oleg Shommer)와 아민 투타크(Amin Tutakh), RT 프랑스어 채널 프로듀서 안톤 샴코프(Anton Shamkov), RT 인터내셔널 특파원 이고리 즈다노프(Igor Zhdanov)와 로리 수셰(Rory Suchet)가 워크숍에서 수강생들을 대상으로 강연했다.",나미비아,나미비아,,,나미비아,나미비아,나미비아,모스크바,RT,RT 아카데미,대면,러시아 국영 매체 교육 행사
67,Russian State Media Training Events,NR,,,,,,Nauru,Nauru,,Nauru,,,,,,,,,,NR,,,,,,,,,,,,,,,,,253,,,155,,,,,,,,,,,,,22248619.8125,17624.88686048535,,,,,,,,,,,나우루,나우루,,,,,,,,,,러시아 국영 매체 교육 행사
67,Russian State Media Training Events,NP,,,,,,Nepal,Nepal,,Nepal,,,,,,,,,,NP,,,,,,,,,,,,,,,,,254,,,156,,,,,,,,,,,,,131660296196.82422,2346874.626642726,,,,,,,,,,,네팔,네팔,,,,,,,,,,러시아 국영 매체 교육 행사
67,Russian State Media Training Events,NL,,,,,,Netherlands,Netherlands,,Netherlands,,,,,,,,,,NL,,,,,,,,,,,,,,,,,255,,,157,,,,,,,,,,,,,37897433796.80786,2241318.2474894403,,,,,,,,,,,네덜란드,네덜란드,,,,,,,,,,러시아 국영 매체 교육 행사
67,Russian State Media Training Events,FR,,,,,,New Caledonia,France,,New Caledonia,,,,,,,,,,NC,,,,,,,,,,,,,,,,,256,,,158,,,,,,,,,,,,,16208299914.761719,1178914.4876605629,,,,,,,,,,,뉴칼레도니아,프랑스,,,,,,,,,,러시아 국영 매체 교육 행사
67,Russian State Media Training Events,NZ,,,,,,New Zealand,New Zealand,,New Zealand,,,,,,,,,,NZ,,,,,,,,,,,,,,,,,257,,,159,,,,,,,,,,,,,265402366332.09766,8733598.659515975,,,,,,,,,,,뉴질랜드,뉴질랜드,,,,,,,,,,러시아 국영 매체 교육 행사
67,Russian State Media Training Events,NI,T,,Sputnik Head of Digital Products Artem Chibarov led the seminar.,,"SputnikPro held a seminar on the use of AI in the creation of audiovisual content for employees of Telesur, a Caracas-based television network which Venezuela, Cuba, and Nicaragua sponsor, as part of a month-long series of masterclasses focused on the use of AI in recognizing fake news, creating podcasts, and optimizing journalism workflows in April 2025.",Nicaragua,Nicaragua,NIC,Nicaragua,,,06/2026,04/2025,,68,1,Virtual,F,NI,NI,NIC,NIC,,,,12.505522 N,12.505522,12.505522,,85.022864 W,-85.022864,-85.022864,,,,258,158,,56,,,,,Telesur,,,,Nicaragua,,Sputnik ,SputnikPro,106764048949.60352,1809404.2525556204,https ://xn--c1acbl2abdlkab1og dot xn--p1ai/20250430/682720.html ,1,Nicaragua,Nicaragua,,,,"스푸트니크프로는 2025년 4월 베네수엘라, 쿠바, 니카라과가 후원하는 카라카스 소재 텔레비전 네트워크 텔레수르(Telesur) 직원을 대상으로 시청각 콘텐츠 제작에 AI를 활용하는 방법에 관한 세미나를 진행했다. 이번 세미나는 가짜 뉴스 식별, 팟캐스트 제작, 저널리즘 업무 흐름 최적화에 AI를 활용하는 방법을 다룬 한 달간의 마스터클래스 시리즈의 일환이었다.",,스푸트니크 디지털 제품 책임자 아르툠 치바로프(Artem Chibarov)가 세미나를 진행했다.,니카라과,니카라과,,,니카라과,니카라과,니카라과,,스푸트니크,스푸트니크프로,온라인,러시아 국영 매체 교육 행사
67,Russian State Media Training Events,NE,T,Editor-in-Chief of ANP Salei Assan thanked Sputnik for the course.,"Sputnik Africa Director Viktoria Budanova, Sputnik Africa senior social media and video editor Anna Kalinkina, and Sputnik Africa correspondent Akhmat Tahir Bakhit conducted the trainings.",,SputnikPro held a course on incorporating AI into media work and the effect of media on African sovereignty for Nigerien news agency Agence Nigérienne de Presse (ANP) in April 2025.,Niger,Niger,NER,Niger,,,06/2026,04/2025,,31,3,Virtual,F,NE,NE,NER,NER,,,,17.283887 N,17.283887,17.283887,,9.254316 E,9.254316,9.254316,,,,259,154,,54,,,,,Agence Nigérienne de Presse (ANP),1,,,Niger,,Sputnik ,SputnikPro,1000635640838.0791,5044580.674494877,https ://xn--c1acbl2abdlkab1og dot xn--p1ai/20250422/680076.html ; https://anp dot ne/media-17-agents-de-lanp-formes-par-sputnik-sur-limportance-de-lia-des-reseaux-sociaux-dans-le-traitement-de-linformation-et-le-role-des-medias-dans-la-lutte/ ,2,Niger,Niger,,,,스푸트니크프로는 2025년 4월 니제르 통신사 니제르 통신사(ANP)를 대상으로 미디어 업무에 AI를 접목하는 방법과 미디어가 아프리카 주권에 미치는 영향에 관한 과정을 진행했다.,니제르 통신사(ANP) 편집장 살레이 아산(Salei Assan)은 해당 과정에 대해 스푸트니크에 감사를 표했다.,"스푸트니크 아프리카 책임자 빅토리아 부다노바, 스푸트니크 아프리카 선임 소셜미디어·영상 편집자 안나 칼린키나, 스푸트니크 아프리카 특파원 아흐마트 타히르 바히트가 연수를 진행했다.",니제르,니제르,,,니제르,니제르,니제르,,스푸트니크,스푸트니크프로,온라인,러시아 국영 매체 교육 행사
67,Russian State Media Training Events,NE,F,,,,"RT Academy announced the second cohort of students for the African course in November 2025, which contained students from more than 20 African countries, including Burkina Faso, Cameroon, Congo, Democratic Republic of Congo, Ethiopia, Ghana, Kenya, Mali, Niger, Senegal, Sudan, and Uganda.",Niger,Niger,NER,Niger,,,06/2026,11/2025,,77,3,Virtual,T,NE,NE,NER,NER,,,,17.283887 N,17.283887,17.283887,,9.254316 E,9.254316,9.254316,,,,260,155,,54,,,,,,1,,,Niger,,RT,RT Academy,1000635640838.0791,5044580.674494877,https ://t.me/RTschool/3298 ; https ://t.me/RTschool/3352  ,2,Niger,Niger,,,,"RT 아카데미는 2025년 11월 아프리카 과정 2기 수강생을 발표했다. 수강생은 부르키나파소, 카메룬, 콩고, 콩고민주공화국, 에티오피아, 가나, 케냐, 말리, 니제르, 세네갈, 수단, 우간다 등 아프리카 20여 개국 출신이었다.",,,니제르,니제르,,,니제르,니제르,니제르,,RT,RT 아카데미,온라인,러시아 국영 매체 교육 행사
67,Russian State Media Training Events,NE,T,Private School of Journalism and Communication Director Professor Idrissa Ousseini praised the lecture.,Sputnik Africa senior social media and video editor Anna Kalinkina conducted the lecture.,,SputnikPro held a lecture on using AI for content editing and processing for Ecole Supérieure de Journalisme et de Communication (ESJ/C) in Niger in April 2026.,Niger,Niger,NER,Niger,,,06/2026,04/2026,,30,3,Virtual,T,NE,NE,NER,NER,,,,17.283887 N,17.283887,17.283887,,9.254316 E,9.254316,9.254316,,,,261,156,,54,,,,,Ecole Supérieure de Journalisme et de Communication (ESJ/C),1,,,Niger,,Sputnik ,SputnikPro,1000635640838.0791,5044580.674494877,https ://ria dot ru/20260413/sputnikpro-2086756688.html ; https://fr dot sputniknews.africa/20260414/une-ecole-du-niger-rejoint-pour-la-premiere-fois-le-projet-sputnikpro-1085063523.html ,2,Niger,Niger,,,,스푸트니크프로는 2026년 4월 니제르 고등언론·커뮤니케이션학교(ESJ/C)에서 콘텐츠 편집 및 처리에 AI를 활용하는 방법에 관한 강연을 진행했다.,사립 언론·커뮤니케이션학교 교장 이드리사 우세이니(Idrissa Ousseini) 교수는 강연을 높이 평가했다.,스푸트니크 아프리카 선임 소셜미디어·영상 편집자 안나 칼린키나가 강연을 진행했다.,니제르,니제르,,,니제르,니제르,니제르,,스푸트니크,스푸트니크프로,온라인,러시아 국영 매체 교육 행사
67,Russian State Media Training Events,NG,F,Reportedly 15 journalists ,"Rossiya Segodnya Director of International Cooperation Vasily Pushkov noted that this was the first in-person session of SputnikPro for African students since the COVID-19 pandemic and claimed that it marked the restoration of “full-fledged, direct dialogue between Russia and African nations.” ",,"SputnikPro held a week-long series of lectures and workshops in Moscow for African journalists, including correspondents and producers from Ethiopian state news agency Ethiopian News Agency (ENA), Kenyan state media organization Kenyan Broadcasting Corporation (KBC), Nigerian state news agency News Agency of Nigeria (NAN), South African multi-platform content company Independent Media, Namibian public broadcaster Namibian Broadcasting Corporation (NBC), Zambian state newspaper Zambia Daily Mail, Tunisian radio station Radio Sabra FM, Ugandan English-language daily newspaper New Vision, and Cameroonian state radio and television broadcasting company Cameroon Radio Television (CRTV), in October 2022.",Nigeria,Nigeria,NGA,Nigeria,,,06/2026,10/2022,,15,1,In-Person,F,NG,NG,NGA,NGA,,,,9.372166 N,9.372166,9.372166,Moscow,8.063126 E,8.063126,8.063126,,,,262,157,,55,,,,,News Agency of Nigeria (NAN),,,,Nigeria,,Sputnik ,SputnikPro,751623552253.6658,4827281.550077165,https ://sputnikglobe dot com/20221019/journalists-from-leading-african-media-outlets-join-sputnikpro-project-in-moscow-1102077086.html ; https://rossiyasegodnya dot com/20221018/314836.html ; https ://newsnowonline dot com dot ng/2022/10/20/african-journalists-in-moscow-for-training/,1,Nigeria,Nigeria,,,,"스푸트니크프로는 2022년 10월 모스크바에서 아프리카 언론인을 대상으로 일주일간 강연과 워크숍을 진행했다. 참가자는 에티오피아 국영 통신사 에티오피아 통신사(ENA), 케냐 국영 매체 케냐 방송공사(KBC), 나이지리아 국영 통신사 나이지리아 통신사(NAN), 남아프리카공화국 멀티플랫폼 콘텐츠 기업 인디펜던트 미디어(Independent Media), 나미비아 공영 방송사 나미비아 방송공사(NBC), 잠비아 국영 신문 잠비아 데일리 메일(Zambia Daily Mail), 튀니지 라디오 방송국 라디오 사브라 FM(Radio Sabra FM), 우간다 영자 일간지 뉴비전(New Vision), 카메룬 국영 라디오·텔레비전 방송사 카메룬 라디오 텔레비전(CRTV)의 특파원과 프로듀서 등이었다.",보도에 따르면 언론인 15명이 참석했다.,로시야 세고드냐 국제협력국장 바실리 푸시코프는 이번 행사가 코로나19 팬데믹 이후 아프리카 학생들을 대상으로 열린 스푸트니크프로의 첫 대면 세션이라고 언급했다. 그는 이번 행사가 ‘러시아와 아프리카 국가 간 온전하고 직접적인 대화’의 복원을 의미한다고 주장했다.,나이지리아,나이지리아,,,나이지리아,나이지리아,나이지리아,모스크바,스푸트니크,스푸트니크프로,대면,러시아 국영 매체 교육 행사
67,Russian State Media Training Events,NZ,,,,,,Niue,New Zealand,,Niue,,,,,,,,,,NU,,,,,,,,,,,,,,,,,263,,,163,,,,,,,,,,,,,212417750.25585938,54206.10216804242,,,,,,,,,,,니우에,뉴질랜드,,,,,,,,,,러시아 국영 매체 교육 행사
67,Russian State Media Training Events,AU,,,,,,Norfolk Island,Australia,,Norfolk Island,,,,,,,,,,NF,,,,,,,,,,,,,,,,,264,,,164,,,,,,,,,,,,,44050694.07421875,25273.83448924074,,,,,,,,,,,노퍽섬,오스트레일리아,,,,,,,,,,러시아 국영 매체 교육 행사
67,Russian State Media Training Events,KP,,,,,,North Korea,"Korea, Democratic People's Republic of",,North Korea,,,,,,,,,,KP,,,,,,,,,,,,,,,,,265,,,165,,,,,,,,,,,,,119109905112.76172,2560098.3826643345,,,,,,,,,,,북한,북한,,,,,,,,,,러시아 국영 매체 교육 행사
67,Russian State Media Training Events,MK,,,,,,North Macedonia,North Macedonia,,North Macedonia,,,,,,,,,,MK,,,,,,,,,,,,,,,,,266,,,166,,,,,,,,,,,,,25090304925.80664,674915.7432710507,,,,,,,,,,,북마케도니아,북마케도니아,,,,,,,,,,러시아 국영 매체 교육 행사
67,Russian State Media Training Events,US,,,,,,Northern Mariana Islands,United States,,Northern Mariana Islands,,,,,,,,,,MP,,,,,,,,,,,,,,,,,267,,,167,,,,,,,,,,,,,198861797.765625,91820.28933825798,,,,,,,,,,,북마리아나제도,미국,,,,,,,,,,러시아 국영 매체 교육 행사
67,Russian State Media Training Events,NO,,,,,,Norway,Norway,,Norway,,,,,,,,,,NO,,,,,,,,,,,,,,,,,268,,,168,,,,,,,,,,,,,407205796303.38086,22240302.056092747,,,,,,,,,,,노르웨이,노르웨이,,,,,,,,,,러시아 국영 매체 교육 행사
67,Russian State Media Training Events,OM,,,,,,Oman,Oman,,Oman,,,,,,,,,,OM,,,,,,,,,,,,,,,,,269,,,169,,,,,,,,,,,,,264739803168.3706,3225230.805441053,,,,,,,,,,,오만,오만,,,,,,,,,,러시아 국영 매체 교육 행사
67,Russian State Media Training Events,PK,F,ISA representatives Maria Sohail and Nur Enn praised the masterclass.,Rossiya Segodnya Director of International Cooperation Vasily Pushkov led the masterclass.,,SputnikPro held a masterclass on international media trends for the civil service academy under the Ministry of Information and Broadcasting of Pakistan Information Service Academy (ISA) in September 2025.,Pakistan,Pakistan,PAK,Pakistan,,,06/2026,09/2025,,32,1,Virtual,T,PK,PK,PAK,PAK,,,,30.08545 N,30.08545,30.08545,,69.275928 E,69.275928,69.275928,,,,270,159,,57,,,,,Information Service Academy (ISA),,,,Pakistan,,Sputnik ,SputnikPro,793363688004.9033,6910857.661059079,https ://xn--c1acbl2abdlkab1og dot xn--p1ai/20250922/731034.html ; https://ria dot ru/20250922/pakistan-2043521146.html ,1,Pakistan,Pakistan,,,,스푸트니크프로는 2025년 9월 파키스탄 정보방송부 산하 공무원 아카데미인 정보서비스아카데미(ISA)에서 국제 미디어 동향에 관한 마스터클래스를 진행했다.,정보서비스아카데미(ISA) 관계자 마리아 소하일(Maria Sohail)과 누르 엔(Nur Enn)은 마스터클래스를 높이 평가했다.,로시야 세고드냐 국제협력국장 바실리 푸시코프가 마스터클래스를 진행했다.,파키스탄,파키스탄,,,파키스탄,파키스탄,파키스탄,,스푸트니크,스푸트니크프로,온라인,러시아 국영 매체 교육 행사
67,Russian State Media Training Events,PW,,,,,,Palau,Palau,,Palau,,,,,,,,,,PW,,,,,,,,,,,,,,,,,271,,,171,,,,,,,,,,,,,313062414.0703125,113364.97963087088,,,,,,,,,,,팔라우,팔라우,,,,,,,,,,러시아 국영 매체 교육 행사
67,Russian State Media Training Events,PS,F,12 reportedly attended. Lebanese journalist Karim Charara and Saudi journalist Anwar Al-Qahtani praised the program.,"Rossiya Segodnya Director of International Cooperation Vasily Pushkov, Deputy Director of Rossotrudnichestvo Dmitry Polikanov, and Coordinator of Scientific Projects at the Gorchakov Foundation Liana Dymova opened the program.",,"SputnikPro held a series of workshops and events for journalists from Saudi state news agency Saudi Press Agency (SPA), United Arab Emirates national media outlet Emirates News Agency (WAM), Libyan state news agency Libyan News Agency (LANA), Tunisian news agency Tunis Afrique Presse (TAP), Palestinian news agency Ma’an News Agency (MNA), Lebanese news television channel Al Mayadeen, Moroccan newspaper Bayane Al Yaoume, Egyptian state newspaper Al-Akhbar, Algerian newspaper Le Jeune Indépendant, English-language Egyptian newspaper Daily News Egypt, Tunisian news magazine Réalités, and Syrian state television channel Al-Souriya TV in Moscow in September 2023.",Palestinian Territory,"Palestine, State of",PSE,Palestinian Territory,,,06/2026,09/2023,,75,2,In-Person,F,PS,PS,PSE,PSE,,,,31.4353265 N,31.4353265,31.4353265,Moscow,34.3839389 E,34.3839389,34.3839389,,,,272,165,,60,,,,,Ma'an News Agency (MNA),,,,Gaza Strip,,Sputnik ,SputnikPro,5721510055.280273,468529.90005745663,https://fr dot sputniknews.africa/20230926/des-journalistes-du-moyen-orient-et-dafrique-du-nord-participent-a-un-stage-sputnikpro-1062369112.html ; https://ria dot ru/20230926/stazhirovka-1898637188.html ,2,Palestine,Gaza Strip,,,,"스푸트니크프로는 2023년 9월 모스크바에서 사우디 국영 통신사 SPA, 아랍에미리트 국영 매체 에미리트 통신사(WAM), 리비아 국영 통신사(LANA), 튀니지 통신사(TAP), 팔레스타인 통신사(MNA), 레바논 뉴스 TV 채널 알마야딘(Al Mayadeen), 모로코 신문 바야네 알 야움(Bayane Al Yaoume), 이집트 국영 신문 알아크바르(Al-Akhbar), 알제리 신문 르 주느 앵디페당(Le Jeune Indépendant), 이집트 영자신문 데일리 뉴스 이집트(Daily News Egypt), 튀니지 뉴스 잡지 레알리테(Réalités), 시리아 국영 TV 채널 알수리야 TV(Al-Souriya TV) 소속 언론인을 대상으로 일련의 워크숍과 행사를 진행했다.",보도에 따르면 12명이 참석했다. 레바논 언론인 카림 샤라라(Karim Charara)와 사우디 언론인 안와르 알카타니(Anwar Al-Qahtani)는 해당 프로그램을 높이 평가했다.,"로시야 세고드냐 국제협력국장 바실리 푸시코프, 로스소트루드니체스트보 부청장 드미트리 폴리카노프(Dmitry Polikanov), 고르차코프 재단 과학 프로젝트 코디네이터 리아나 디모바(Liana Dymova)가 프로그램 개회식을 진행했다.",팔레스타인 지역,팔레스타인,,,가자지구,팔레스타인,가자지구,모스크바,스푸트니크,스푸트니크프로,대면,러시아 국영 매체 교육 행사
67,Russian State Media Training Events,PS,T,Vice Dean for Quality Assurance and Strategic Planning at Al-Azhar University Dr. Tamer Abu Foul delivered opening remarks.,Acting Head of Sputnik’s Arabic Editorial Department Karina Mhanna and Chief Editor of Sputnik Arabic Wasim Suliman delivered the workshop.,,"SputnikPro held a workshop on using AI for content creation, data analysis, and information verification for Al-Azhar University in Gaza in May 2026.",Palestinian Territory,"Palestine, State of",PSE,Palestinian Territory,,,06/2026,05/2026,,22,2,Virtual,T,PS,PS,PSE,PSE,,,,31.4353265 N,31.4353265,31.4353265,,34.3839389 E,34.3839389,34.3839389,,,,273,166,,60,,,,,Al-Azhar University,,,,Gaza Strip,,Sputnik ,SputnikPro,5721510055.280273,468529.90005745663,https ://sputnikglobe dot com/20260529/gaza-strip-joins-sputnikpro-1124212807.html ; https://embassylife dot ru/en/2026/06/03/82593/ ; https://easternherald dot com/2026/06/03/sputnikpro-workshop-al-azhar-university-gaza-strip/,2,Gaza Strip,Gaza Strip,,,,"스푸트니크프로는 2026년 5월 가자지구 알 아즈하르대학교에서 콘텐츠 제작, 데이터 분석, 정보 검증에 AI를 활용하는 방법에 관한 워크숍을 진행했다.",알 아즈하르대학교 품질보증·전략기획 담당 부학장 타메르 아부 풀(Tamer Abu Foul) 박사가 개회사를 했다.,스푸트니크 아랍어 편집부장 직무대행 카리나 마나(Karina Mhanna)와 스푸트니크 아랍어 수석 편집자 와심 술리만(Wasim Suliman)이 워크숍을 진행했다.,팔레스타인 지역,팔레스타인,,,가자지구,가자지구,가자지구,,스푸트니크,스푸트니크프로,온라인,러시아 국영 매체 교육 행사
67,Russian State Media Training Events,PA,,,,,,Panama,Panama,,Panama,,,,,,,,,,PA,,,,,,,,,,,,,,,,,274,,,173,,,,,,,,,,,,,61170222233.40283,2521592.3497215835,,,,,,,,,,,파나마,파나마,,,,,,,,,,러시아 국영 매체 교육 행사
67,Russian State Media Training Events,PG,,,,,,Papua New Guinea,Papua New Guinea,,Papua New Guinea,,,,,,,,,,PG,,,,,,,,,,,,,,,,,275,,,174,,,,,,,,,,,,,380302358072.4955,8827254.954350205,,,,,,,,,,,파푸아뉴기니,파푸아뉴기니,,,,,,,,,,러시아 국영 매체 교육 행사
67,Russian State Media Training Events,PY,,,,,,Paraguay,Paraguay,,Paraguay,,,,,,,,,,PY,,,,,,,,,,,,,,,,,276,,,175,,,,,,,,,,,,,346532502806.67285,3071453.904592271,,,,,,,,,,,파라과이,파라과이,,,,,,,,,,러시아 국영 매체 교육 행사
67,Russian State Media Training Events,PE,F,Director of the National University of Ucayali School of Communications Jenny Marcela Falcon and Latina Noticias journalist Jose Alvan praised the masterclass.,Head of the Sputnik hub in Montevideo Oleg Vyazmitinov led the masterclass.,,SputnikPro held a masterclass on international media trends for students of the National University of Ucayali in Peru in May 2023.,Peru,Peru,PER,Peru,,,06/2026,05/2023,,33,2,Virtual,F,PE,PE,PER,PER,,,,9.4122559 S ,-9.4122559,-9.4122559,,75.9016538 W,-75.9016538,-75.9016538,,,,277,160,,58,,,,,National University of Ucayali (UNU),,,,Peru,,Sputnik ,SputnikPro,1068660948080.189,6920101.351146689,https ://xn--c1acbl2abdlkab1og dot xn--p1ai/20230531/489391.html ; https://noticiaslatam dot lat/20230531/la-mayor-universidad-regional-del-peru-se-une-a-sputnikpro-1140110364.html ,2,Peru,Peru,,,,스푸트니크프로는 2023년 5월 페루 우카얄리국립대학교(National University of Ucayali) 학생들을 대상으로 국제 미디어 동향에 관한 마스터클래스를 진행했다.,우카얄리국립대학교 커뮤니케이션대학장 제니 마르셀라 팔콘(Jenny Marcela Falcon)과 라티나 노티시아스(Latina Noticias) 기자 호세 알반(Jose Alvan)은 마스터클래스를 높이 평가했다.,몬테비데오市 스푸트니크 거점 책임자 올레그 뱌즈미티노프가 마스터클래스를 진행했다.,페루,페루,,,페루,페루,페루,,스푸트니크,스푸트니크프로,온라인,러시아 국영 매체 교육 행사
67,Russian State Media Training Events,PE,F,,Rossiya Segodnya Director of International Cooperation Vasily Pushkov and Gorchakov Fund Deputy Executive Director Sergey Orlov met with program participants. ,,"SputnikPro held a series of workshops and visits of cultural sites in Moscow for journalists from Argentine newspapers Ámbito Financiero and Página 12, Bolivian newspaper Visión 360, Brazilian news website Brasil 247, Colombian newspaper El Espectador, Dominican newspaper Listín Diario, Ecuadorean state media conglomerate Empresa Pública de Comunicación del Ecuador and Ecuadorean radio station Exa FM, Mexican news website Sin Línea, and Peruvian state news agency Agencia Peruana de Noticias Andina in October 2025. ",Peru,Peru,PER,Peru,,,06/2026,10/2025,,7,2,In-Person,T,PE,PE,PER,PER,,,,9.4122559 S ,-9.4122559,-9.4122559,Moscow,75.9016538 W,-75.9016538,-75.9016538,,,,278,161,,58,,,,,Andina,,,,Peru,,Sputnik ,SputnikPro,1068660948080.189,6920101.351146689,https ://noticiaslatam dot lat/20251002/1167101023.html ; https://ria dot ru/20251001/stazhirovka-2045675688.html ; https://interussia dot com/journalism_en/tpost/k8uu3viem1-fellowship-for-latin-american-journalist ,2,Peru,Peru,,,,"스푸트니크프로는 2025년 10월 아르헨티나 신문 암비토 피난시에로(Ámbito Financiero)와 파히나 12(Página 12), 볼리비아 신문 비시온 360(Visión 360), 브라질 뉴스 웹사이트 브라질 247(Brasil 247), 콜롬비아 신문 엘 에스펙타도르(El Espectador), 도미니카공화국 신문 리스트ín 디아리오(Listín Diario), 에콰도르 국영 미디어 그룹 에콰도르 공공커뮤니케이션공사 및 라디오 방송국 엑사 FM(Exa FM), 멕시코 뉴스 웹사이트 신 리네아(Sin Línea), 페루 국영 통신사 안디나(Agencia Peruana de Noticias Andina) 소속 언론인을 대상으로 모스크바에서 일련의 워크숍과 문화유적 방문 행사를 진행했다.",,로시야 세고드냐 국제협력국장 바실리 푸시코프와 고르차코프 기금 부집행이사 세르게이 오를로프(Sergey Orlov)가 프로그램 참가자들과 만났다.,페루,페루,,,페루,페루,페루,모스크바,스푸트니크,스푸트니크프로,대면,러시아 국영 매체 교육 행사
67,Russian State Media Training Events,PH,F,Coordinator of the undergraduate educational program and director of the Center for Journalism at New Era University Meloy Maluntag thanked Sputnik for the training.,Senior Editor of the Visual Projects Service at Sputnik's United Photo Information Directorate Ekaterina Volkova and Rossiya Segodnya Editor of the Center for Innovative Journalism Daria Yurchenko led the masterclass.,,SputnikPro held a masterclass on visual content creation for New Era University in the Philippines in April 2025.,Philippines,Philippines,PHL,Philippines,,,07/2026,04/2025,,92,3,Virtual,F,PH,PH,PHL,PHL,,,,11.8553671 N ,11.8553671,11.8553671,,122.8296976 E ,122.8296976,122.8296976,,,,279,162,,59,,,,,New Era University (NEU),1,,,Philippines,,Sputnik ,SputnikPro,243313631306.07178,13265781.776474835,https ://xn--c1acbl2abdlkab1og dot xn--p1ai/20250424/681281.html,2,Philippines,Philippines,,,,스푸트니크프로는 2025년 4월 필리핀 뉴에라대학교(New Era University)에서 시각 콘텐츠 제작에 관한 마스터클래스를 진행했다.,뉴에라대학교 학부 교육과정 코디네이터 겸 저널리즘센터장 멜로이 말룬타그(Meloy Maluntag)는 연수에 대해 스푸트니크에 감사를 표했다.,스푸트니크 통합사진정보국 시각 프로젝트 서비스 선임 편집자 예카테리나 볼코바(Ekaterina Volkova)와 로시야 세고드냐 혁신저널리즘센터 편집자 다리야 유르첸코(Daria Yurchenko)가 마스터클래스를 진행했다.,필리핀,필리핀,,,필리핀,필리핀,필리핀,,스푸트니크,스푸트니크프로,온라인,러시아 국영 매체 교육 행사
67,Russian State Media Training Events,PH,F,RT claimed that over 500 participants joined the workshops.,,,"RT Academy held a series of media workshops on news coverage, the use of AI in journalism, and video content creation for students from Indonesia, the Philippines, Malaysia, Cambodia, Thailand, and South Korea in Jakarta, Indonesia, in December 2025.",Philippines,Philippines,PHL,Philippines,,,06/2026,12/2025,,48,3,In-Person,T,PH,PH,PHL,PHL,,,,11.8553671 N ,11.8553671,11.8553671,Jakarta,122.8296976 E ,122.8296976,122.8296976,,,,280,163,,59,,,,,,1,,,Philippines,,RT,RT Academy,243313631306.07178,13265781.776474835,https ://academy dot rt.com/rt-academy-trains-journalists-in-indonesian-capital.html ; https://rs dot gov dot ru/en/news/na-ploshhadke-russkogo-doma-v-dzhakarte-proshla-akademiya-rt-dlya-indonezijskih-zhurnalistov/ ; kyivindependent dot com/teaching-journalism-the-russian-way-how-rt-academy-spreads-propaganda-in-global-south/,2,Philippines,Philippines,,,,"RT 아카데미는 2025년 12월 인도네시아 자카르타에서 인도네시아, 필리핀, 말레이시아, 캄보디아, 태국, 한국 출신 학생들을 대상으로 뉴스 보도, 저널리즘 분야의 AI 활용, 영상 콘텐츠 제작에 관한 일련의 미디어 워크숍을 진행했다.",RT는 워크숍 참가자가 500명을 넘었다고 주장했다.,,필리핀,필리핀,,,필리핀,필리핀,필리핀,자카르타,RT,RT 아카데미,대면,러시아 국영 매체 교육 행사
67,Russian State Media Training Events,PH,T,New Era University Dean of the College of Communication Dr. Monalice Aguilar thanked Sputnik for the workshop and claimed that the workshop showed how AI can assist journalistic work without replacing it.,Senior social media editor at Sputnik’s Foreign Language News Production Denis Lukyanov led the workshop.,,SputnikPro held a workshop on radio progamming and the use of AI in content creation for students of the New Era University in the Philippines in May 2026.,Philippines,Philippines,PHL,Philippines,,,06/2026,05/2026,,34,3,Virtual,T,PH,PH,PHL,PHL,,,,11.8553671 N ,11.8553671,11.8553671,,122.8296976 E ,122.8296976,122.8296976,,,,281,164,,59,,,,,New Era University (NEU),1,,,Philippines,,Sputnik ,SputnikPro,243313631306.07178,13265781.776474835,https ://sputnikglobe dot com/20260519/sputnikpro-maintains-engagement-with-new-era-university-1124151338.html ; https://россиясегодня dot рф/20260519/781431.html ,2,Philippines,Philippines,,,,스푸트니크프로는 2026년 5월 필리핀 뉴에라대학교 학생들을 대상으로 라디오 프로그램 편성 및 콘텐츠 제작에 AI를 활용하는 방법에 관한 마스터클래스를 진행했다.,"뉴에라대학교 커뮤니케이션대학 학장 모날리스 아길라르(Monalice Aguilar) 박사는 워크숍에 대해 스푸트니크에 감사를 표하고, AI가 언론인의 업무를 대체하지 않으면서 지원할 수 있음을 보여줬다고 주장했다.",스푸트니크 외국어 뉴스제작부 선임 소셜미디어 편집자 데니스 루키야노프가 워크숍을 진행했다.,필리핀,필리핀,,,필리핀,필리핀,필리핀,,스푸트니크,스푸트니크프로,온라인,러시아 국영 매체 교육 행사
67,Russian State Media Training Events,GB,,,,,,Pitcairn,United Kingdom,,Pitcairn,,,,,,,,,,PN,,,,,,,,,,,,,,,,,282,,,178,,,,,,,,,,,,,42090190.626953125,35140.04576305466,,,,,,,,,,,핏케언 제도,영국,,,,,,,,,,러시아 국영 매체 교육 행사
67,Russian State Media Training Events,PL,,,,,,Poland,Poland,,Poland,,,,,,,,,,PL,,,,,,,,,,,,,,,,,283,,,179,,,,,,,,,,,,,337626808750.8037,3105299.6921346732,,,,,,,,,,,폴란드,폴란드,,,,,,,,,,러시아 국영 매체 교육 행사
67,Russian State Media Training Events,PT,,,,,,Portugal,Portugal,,Portugal,,,,,,,,,,PT,,,,,,,,,,,,,,,,,284,,,180,,,,,,,,,,,,,86022437698.1643,1895893.0530012879,,,,,,,,,,,포르투갈,포르투갈,,,,,,,,,,러시아 국영 매체 교육 행사
67,Russian State Media Training Events,US,,,,,,Puerto Rico,United States,,Puerto Rico,,,,,,,,,,PR,,,,,,,,,,,,,,,,,285,,,181,,,,,,,,,,,,,7761479666.771484,462355.6918666112,,,,,,,,,,,푸에르토리코,미국,,,,,,,,,,러시아 국영 매체 교육 행사
67,Russian State Media Training Events,QA,,,,,,Qatar,Qatar,,Qatar,,,,,,,,,,QA,,,,,,,,,,,,,,,,,286,,,182,,,,,,,,,,,,,9751998832.114258,487181.75979241147,,,,,,,,,,,카타르,카타르,,,,,,,,,,러시아 국영 매체 교육 행사
67,Russian State Media Training Events,FR,,,,,,Réunion,France,,Réunion,,,,,,,,,,RE,,,,,,,,,,,,,,,,,287,,,183,,,,,,,,,,,,,2270180340.904297,177257.749503455,,,,,,,,,,,레위니옹,프랑스,,,,,,,,,,러시아 국영 매체 교육 행사
67,Russian State Media Training Events,RO,,,,,,Romania,Romania,,Romania,,,,,,,,,,RO,,,,,,,,,,,,,,,,,288,,,184,,,,,,,,,,,,,242390692640.19238,2652657.394585682,,,,,,,,,,,루마니아,루마니아,,,,,,,,,,러시아 국영 매체 교육 행사
67,Russian State Media Training Events,RU,,,,,,Russian Federation,Russian Federation,,Russian Federation,,,,,,,,,,RU,,,,,,,,,,,,,,,,,289,,,185,,,,,,,,,,,,,20721845615581.21,119301292.59559552,,,,,,,,,,,러시아,러시아,,,,,,,,,,러시아 국영 매체 교육 행사
67,Russian State Media Training Events,RW,F,,"Director of the International Cooperation Directorate and RT Media Group Vasily Pushkov, Deputy Executive Director of the Gorchakov Fund Sergey Orlov, Rossotrudnichestvo representative Elena Litvichenko",,"InteRussia held a fellowship program for journalists from Burundi, Zambia, Cameroon, Kenya, Mozambique, Rwanda, Senegal, Somalia, and Uganda in July 2026.",Rwanda,Rwanda,RWA,Rwanda,,,07/2026,07/2026,,105,1,In-Person,T,RW,RW,RWA,RWA,1,,,1.9943226 S ,-1.9943226,-1.9943226,Moscow,29.9365641 E,29.9365641,29.9365641,,,,290,167,,61,,,,,,,,,Rwanda,,Gorchakov Fund,InteRussia,20596869253.79239,723912.5854028384,https ://t.me/interussia_programme/1817,,Rwanda,Rwanda,,,,"인테르러시아는 2026년 7월 부룬디, 잠비아, 카메룬, 케냐, 모잠비크, 르완다, 세네갈, 소말리아, 우간다 출신 언론인을 대상으로 펠로십 프로그램을 진행했다.",,"국제협력국장 겸 RT 미디어 그룹 소속 바실리 푸시코프, 고르차코프 기금 부집행이사 세르게이 오를로프, 로스소트루드니체스트보 대표 엘레나 리트비첸코(Elena Litvichenko)가 참석했다.",르완다,르완다,,,르완다,르완다,르완다,모스크바,고르차코프 기금,인테르러시아,대면,러시아 국영 매체 교육 행사
67,Russian State Media Training Events,NL,,,,,,Saba,Netherlands,,Saba,,,,,,,,,,BQ,,,,,,,,,,,,,,,,,291,,,187,,,,,,,,,,,,,11971007.830078125,13134.405648682068,,,,,,,,,,,사바,네덜란드,,,,,,,,,,러시아 국영 매체 교육 행사
67,Russian State Media Training Events,FR,,,,,,Saint Barthelemy,France,,Saint Barthelemy,,,,,,,,,,BL,,,,,,,,,,,,,,,,,292,,,188,,,,,,,,,,,,,19654049.32421875,22716.76548583802,,,,,,,,,,,생바르텔레미,프랑스,,,,,,,,,,러시아 국영 매체 교육 행사
67,Russian State Media Training Events,NL,,,,,,Saint Eustatius,Netherlands,,Saint Eustatius,,,,,,,,,,BQ,,,,,,,,,,,,,,,,,293,,,189,,,,,,,,,,,,,20263162.713867188,19368.504657622318,,,,,,,,,,,신트외스타티위스,네덜란드,,,,,,,,,,러시아 국영 매체 교육 행사
67,Russian State Media Training Events,GB,,,,,,Saint Helena,United Kingdom,,Saint Helena,,,,,,,,,,SH,,,,,,,,,,,,,,,,,294,,,190,,,,,,,,,,,,,109789355.01330566,41485.17919652129,,,,,,,,,,,세인트헬레나,영국,,,,,,,,,,러시아 국영 매체 교육 행사
67,Russian State Media Training Events,KN,,,,,,Saint Kitts and Nevis,Saint Kitts and Nevis,,Saint Kitts and Nevis,,,,,,,,,,KN,,,,,,,,,,,,,,,,,295,,,191,,,,,,,,,,,,,165397187.7158203,64674.47022622972,,,,,,,,,,,세인트키츠 네비스,세인트키츠 네비스,,,,,,,,,,러시아 국영 매체 교육 행사
67,Russian State Media Training Events,LC,,,,,,Saint Lucia,Saint Lucia,,Saint Lucia,,,,,,,,,,LC,,,,,,,,,,,,,,,,,296,,,192,,,,,,,,,,,,,530994324.17333984,99272.58617109257,,,,,,,,,,,세인트루시아,세인트루시아,,,,,,,,,,러시아 국영 매체 교육 행사
67,Russian State Media Training Events,FR,,,,,,Saint Martin,France,,Saint Martin,,,,,,,,,,MF,,,,,,,,,,,,,,,,,297,,,193,,,,,,,,,,,,,45924265.16894531,40088.094029110805,,,,,,,,,,,생마르탱,프랑스,,,,,,,,,,러시아 국영 매체 교육 행사
67,Russian State Media Training Events,FR,,,,,,Saint Pierre and Miquelon,France,,Saint Pierre and Miquelon,,,,,,,,,,PM,,,,,,,,,,,,,,,,,298,,,194,,,,,,,,,,,,,263159171.01171875,129559.87173057397,,,,,,,,,,,생피에르 미클롱,프랑스,,,,,,,,,,러시아 국영 매체 교육 행사
67,Russian State Media Training Events,VC,,,,,,Saint Vincent and the Grenadines,Saint Vincent and the Grenadines,,Saint Vincent and the Grenadines,,,,,,,,,,VC,,,,,,,,,,,,,,,,,299,,,195,,,,,,,,,,,,,285527922.74365234,66952.10264458811,,,,,,,,,,,세인트빈센트그레나딘,세인트빈센트그레나딘,,,,,,,,,,러시아 국영 매체 교육 행사
67,Russian State Media Training Events,WS,,,,,,Samoa,Samoa,,Samoa,,,,,,,,,,WS,,,,,,,,,,,,,,,,,300,,,196,,,,,,,,,,,,,2454440442.470703,302559.43228321464,,,,,,,,,,,사모아,사모아,,,,,,,,,,러시아 국영 매체 교육 행사
67,Russian State Media Training Events,SM,,,,,,San Marino,San Marino,,San Marino,,,,,,,,,,SM,,,,,,,,,,,,,,,,,301,,,197,,,,,,,,,,,,,60195724.73535156,29448.09254175648,,,,,,,,,,,산마리노,산마리노,,,,,,,,,,러시아 국영 매체 교육 행사
67,Russian State Media Training Events,ST,,,,,,Sao Tome and Principe,São Tomé and Príncipe,,Sao Tome and Principe,,,,,,,,,,ST,,,,,,,,,,,,,,,,,302,,,198,,,,,,,,,,,,,935498178.4340897,155800.60233601785,,,,,,,,,,,상투메 프린시페,상투메 프린시페,,,,,,,,,,러시아 국영 매체 교육 행사
67,Russian State Media Training Events,SA,F,12 reportedly attended. Lebanese journalist Karim Charara and Saudi journalist Anwar Al-Qahtani praised the program.,"Rossiya Segodnya Director of International Cooperation Vasily Pushkov, Deputy Director of Rossotrudnichestvo Dmitry Polikanov, and Coordinator of Scientific Projects at the Gorchakov Foundation Liana Dymova opened the program.",,"SputnikPro held a series of workshops and events for journalists from Saudi state news agency Saudi Press Agency (SPA), United Arab Emirates national media outlet Emirates News Agency (WAM), Libyan state news agency Libyan News Agency (LANA), Tunisian news agency Tunis Afrique Presse (TAP), Palestinian news agency Ma’an News Agency (MNA), Lebanese news television channel Al Mayadeen, Moroccan newspaper Bayane Al Yaoume, Egyptian state newspaper Al-Akhbar, Algerian newspaper Le Jeune Indépendant, English-language Egyptian newspaper Daily News Egypt, Tunisian news magazine Réalités, and Syrian state television channel Al-Souriya TV in Moscow in September 2023.",Saudi Arabia,Saudi Arabia,SAU,Saudi Arabia,,,06/2026,09/2023,,75,1,In-Person,F,SA,SA,SAU,SAU,,,,24.163773 N,24.163773,24.163773,Moscow,44.29873 E,44.29873,44.29873,,,,303,168,,62,,,,,Saudi Press Agency (SPA),,,,Saudi Arabia,,Sputnik ,SputnikPro,1681738517933.4238,6767347.89326944,https://fr dot sputniknews.africa/20230926/des-journalistes-du-moyen-orient-et-dafrique-du-nord-participent-a-un-stage-sputnikpro-1062369112.html ; https://ria dot ru/20230926/stazhirovka-1898637188.html ,1,Saudi Arabia,Saudi Arabia,,,,"스푸트니크프로는 2023년 9월 모스크바에서 사우디 국영 통신사 SPA, 아랍에미리트 국영 매체 에미리트 통신사(WAM), 리비아 국영 통신사(LANA), 튀니지 통신사(TAP), 팔레스타인 통신사(MNA), 레바논 뉴스 TV 채널 알마야딘(Al Mayadeen), 모로코 신문 바야네 알 야움(Bayane Al Yaoume), 이집트 국영 신문 알아크바르(Al-Akhbar), 알제리 신문 르 주느 앵디페당(Le Jeune Indépendant), 이집트 영자신문 데일리 뉴스 이집트(Daily News Egypt), 튀니지 뉴스 잡지 레알리테(Réalités), 시리아 국영 TV 채널 알수리야 TV(Al-Souriya TV) 소속 언론인을 대상으로 일련의 워크숍과 행사를 진행했다.",보도에 따르면 12명이 참석했다. 레바논 언론인 카림 샤라라(Karim Charara)와 사우디 언론인 안와르 알카타니(Anwar Al-Qahtani)는 해당 프로그램을 높이 평가했다.,"로시야 세고드냐 국제협력국장 바실리 푸시코프, 로스소트루드니체스트보 부청장 드미트리 폴리카노프(Dmitry Polikanov), 고르차코프 재단 과학 프로젝트 코디네이터 리아나 디모바(Liana Dymova)가 프로그램 개회식을 진행했다.",사우디아라비아,사우디아라비아,,,사우디아라비아,사우디아라비아,사우디아라비아,모스크바,스푸트니크,스푸트니크프로,대면,러시아 국영 매체 교육 행사
67,Russian State Media Training Events,SN,F,,,,"RT Academy announced the second cohort of students for the African course in November 2025, which contained students from more than 20 African countries, including Burkina Faso, Cameroon, Congo, Democratic Republic of Congo, Ethiopia, Ghana, Kenya, Mali, Niger, Senegal, Sudan, and Uganda.",Senegal,Senegal,SEN,Senegal,,,06/2026,11/2025,,77,4,Virtual,T,SN,SN,SEN,SEN,1,,,14.222847 N,14.222847,14.222847,,14.273897 W,-14.273897,-14.273897,,,,304,171,,64,,,,,,3,,,Senegal,,RT,RT Academy,164096688591.05627,3053448.7762438348,https ://t.me/RTschool/3298 ; https ://t.me/RTschool/3352  ,,Senegal,Senegal,,,,"RT 아카데미는 2025년 11월 아프리카 과정 2기 수강생을 발표했다. 수강생은 부르키나파소, 카메룬, 콩고, 콩고민주공화국, 에티오피아, 가나, 케냐, 말리, 니제르, 세네갈, 수단, 우간다 등 아프리카 20여 개국 출신이었다.",,,세네갈,세네갈,,,세네갈,세네갈,세네갈,,RT,RT 아카데미,온라인,러시아 국영 매체 교육 행사
67,Russian State Media Training Events,SN,F,,"RT French head Natalia Lebedeva, RT deputy Editor-in-Chief Alexei Nikolov, and RT Head of Educational Projects Anna Kovtunova attended the workshop. RT French Editor-in-Chief Arseny Samsonov, RT French correspondent Daria Vaganova, RT French presenters Oleg Shommer and Amin Tutakh, RT French producer Anton Shamkov, and RT International correspondents Igor Zhdanov and Rory Suchet spoke to students during the workshop.",,"RT Academy, RT Africa, and RT en français held a two-day journalism training workshop for journalists from Senegal, Madagascar, Cameroon, Namibia, Algeria, Côte d'Ivoire, Tunisia, Benin and The Gambia in March 2026.",Senegal,Senegal,SEN,Senegal,,,06/2026,03/2026,,3,4,In-Person,T,SN,SN,SEN,SEN,1,,,14.222847 N,14.222847,14.222847,Moscow,14.273897 W,-14.273897,-14.273897,,,,305,172,,64,,,,,,3,,,Senegal,,RT,RT Academy,164096688591.05627,3053448.7762438348,https ://t.me/RTschool/3908 ; https://school dot rt.com/news/233-laureaty-aub-media-awards-2025-premiya-afrikanskogo-veshatelnogo-soyuza-iz-afriki-posetili-rt-academy-v-moskve ,,Senegal,Senegal,,,,"RT 아카데미, RT 아프리카, RT 프랑스어 채널은 2026년 3월 세네갈, 마다가스카르, 카메룬, 나미비아, 알제리, 코트디부아르, 튀니지, 베냉, 감비아 출신 언론인을 대상으로 이틀간 언론 연수 워크숍을 개최했다.",,"워크숍에는 RT 프랑스어 채널 책임자 나탈리아 레베데바(Natalia Lebedeva), RT 부편집장 알렉세이 니콜로프(Alexei Nikolov), RT 교육 프로젝트 책임자 안나 코브투노바(Anna Kovtunova)가 참석했다. RT 프랑스어 채널 편집장 아르세니 삼소노프(Arseny Samsonov), RT 프랑스어 채널 특파원 다리아 바가노바(Daria Vaganova), RT 프랑스어 채널 진행자 올레그 쇼머(Oleg Shommer)와 아민 투타크(Amin Tutakh), RT 프랑스어 채널 프로듀서 안톤 샴코프(Anton Shamkov), RT 인터내셔널 특파원 이고리 즈다노프(Igor Zhdanov)와 로리 수셰(Rory Suchet)가 워크숍에서 수강생들을 대상으로 강연했다.",세네갈,세네갈,,,세네갈,세네갈,세네갈,모스크바,RT,RT 아카데미,대면,러시아 국영 매체 교육 행사
67,Russian State Media Training Events,SN,F,,"Director of the International Cooperation Directorate and RT Media Group Vasily Pushkov, Deputy Executive Director of the Gorchakov Fund Sergey Orlov, Rossotrudnichestvo representative Elena Litvichenko",,"InteRussia held a fellowship program for journalists from Burundi, Zambia, Cameroon, Kenya, Mozambique, Rwanda, Senegal, Somalia, and Uganda in July 2026.",Senegal,Senegal,SEN,Senegal,,,07/2026,07/2026,,105,4,In-Person,T,SN,SN,SEN,SEN,1,,,14.222847 N,14.222847,14.222847,Moscow,14.273897 W,-14.273897,-14.273897,,,,306,173,,64,,,,,,3,,,Senegal,,Gorchakov Fund,InteRussia,164096688591.05627,3053448.7762438348,https ://t.me/interussia_programme/1817,,Senegal,Senegal,,,,"인테르러시아는 2026년 7월 부룬디, 잠비아, 카메룬, 케냐, 모잠비크, 르완다, 세네갈, 소말리아, 우간다 출신 언론인을 대상으로 펠로십 프로그램을 진행했다.",,"국제협력국장 겸 RT 미디어 그룹 소속 바실리 푸시코프, 고르차코프 기금 부집행이사 세르게이 오를로프, 로스소트루드니체스트보 대표 엘레나 리트비첸코(Elena Litvichenko)가 참석했다.",세네갈,세네갈,,,세네갈,세네갈,세네갈,모스크바,고르차코프 기금,인테르러시아,대면,러시아 국영 매체 교육 행사
67,Russian State Media Training Events,SN,F,Participants received certificates upon completing the workshop. RT organized the workshop in cooperation with Senegalese state media company Maison de la Presse.,RT French correspondent Igor Kurashenko led the workshop.,,"RT Academy held a media training workshop for journalists in Dakar, Senegal, in November 2025.",Senegal,Senegal,SEN,Senegal,,,06/2026,11/2025,,35,4,In-Person,T,SN,SN,SEN,SEN,1,,,14.222847 N,14.222847,14.222847,Dakar,14.273897 W,-14.273897,-14.273897,,,,307,174,,64,,,,,,3,,,Senegal,,RT,RT Academy,164096688591.05627,3053448.7762438348,https ://academy dot rt.com/rt-academy-in-senegal-a-journalism-workshop-in-dakar.html ; https://seneweb dot com/fr/news/61/formation-medias-rt-academy-lance-un-atelier-de-partage-dexperience-avec-les-journalistes-senegalais_n_475619.html ,,Senegal,Senegal,,,,RT 아카데미는 2025년 11월 세네갈 다카르市에서 언론인을 대상으로 미디어 연수 워크숍을 진행했다.,참가자들은 워크숍을 수료한 뒤 수료증을 받았다. RT는 세네갈 국영 미디어 기업 메종 드 라 프레스(Maison de la Presse)와 협력해 워크숍을 개최했다.,RT 프랑스어 채널 특파원 이고리 쿠라셴코(Igor Kurashenko)가 워크숍을 진행했다.,세네갈,세네갈,,,세네갈,세네갈,세네갈,다카르,RT,RT 아카데미,대면,러시아 국영 매체 교육 행사
67,Russian State Media Training Events,RS,F,Assistant Professor of the Russian Language at the University of Belgrade’s Faculty of Philology Jelena Ginic praised the workshop.,Rossiya Segodnya Director of Photography Alexander Shtol led the workshop and Head of Promotional Projects Department at Rossiya Segodnya's International Cooperation Directorate Kristina Lyakh moderated.,,"SputnikPro held a workshop on photojournalism, including photojournalism in combat zones, for students of University of Belgrade in Serbia in April 2022.",Serbia,Serbia,SRB,Serbia,,,06/2026,04/2022,,64,2,Virtual,F,RS,RS,SRB,SRB,,,,44.033028 N,44.033028,44.033028,,20.47528 E,20.47528,20.47528,,,,308,177,,67,,,,,University of Belgrade,,1,,Serbia,,Sputnik ,SputnikPro,88648130410.21631,1818328.5699050024,https ://rossiyasegodnya dot com/20220422/245066.html ; https://xn--c1acbl2abdlkab1og dot xn--p1ai/20220422/244937.html ,1,Serbia,Serbia,,,,스푸트니크프로는 2022년 4월 세르비아 베오그라드대학교 학생들을 대상으로 전투 지역 포토저널리즘을 포함한 포토저널리즘 워크숍을 진행했다.,베오그라드대학교 문헌학부 러시아어 조교수 옐레나 기니치(Jelena Ginic)는 워크숍을 높이 평가했다.,"로시야 세고드냐 사진국장 알렉산드르 슈톨(Alexander Shtol)이 워크숍을 진행했으며, 로시야 세고드냐 국제협력국 홍보프로젝트부장 크리스티나 랴흐(Kristina Lyakh)가 사회를 맡았다.",세르비아,세르비아,,,세르비아,세르비아,세르비아,,스푸트니크,스푸트니크프로,온라인,러시아 국영 매체 교육 행사
67,Russian State Media Training Events,RS,F,Reportedly over 250 participants,,,"RT reported that participants from Algeria, Belarus, Brazil, Chile, China, Egypt, France, Germany, India, Italy, Mexico, Moldova, Russia, Serbia, Tajikistan, Turkmenistan, and Uzbekistan joined the 11th cohort of RT School's TV and online journalism course in February 2025.",Serbia,Serbia,SRB,Serbia,,,06/2026,02/2025,,6,2,Virtual,F,RS,RS,SRB,SRB,,,,44.033028 N,44.033028,44.033028,,20.47528 E,20.47528,20.47528,,,,309,178,,67,,,,,,,1,,Serbia,,RT,RT School,88648130410.21631,1818328.5699050024,https ://t.me/RTschool/2149 ; https ://t.me/RTschool/2132 ; https://vk dot com/wall-202529715_4677 ; https://www.instagram.com/p/DIbhtoPMTQg/  ,1,Serbia,Serbia,,,,"RT는 2025년 2월 알제리, 벨라루스, 브라질, 칠레, 중국, 이집트, 프랑스, 독일, 인도, 이탈리아, 멕시코, 몰도바, 러시아, 세르비아, 타지키스탄, 투르크메니스탄, 우즈베키스탄 출신 참가자들이 RT 스쿨의 TV·온라인 저널리즘 과정 제11기에 참여했다고 보도했다.",보도에 따르면 참가자는 250명을 넘었다.,,세르비아,세르비아,,,세르비아,세르비아,세르비아,,RT,RT 스쿨,온라인,러시아 국영 매체 교육 행사
67,Russian State Media Training Events,SC,,,,,,Seychelles,Seychelles,,Seychelles,,,,,,,,,,SC,,,,,,,,,,,,,,,,,310,,,202,,,,,,,,,,,,,310760904.93066406,134937.25484901067,,,,,,,,,,,세이셸,세이셸,,,,,,,,,,러시아 국영 매체 교육 행사
67,Russian State Media Training Events,SL,,,,,,Sierra Leone,Sierra Leone,,Sierra Leone,,,,,,,,,,SL,,,,,,,,,,,,,,,,,311,,,203,,,,,,,,,,,,,59816538353.59668,1376385.9884418084,,,,,,,,,,,시에라리온,시에라리온,,,,,,,,,,러시아 국영 매체 교육 행사
67,Russian State Media Training Events,SG,,,,,,Singapore,Singapore,,Singapore,,,,,,,,,,SG,,,,,,,,,,,,,,,,,312,,,204,,,,,,,,,,,,,451512939.6291504,83805.75888250569,,,,,,,,,,,싱가포르,싱가포르,,,,,,,,,,러시아 국영 매체 교육 행사
67,Russian State Media Training Events,NL,,,,,,Sint Maarten,Netherlands,,Sint Maarten,,,,,,,,,,SX,,,,,,,,,,,,,,,,,313,,,205,,,,,,,,,,,,,36226369.3046875,30474.69077741992,,,,,,,,,,,네덜란드,네덜란드,,,,,,,,,,러시아 국영 매체 교육 행사
67,Russian State Media Training Events,SK,,,,,,Slovakia,Slovakia,,Slovakia,,,,,,,,,,SK,,,,,,,,,,,,,,,,,314,,,206,,,,,,,,,,,,,51326101540.854004,1262370.3887773068,,,,,,,,,,,슬로바키아,슬로바키아,,,,,,,,,,러시아 국영 매체 교육 행사
67,Russian State Media Training Events,SI,,,,,,Slovenia,Slovenia,,Slovenia,,,,,,,,,,SI,,,,,,,,,,,,,,,,,315,,,207,,,,,,,,,,,,,20890825073.59668,888801.3448769706,,,,,,,,,,,슬로베니아,슬로베니아,,,,,,,,,,러시아 국영 매체 교육 행사
67,Russian State Media Training Events,SB,,,,,,Solomon Islands,Solomon Islands,,Solomon Islands,,,,,,,,,,SB,,,,,,,,,,,,,,,,,316,,,208,,,,,,,,,,,,,22285087159.510742,2983052.075202032,,,,,,,,,,,솔로몬 제도,솔로몬 제도,,,,,,,,,,러시아 국영 매체 교육 행사
67,Russian State Media Training Events,SO,F,,"Director of the International Cooperation Directorate and RT Media Group Vasily Pushkov, Deputy Executive Director of the Gorchakov Fund Sergey Orlov, Rossotrudnichestvo representative Elena Litvichenko",,"InteRussia held a fellowship program for journalists from Burundi, Zambia, Cameroon, Kenya, Mozambique, Rwanda, Senegal, Somalia, and Uganda in July 2026.",Somalia,Somalia,SOM,Somalia,,,07/2026,07/2026,,105,1,In-Person,T,SO,SO,SOM,SOM,1,,,5.5021505 N ,5.5021505,5.5021505,Moscow,47.3434115 E,47.3434115,47.3434115,,,,317,176,,66,,,,,,,,,Somalia,,Gorchakov Fund,InteRussia,523765838931.6316,4897764.344871923,https ://t.me/interussia_programme/1817,,Somalia,Somalia,,,,"인테르러시아는 2026년 7월 부룬디, 잠비아, 카메룬, 케냐, 모잠비크, 르완다, 세네갈, 소말리아, 우간다 출신 언론인을 대상으로 펠로십 프로그램을 진행했다.",,"국제협력국장 겸 RT 미디어 그룹 소속 바실리 푸시코프, 고르차코프 기금 부집행이사 세르게이 오를로프, 로스소트루드니체스트보 대표 엘레나 리트비첸코(Elena Litvichenko)가 참석했다.",소말리아,소말리아,,,소말리아,소말리아,소말리아,모스크바,고르차코프 기금,인테르러시아,대면,러시아 국영 매체 교육 행사
67,Russian State Media Training Events,ZA,F,Reportedly 15 journalists ,"Rossiya Segodnya Director of International Cooperation Vasily Pushkov noted that this was the first in-person session of SputnikPro for African students since the COVID-19 pandemic and claimed that it marked the restoration of “full-fledged, direct dialogue between Russia and African nations.” ",,"SputnikPro held a week-long series of lectures and workshops in Moscow for African journalists, including correspondents and producers from Ethiopian state news agency Ethiopian News Agency (ENA), Kenyan state media organization Kenyan Broadcasting Corporation (KBC), Nigerian state news agency News Agency of Nigeria (NAN), South African multi-platform content company Independent Media, Namibian public broadcaster Namibian Broadcasting Corporation (NBC), Zambian state newspaper Zambia Daily Mail, Tunisian radio station Radio Sabra FM, Ugandan English-language daily newspaper New Vision, and Cameroonian state radio and television broadcasting company Cameroon Radio Television (CRTV), in October 2022.",South Africa,South Africa,ZAF,South Africa,,,06/2026,10/2022,,15,3,In-Person,F,ZA,ZA,ZAF,ZAF,,,,29.074753 S,-29.074753,-29.074753,Moscow,25.021896 E,25.021896,25.021896,,,,318,217,,82,,,,,Independent Media,,,,South Africa,,Sputnik ,SputnikPro,1097488948463.0591,6788301.745381769,https ://sputnikglobe dot com/20221019/journalists-from-leading-african-media-outlets-join-sputnikpro-project-in-moscow-1102077086.html ; https://rossiyasegodnya dot com/20221018/314836.html ; https ://newsnowonline dot com dot ng/2022/10/20/african-journalists-in-moscow-for-training/,3,South Africa,South Africa,,,,"스푸트니크프로는 2022년 10월 모스크바에서 아프리카 언론인을 대상으로 일주일간 강연과 워크숍을 진행했다. 참가자는 에티오피아 국영 통신사 에티오피아 통신사(ENA), 케냐 국영 매체 케냐 방송공사(KBC), 나이지리아 국영 통신사 나이지리아 통신사(NAN), 남아프리카공화국 멀티플랫폼 콘텐츠 기업 인디펜던트 미디어(Independent Media), 나미비아 공영 방송사 나미비아 방송공사(NBC), 잠비아 국영 신문 잠비아 데일리 메일(Zambia Daily Mail), 튀니지 라디오 방송국 라디오 사브라 FM(Radio Sabra FM), 우간다 영자 일간지 뉴비전(New Vision), 카메룬 국영 라디오·텔레비전 방송사 카메룬 라디오 텔레비전(CRTV)의 특파원과 프로듀서 등이었다.",보도에 따르면 언론인 15명이 참석했다.,로시야 세고드냐 국제협력국장 바실리 푸시코프는 이번 행사가 코로나19 팬데믹 이후 아프리카 학생들을 대상으로 열린 스푸트니크프로의 첫 대면 세션이라고 언급했다. 그는 이번 행사가 ‘러시아와 아프리카 국가 간 온전하고 직접적인 대화’의 복원을 의미한다고 주장했다.,남아프리카,남아프리카,,,남아프리카,남아프리카,남아프리카,모스크바,스푸트니크,스푸트니크프로,대면,러시아 국영 매체 교육 행사
67,Russian State Media Training Events,ZA,F,Associate Professor of Communications at the University of Johannesburg Edmae Mae praised the class.,Rossiya Segodnya Director of International Cooperation Vasily Pushkov and Rossiya Segodnya adviser Oleg Dmitriev led the class.,,SputnikPro held a masterclass on global media trends and the use of AI in media for students of University of Johannesburg in South Africa in April 2023.,South Africa,South Africa,ZAF,South Africa,,,06/2026,04/2023,,36,3,Virtual,F,ZA,ZA,ZAF,ZAF,,,,29.074753 S,-29.074753,-29.074753,,25.021896 E,25.021896,25.021896,,,,319,218,,82,,,,,University of Johannesburg (UJ),,,,South Africa,,Sputnik ,SputnikPro,1097488948463.0591,6788301.745381769,https ://xn--c1acbl2abdlkab1og dot xn--p1ai/20230421/473886.html ; https://ria dot ru/20230421/universitet-1866960325.html ,3,South Africa,South Africa,,,,스푸트니크프로는 2023년 4월 남아프리카공화국 요하네스버그대학교 학생들을 대상으로 세계 미디어 동향 및 미디어 분야의 AI 활용에 관한 마스터클래스를 진행했다.,요하네스버그대학교 커뮤니케이션학과 부교수 에드메 메(Edmae Mae)는 강의를 높이 평가했다.,로시야 세고드냐 국제협력국장 바실리 푸시코프와 로시야 세고드냐 고문 올레그 드미트리예프가 강의를 진행했다.,남아프리카,남아프리카,,,남아프리카,남아프리카,남아프리카,,스푸트니크,스푸트니크프로,온라인,러시아 국영 매체 교육 행사
67,Russian State Media Training Events,ZA,T,IOL CEO Vyasen Subramani commented on the training.,Head of AI Projects at the Sputnik Video Production Directorate Egor Arkhipov led the masterclass.,,"SputnikPro held a masterclass on using AI tools for video production, script writing, and sound and visual design for South African news website Independent Online (IOL) in July 2025.",South Africa,South Africa,ZAF,South Africa,,,07/2026,07/2025,,91,3,Virtual,T,ZA,ZA,ZAF,ZAF,,,,29.074753 S,-29.074753,-29.074753,,25.021896 E,25.021896,25.021896,,,,320,219,,82,,,,,Independent Online (IOL),,,,South Africa,,Sputnik ,SputnikPro,1097488948463.0591,6788301.745381769,https ://xn--c1acbl2abdlkab1og dot xn--p1ai/20250723/704098.html,3,South Africa,South Africa,,,,"스푸트니크프로는 2025년 7월 남아프리카공화국 뉴스 웹사이트 인디펜던트 온라인(IOL)을 대상으로 영상 제작, 대본 작성, 음향·시각 디자인에 AI 도구를 활용하는 방법에 관한 마스터클래스를 진행했다.",IOL 최고경영자(CEO) 비아센 수브라만얀(Vyasen Subramani)은 연수에 관해 논평했다.,스푸트니크 영상제작국 AI 프로젝트 책임자 예고르 아르히포프(Egor Arkhipov)가 마스터클래스를 진행했다.,남아프리카,남아프리카,,,남아프리카,남아프리카,남아프리카,,스푸트니크,스푸트니크프로,온라인,러시아 국영 매체 교육 행사
67,Russian State Media Training Events,GB,,,,,,South Georgia and South Sandwich Islands,United Kingdom,,South Georgia and South Sandwich Islands,,,,,,,,,,GS,,,,,,,,,,,,,,,,,321,,,211,,,,,,,,,,,,,4133604544.428711,640768.3519497765,,,,,,,,,,,사우스조지아·사우스샌드위치 제도,영국,,,,,,,,,,러시아 국영 매체 교육 행사
67,Russian State Media Training Events,KR,F,RT claimed that over 500 participants joined the workshops.,,,"RT Academy held a series of media workshops on news coverage, the use of AI in journalism, and video content creation for students from Indonesia, the Philippines, Malaysia, Cambodia, Thailand, and South Korea in Jakarta, Indonesia, in December 2025.",South Korea,"Korea, Republic of",KOR,South Korea,,,06/2026,12/2025,,48,2,In-Person,T,KR,KR,KOR,KOR,,,,36.7795587 N ,36.7795587,36.7795587,Jakarta,128.0716362 E ,128.0716362,128.0716362,,,,322,133,,43,,,,,,1,,,South Korea,,RT,RT Academy,92065447283.73828,2854398.9198265104,https ://academy dot rt.com/rt-academy-trains-journalists-in-indonesian-capital.html ; https://rs dot gov dot ru/en/news/na-ploshhadke-russkogo-doma-v-dzhakarte-proshla-akademiya-rt-dlya-indonezijskih-zhurnalistov/ ; kyivindependent dot com/teaching-journalism-the-russian-way-how-rt-academy-spreads-propaganda-in-global-south/,1,South Korea,South Korea,,,,"RT 아카데미는 2025년 12월 인도네시아 자카르타에서 인도네시아, 필리핀, 말레이시아, 캄보디아, 태국, 한국 출신 학생들을 대상으로 뉴스 보도, 저널리즘 분야의 AI 활용, 영상 콘텐츠 제작에 관한 일련의 미디어 워크숍을 진행했다.",RT는 워크숍 참가자가 500명을 넘었다고 주장했다.,,대한민국,대한민국,,,대한민국,대한민국,대한민국,자카르타,RT,RT 아카데미,대면,러시아 국영 매체 교육 행사
67,Russian State Media Training Events,KR,F,Seokyeong University professor Janna Ballod praised the training.,Rossiya Segodnya Director of International Cooperation Vasily Pushkov led the workshop.,,SputnikPro held a workshop on media operations for Sekyeong University in South Korea in December 2025.,South Korea,"Korea, Republic of",KOR,South Korea,,,07/2026,12/2025,,83,2,Virtual,T,KR,KR,KOR,KOR,,,,36.7795587 N ,36.7795587,36.7795587,,128.0716362 E ,128.0716362,128.0716362,,,,323,134,,43,,,,,Seokyeong University,1,,,South Korea,,Sputnik ,SputnikPro,92065447283.73828,2854398.9198265104,https ://rossiyasegodnya dot com/20251211/759698.html ; http://vk dot com/wall-224329258_16072,1,South Korea,South Korea,,,,스푸트니크프로는 2025년 12월 한국 서경대학교에서 미디어 운영에 관한 워크숍을 진행했다.,서경대학교의 얀나 발로드(Janna Ballod) 교수는 연수를 높이 평가했다.,로시야 세고드냐 국제협력국장 바실리 푸시코프가 워크숍을 진행했다.,대한민국,대한민국,,,대한민국,대한민국,대한민국,,스푸트니크,스푸트니크프로,온라인,러시아 국영 매체 교육 행사
67,Russian State Media Training Events,SS,,,,,,South Sudan,South Sudan,,South Sudan,,,,,,,,,,SS,,,,,,,,,,,,,,,,,324,,,213,,,,,,,,,,,,,521555640607.3394,4187131.6676835744,,,,,,,,,,,남수단,남수단,,,,,,,,,,러시아 국영 매체 교육 행사
67,Russian State Media Training Events,ES,,,,,,Spain,Spain,,Spain,,,,,,,,,,ES,,,,,,,,,,,,,,,,,325,,,214,,,,,,,,,,,,,486873169615.5788,4822518.044849668,,,,,,,,,,,스페인,스페인,,,,,,,,,,러시아 국영 매체 교육 행사
67,Russian State Media Training Events,LK,,,,,,Sri Lanka,Sri Lanka,,Sri Lanka,,,,,,,,,,LK,,,,,,,,,,,,,,,,,326,,,215,,,,,,,,,,,,,54408684052.8501,1430834.1989647087,,,,,,,,,,,스리랑카,스리랑카,,,,,,,,,,러시아 국영 매체 교육 행사
67,Russian State Media Training Events,SD,F,,,,"RT Academy announced the second cohort of students for the African course in November 2025, which contained students from more than 20 African countries, including Burkina Faso, Cameroon, Congo, Democratic Republic of Congo, Ethiopia, Ghana, Kenya, Mali, Niger, Senegal, Sudan, and Uganda.",Sudan,Sudan,SDN,Sudan,,,06/2026,11/2025,,77,2,Virtual,T,SD,SD,SDN,SDN,1,,,16.082799 N,16.082799,16.082799,,30.012069 E,30.012069,30.012069,,,,327,169,,63,,,,,,1,,,Sudan,,RT,RT Academy,1561886678040.7495,6538614.492733887,https ://t.me/RTschool/3298 ; https ://t.me/RTschool/3352  ,,Sudan,Sudan,,,,"RT 아카데미는 2025년 11월 아프리카 과정 2기 수강생을 발표했다. 수강생은 부르키나파소, 카메룬, 콩고, 콩고민주공화국, 에티오피아, 가나, 케냐, 말리, 니제르, 세네갈, 수단, 우간다 등 아프리카 20여 개국 출신이었다.",,,수단,수단,,,수단,수단,수단,,RT,RT 아카데미,온라인,러시아 국영 매체 교육 행사
67,Russian State Media Training Events,SD,F,InteRussia is a fellowship program for television journalism training and receives support from the Russian Presidential Grants Foundation.,"Head of RT Arabic Manna Maya, Head of the Department of International Cooperation and Distribution at RT Karina Melikyan, and Academic Programs Coordinator at the Gorchakov Fund Lyana Dymova participated in the opening ceremony. ",,"InteRussia launched a fellowship program for journalists from Algeria, Egypt, Jordan, Libya, Morocco, and Sudan in May 2026.",Sudan,Sudan,SDN,Sudan,,,06/2026,05/2026,,2,2,In-Person,T,SD,SD,SDN,SDN,1,,,16.082799 N,16.082799,16.082799,Moscow,30.012069 E,30.012069,30.012069,,,,328,170,,63,,,,,,1,,,Sudan,,Gorchakov Fund,InteRussia,1561886678040.7495,6538614.492733887,https ://t.me/interussia_programme/1630 ; https://interussia dot com/journalism_en/tpost/51th1dy0b1-interussia-opens-fellowship-for-journali,,Sudan,Sudan,,,,"인테르러시아(InteRussia)는 2026년 5월 알제리, 이집트, 요르단, 리비아, 모로코, 수단 출신 언론인을 대상으로 펠로십 프로그램을 시작했다.","인테르러시아는 TV 저널리즘 연수를 위한 펠로십 프로그램으로, 러시아 대통령 보조금 재단의 지원을 받는다.","RT 아랍어 채널 책임자 만나 마야(Manna Maya), RT 국제협력·배급부 책임자 카리나 멜리키안(Karina Melikyan), 고르차코프 기금 학술 프로그램 코디네이터 리아나 디모바(Lyana Dymova)가 개막식에 참석했다.",수단,수단,,,수단,수단,수단,모스크바,고르차코프 기금,인테르러시아,대면,러시아 국영 매체 교육 행사
67,Russian State Media Training Events,SR,,,,,,Suriname,Suriname,,Suriname,,,,,,,,,,SR,,,,,,,,,,,,,,,,,329,,,217,,,,,,,,,,,,,118955307175.28174,1719699.7769001771,,,,,,,,,,,수리남,수리남,,,,,,,,,,러시아 국영 매체 교육 행사
67,Russian State Media Training Events,NO,,,,,,Svalbard,Norway,,Svalbard,,,,,,,,,,SJ,,,,,,,,,,,,,,,,,330,,,218,,,,,,,,,,,,,119285158911.59229,9158023.648556577,,,,,,,,,,,스발바르 제도,노르웨이,,,,,,,,,,러시아 국영 매체 교육 행사
67,Russian State Media Training Events,SE,,,,,,Sweden,Sweden,,Sweden,,,,,,,,,,SE,,,,,,,,,,,,,,,,,331,,,219,,,,,,,,,,,,,550845439381.3599,7598661.222174089,,,,,,,,,,,스웨덴,스웨덴,,,,,,,,,,러시아 국영 매체 교육 행사
67,Russian State Media Training Events,CH,,,,,,Switzerland,Switzerland,,Switzerland,,,,,,,,,,CH,,,,,,,,,,,,,,,,,332,,,220,,,,,,,,,,,,,42712377489.10034,1418267.7577164697,,,,,,,,,,,스위스,스위스,,,,,,,,,,러시아 국영 매체 교육 행사
67,Russian State Media Training Events,SY,F,12 reportedly attended. Lebanese journalist Karim Charara and Saudi journalist Anwar Al-Qahtani praised the program.,"Rossiya Segodnya Director of International Cooperation Vasily Pushkov, Deputy Director of Rossotrudnichestvo Dmitry Polikanov, and Coordinator of Scientific Projects at the Gorchakov Foundation Liana Dymova opened the program.",,"SputnikPro held a series of workshops and events for journalists from Saudi state news agency Saudi Press Agency (SPA), United Arab Emirates national media outlet Emirates News Agency (WAM), Libyan state news agency Libyan News Agency (LANA), Tunisian news agency Tunis Afrique Presse (TAP), Palestinian news agency Ma’an News Agency (MNA), Lebanese news television channel Al Mayadeen, Moroccan newspaper Bayane Al Yaoume, Egyptian state newspaper Al-Akhbar, Algerian newspaper Le Jeune Indépendant, English-language Egyptian newspaper Daily News Egypt, Tunisian news magazine Réalités, and Syrian state television channel Al-Souriya TV in Moscow in September 2023.",Syria,Syrian Arab Republic,SYR,Syria,,,06/2026,09/2023,,75,1,In-Person,F,SY,SY,SYR,SYR,,,,35.02299 N,35.02299,35.02299,Moscow,38.302641 E,38.302641,38.302641,,,,333,179,,68,,,,,Al-Souriya TV,,,,Syria,,Sputnik ,SputnikPro,176268986642.4502,2111203.0578627074,https://fr dot sputniknews.africa/20230926/des-journalistes-du-moyen-orient-et-dafrique-du-nord-participent-a-un-stage-sputnikpro-1062369112.html ; https://ria dot ru/20230926/stazhirovka-1898637188.html ,1,Syria,Syria,,,,"스푸트니크프로는 2023년 9월 모스크바에서 사우디 국영 통신사 SPA, 아랍에미리트 국영 매체 에미리트 통신사(WAM), 리비아 국영 통신사(LANA), 튀니지 통신사(TAP), 팔레스타인 통신사(MNA), 레바논 뉴스 TV 채널 알마야딘(Al Mayadeen), 모로코 신문 바야네 알 야움(Bayane Al Yaoume), 이집트 국영 신문 알아크바르(Al-Akhbar), 알제리 신문 르 주느 앵디페당(Le Jeune Indépendant), 이집트 영자신문 데일리 뉴스 이집트(Daily News Egypt), 튀니지 뉴스 잡지 레알리테(Réalités), 시리아 국영 TV 채널 알수리야 TV(Al-Souriya TV) 소속 언론인을 대상으로 일련의 워크숍과 행사를 진행했다.",보도에 따르면 12명이 참석했다. 레바논 언론인 카림 샤라라(Karim Charara)와 사우디 언론인 안와르 알카타니(Anwar Al-Qahtani)는 해당 프로그램을 높이 평가했다.,"로시야 세고드냐 국제협력국장 바실리 푸시코프, 로스소트루드니체스트보 부청장 드미트리 폴리카노프(Dmitry Polikanov), 고르차코프 재단 과학 프로젝트 코디네이터 리아나 디모바(Liana Dymova)가 프로그램 개회식을 진행했다.",시리아,시리아,,,시리아,시리아,시리아,모스크바,스푸트니크,스푸트니크프로,대면,러시아 국영 매체 교육 행사
67,Russian State Media Training Events,TJ,F,Reportedly over 250 participants,,,"RT reported that participants from Algeria, Belarus, Brazil, Chile, China, Egypt, France, Germany, India, Italy, Mexico, Moldova, Russia, Serbia, Tajikistan, Turkmenistan, and Uzbekistan joined the 11th cohort of RT School's TV and online journalism course in February 2025.",Tajikistan,Tajikistan,TJK,Tajikistan,,,06/2026,02/2025,,6,3,Virtual,F,TJ,TJ,TJK,TJK,,,,38.8890675 N ,38.8890675,38.8890675,,71.0376918 E,71.0376918,71.0376918,,,,334,183,,71,,,,,,,1,,Tajikistan,,RT,RT School,137144400088.15039,3203881.21848852,https ://t.me/RTschool/2149 ; https ://t.me/RTschool/2132 ; https://vk dot com/wall-202529715_4677 ; https://www.instagram.com/p/DIbhtoPMTQg/  ,2,Tajikistan,Tajikistan,,,,"RT는 2025년 2월 알제리, 벨라루스, 브라질, 칠레, 중국, 이집트, 프랑스, 독일, 인도, 이탈리아, 멕시코, 몰도바, 러시아, 세르비아, 타지키스탄, 투르크메니스탄, 우즈베키스탄 출신 참가자들이 RT 스쿨의 TV·온라인 저널리즘 과정 제11기에 참여했다고 보도했다.",보도에 따르면 참가자는 250명을 넘었다.,,타지키스탄,타지키스탄,,,타지키스탄,타지키스탄,타지키스탄,,RT,RT 스쿨,온라인,러시아 국영 매체 교육 행사
67,Russian State Media Training Events,TJ,T,,Director of the Sputnik Video Production Department Alexander Petrov and unspecified Sputnik Tajikistan employees conducted the masterclass.,,"SputnikPro held a masterclass on the use of AI for content creation for journalists in Dushanbe, Tajikistan, in April 2025.",Tajikistan,Tajikistan,TJK,Tajikistan,,,06/2026,04/2025,,63,3,In-Person,F,TJ,TJ,TJK,TJK,,,,38.8890675 N ,38.8890675,38.8890675,Dushanbe,71.0376918 E,71.0376918,71.0376918,,,,335,184,,71,,,,,,,1,,Tajikistan,,Sputnik ,SputnikPro,137144400088.15039,3203881.21848852,https ://sputnik dot tj/20250407/zehn-suni-zhurnalistika-dars-mahorat-sputnikpro-javonon-dushanbe-aks-1066891632.html ; https://tj dot sputniknews.ru/20250405/student-tajikistan-rabota-neyroset-media-1066871151.html ,2,Tajikistan,Tajikistan,,,,스푸트니크프로는 2025년 4월 타지키스탄 두샨베市에서 언론인을 대상으로 콘텐츠 제작에 AI를 활용하는 방법에 관한 마스터클래스를 진행했다.,,스푸트니크 영상제작부장 알렉산드르 페트로프와 이름이 공개되지 않은 스푸트니크 타지키스탄 직원들이 마스터클래스를 진행했다.,타지키스탄,타지키스탄,,,타지키스탄,타지키스탄,타지키스탄,두샨베,스푸트니크,스푸트니크프로,대면,러시아 국영 매체 교육 행사
67,Russian State Media Training Events,TJ,F,,,,"SputnikPro on Zubovsky held a masterclass on the creation and promotion of Telegram channels for journalists from Russian-occupied Abkhazia and Armenia, Belarus, Kazakhstan, Kyrgyzstan, Uzbekistan, and Tajikistan in Moscow in September 2025.",Tajikistan,Tajikistan,TJK,Tajikistan,,,06/2026,09/2025,,8,3,In-Person,T,TJ,TJ,TJK,TJK,,,,38.8890675 N ,38.8890675,38.8890675,Moscow,71.0376918 E,71.0376918,71.0376918,,,,336,185,,71,,,,,,,1,,Tajikistan,,Sputnik ,SputnikPro,137144400088.15039,3203881.21848852,https ://vk dot com/wall-228821367_7025 ; https://ria dot ru/20250922/sputnikpro-2043532205.html ; https://am dot sputniknews dot ru/20250920/armyanskie-zhurnalisty-proshli-tretiy-sezon-proekta-sputnikpro-na-zubovskom-93687768.html,2,Tajikistan,Tajikistan,,,,"스푸트니크프로 온 주보프스키는 2025년 9월 모스크바에서 러시아가 점령한 압하지야와 아르메니아, 벨라루스, 카자흐스탄, 키르기스스탄, 우즈베키스탄, 타지키스탄 출신 언론인을 대상으로 텔레그램 채널 개설 및 홍보에 관한 마스터클래스를 진행했다.",,,타지키스탄,타지키스탄,,,타지키스탄,타지키스탄,타지키스탄,모스크바,스푸트니크,스푸트니크프로,대면,러시아 국영 매체 교육 행사
67,Russian State Media Training Events,TZ,F,Head of the Department of Journalism and Mass Communications at the University of Dar es Salaam Dr. Malima Zacharia thanked Sputnik for the lecture and expressed hope for continued partnership with Sputnik. Sputnik claimed that over 80 students attended the lecture.,Rossiya Segodnya Director of International Cooperation Vasily Pushkov gave the lecture.,,SputnikPro held a lecture on the evolving global media landscape and the future of journalism for students of University of Dar es Salaam in Tanzania in May 2026. ,Tanzania,"Tanzania, United Republic of",TZA,Tanzania,,,06/2026,05/2026,,61,2,Virtual,T,TZ,TZ,TZA,TZA,,,,6.1771 S,-6.1771,-6.1771,,34.493383 E,34.493383,34.493383,,,,337,192,,75,,,,,University of Dar es Salaam (UDSM),,,,Tanzania,,Sputnik ,SputnikPro,774648545639.8701,4553095.61389061,https ://en dot sputniknews.africa/20260504/tanzanian-university-joins-sputnikpro-for-the-first-time-1085500885.html  ; https://ria dot ru/20260504/tanzaniya-2090455017.html,2,Tanzania,Tanzania,,,,스푸트니크프로는 2026년 5월 탄자니아 다르에스살람대학교 학생들을 대상으로 변화하는 세계 미디어 환경과 저널리즘의 미래에 관한 강연을 진행했다.,"다르에스살람대학교 언론·매스커뮤니케이션학과장 말리마 자카리아(Malima Zacharia) 박사는 강연에 대해 스푸트니크에 감사를 표하고, 스푸트니크와 협력 관계가 지속되기를 바란다고 밝혔다. 스푸트니크는 강연에 학생 80여 명이 참석했다고 주장했다.",로시야 세고드냐 국제협력국장 바실리 푸시코프가 강연을 진행했다.,탄자니아,탄자니아,,,탄자니아,탄자니아,탄자니아,,스푸트니크,스푸트니크프로,온라인,러시아 국영 매체 교육 행사
67,Russian State Media Training Events,TZ,T,Reportedly 90 students attended,Senior video editor at Sputnik’s Joint Directorate of International Broadcasting Anna Kalinkina gave the lecture.,,SputnikPro held a lecture on the use of AI in video and other areas of media production for students of University of Dar es Salaam in Tanzania in June 2026.,Tanzania,"Tanzania, United Republic of",TZA,Tanzania,,,06/2026,06/2026,,62,2,Virtual,T,TZ,TZ,TZA,TZA,,,,6.1771 S,-6.1771,-6.1771,,34.493383 E,34.493383,34.493383,,,,338,193,,75,,,,,University of Dar es Salaam (UDSM),,,,Tanzania,,Sputnik ,SputnikPro,774648545639.8701,4553095.61389061,https ://en dot sputniknews.africa/20260601/sputnikpro-holds-ai-module-for-students-at-tanzanian-university-1086269325.html ,2,Tanzania,Tanzania,,,,스푸트니크프로는 2026년 6월 탄자니아 다르에스살람대학교 학생들을 대상으로 영상 및 기타 미디어 제작 분야에서 AI를 활용하는 방법에 관한 강연을 진행했다.,보도에 따르면 학생 90명이 참석했다.,스푸트니크 공동 국제방송국 선임 영상 편집자 안나 칼린키나가 강연을 진행했다.,탄자니아,탄자니아,,,탄자니아,탄자니아,탄자니아,,스푸트니크,스푸트니크프로,온라인,러시아 국영 매체 교육 행사
67,Russian State Media Training Events,TH,T,"Professor Dr. Suriyasai Katasila, Dean of the College of Social Innovation and Director of the Thai Reform Institute, Anusorn Srikhao, Honorary Dean of the College of Communication Arts at Rangsit University, Wint Sutheerachai, represnting the Thai Energy Ministry and Yevgeny Tomikhin, Ambassador of Russia to Thailand participated in the webinar. Thai TV presenter Varin Sachdev chaired the webinar.",Rossiya Segodnya Director of International Cooperation Vasily Pushkov led the webinar.,,SputnikPro held a webinar on the impact of AI on journalistic work for Rangsit University and Thai news agency The States Time in March 2025.,Thailand,Thailand,THA,Thailand,,,07/2026,03/2025,,84,2,Virtual,F,TH,TH,THA,THA,,,,15.113494 N,15.113494,15.113494,,101.005172 E,101.005172,101.005172,,,,339,181,,70,,,,,Rangsit University (RSU) ; The States Times,1,,,Thailand,,Sputnik ,SputnikPro,430325865303.208,6687506.942634673,https: //sputnikglobe dot com/20250317/sputnikpro-hosts-session-for-thai-students-and-journalists-1121648414.html,1,Thailand,Thailand,,,,스푸트니크프로는 2025년 3월 랑싯대학교(Rangsit University)와 태국 뉴스 기관 더 스테이츠 타임스(The States Times)를 대상으로 AI가 언론 업무에 미치는 영향에 관한 웨비나를 진행했다.,"랑싯대학교 사회혁신대학 학장 겸 태국개혁연구소장 수리야사이 카타실라(Suriyasai Katasila) 교수, 랑싯대학교 커뮤니케이션예술대학 명예학장 아누손 스리카오(Anusorn Srikhao), 태국 에너지부 대표 윈 수티라차이(Wint Sutheerachai), 주태국 러시아 대사 예브게니 토미힌(Yevgeny Tomikhin)이 웨비나에 참석했다. 태국 TV 진행자 바린 사치데프(Varin Sachdev)가 웨비나 사회를 맡았다.",로시야 세고드냐 국제협력국장 바실리 푸시코프가 웨비나를 진행했다.,태국,태국,,,태국,태국,태국,,스푸트니크,스푸트니크프로,온라인,러시아 국영 매체 교육 행사
67,Russian State Media Training Events,TH,F,RT claimed that over 500 participants joined the workshops.,,,"RT Academy held a series of media workshops on news coverage, the use of AI in journalism, and video content creation for students from Indonesia, the Philippines, Malaysia, Cambodia, Thailand, and South Korea in Jakarta, Indonesia, in December 2025.",Thailand,Thailand,THA,Thailand,,,06/2026,12/2025,,48,2,In-Person,T,TH,TH,THA,THA,,,,15.113494 N,15.113494,15.113494,Jakarta,101.005172 E,101.005172,101.005172,,,,340,182,,70,,,,,,1,,,Thailand,,RT,RT Academy,430325865303.208,6687506.942634673,https ://academy dot rt.com/rt-academy-trains-journalists-in-indonesian-capital.html ; https://rs dot gov dot ru/en/news/na-ploshhadke-russkogo-doma-v-dzhakarte-proshla-akademiya-rt-dlya-indonezijskih-zhurnalistov/ ; kyivindependent dot com/teaching-journalism-the-russian-way-how-rt-academy-spreads-propaganda-in-global-south/,1,Thailand,Thailand,,,,"RT 아카데미는 2025년 12월 인도네시아 자카르타에서 인도네시아, 필리핀, 말레이시아, 캄보디아, 태국, 한국 출신 학생들을 대상으로 뉴스 보도, 저널리즘 분야의 AI 활용, 영상 콘텐츠 제작에 관한 일련의 미디어 워크숍을 진행했다.",RT는 워크숍 참가자가 500명을 넘었다고 주장했다.,,태국,태국,,,태국,태국,태국,자카르타,RT,RT 아카데미,대면,러시아 국영 매체 교육 행사
67,Russian State Media Training Events,TL,,,,,,Timor-Leste,Timor-Leste,,Timor-Leste,,,,,,,,,,TL,,,,,,,,,,,,,,,,,341,,,225,,,,,,,,,,,,,12418624388.202148,767496.3358544846,,,,,,,,,,,동티모르,동티모르,,,,,,,,,,러시아 국영 매체 교육 행사
67,Russian State Media Training Events,TG,,,,,,Togo,Togo,,Togo,,,,,,,,,,TG,,,,,,,,,,,,,,,,,342,,,226,,,,,,,,,,,,,47139124552.87395,1436932.5778036893,,,,,,,,,,,토고,토고,,,,,,,,,,러시아 국영 매체 교육 행사
67,Russian State Media Training Events,NZ,,,,,,Tokelau,New Zealand,,Tokelau,,,,,,,,,,TK,,,,,,,,,,,,,,,,,343,,,227,,,,,,,,,,,,,6087621.2001953125,11493.361534331496,,,,,,,,,,,토켈라우,뉴질랜드,,,,,,,,,,러시아 국영 매체 교육 행사
67,Russian State Media Training Events,TO,,,,,,Tonga,Tonga,,Tonga,,,,,,,,,,TO,,,,,,,,,,,,,,,,,344,,,228,,,,,,,,,,,,,396018390.7871094,132103.84492180895,,,,,,,,,,,통가,통가,,,,,,,,,,러시아 국영 매체 교육 행사
67,Russian State Media Training Events,TT,,,,,,Trinidad and Tobago,Trinidad and Tobago,,Trinidad and Tobago,,,,,,,,,,TT,,,,,,,,,,,,,,,,,345,,,229,,,,,,,,,,,,,4150558957.9658203,434869.5919149676,,,,,,,,,,,트리니다드 토바고,트리니다드 토바고,,,,,,,,,,러시아 국영 매체 교육 행사
67,Russian State Media Training Events,TN,F,Reportedly 15 journalists ,"Rossiya Segodnya Director of International Cooperation Vasily Pushkov noted that this was the first in-person session of SputnikPro for African students since the COVID-19 pandemic and claimed that it marked the restoration of “full-fledged, direct dialogue between Russia and African nations.” ",,"SputnikPro held a week-long series of lectures and workshops in Moscow for African journalists, including correspondents and producers from Ethiopian state news agency Ethiopian News Agency (ENA), Kenyan state media organization Kenyan Broadcasting Corporation (KBC), Nigerian state news agency News Agency of Nigeria (NAN), South African multi-platform content company Independent Media, Namibian public broadcaster Namibian Broadcasting Corporation (NBC), Zambian state newspaper Zambia Daily Mail, Tunisian radio station Radio Sabra FM, Ugandan English-language daily newspaper New Vision, and Cameroonian state radio and television broadcasting company Cameroon Radio Television (CRTV), in October 2022.",Tunisia,Tunisia,TUN,Tunisia,,,06/2026,10/2022,,15,3,In-Person,F,TN,TN,TUN,TUN,,,,34.09418 N,34.09418,34.09418,Moscow,9.343321 E,9.343321,9.343321,,,,346,188,,73,,,,,Radio Sabra FM,1,,,Tunisia,,Sputnik ,SputnikPro,144736942304.38232,2462005.181800118,https ://sputnikglobe dot com/20221019/journalists-from-leading-african-media-outlets-join-sputnikpro-project-in-moscow-1102077086.html ; https://rossiyasegodnya dot com/20221018/314836.html ; https ://newsnowonline dot com dot ng/2022/10/20/african-journalists-in-moscow-for-training/,2,Tunisia,Tunisia,,,,"스푸트니크프로는 2022년 10월 모스크바에서 아프리카 언론인을 대상으로 일주일간 강연과 워크숍을 진행했다. 참가자는 에티오피아 국영 통신사 에티오피아 통신사(ENA), 케냐 국영 매체 케냐 방송공사(KBC), 나이지리아 국영 통신사 나이지리아 통신사(NAN), 남아프리카공화국 멀티플랫폼 콘텐츠 기업 인디펜던트 미디어(Independent Media), 나미비아 공영 방송사 나미비아 방송공사(NBC), 잠비아 국영 신문 잠비아 데일리 메일(Zambia Daily Mail), 튀니지 라디오 방송국 라디오 사브라 FM(Radio Sabra FM), 우간다 영자 일간지 뉴비전(New Vision), 카메룬 국영 라디오·텔레비전 방송사 카메룬 라디오 텔레비전(CRTV)의 특파원과 프로듀서 등이었다.",보도에 따르면 언론인 15명이 참석했다.,로시야 세고드냐 국제협력국장 바실리 푸시코프는 이번 행사가 코로나19 팬데믹 이후 아프리카 학생들을 대상으로 열린 스푸트니크프로의 첫 대면 세션이라고 언급했다. 그는 이번 행사가 ‘러시아와 아프리카 국가 간 온전하고 직접적인 대화’의 복원을 의미한다고 주장했다.,튀니지,튀니지,,,튀니지,튀니지,튀니지,모스크바,스푸트니크,스푸트니크프로,대면,러시아 국영 매체 교육 행사
67,Russian State Media Training Events,TN,F,12 reportedly attended. Lebanese journalist Karim Charara and Saudi journalist Anwar Al-Qahtani praised the program.,"Rossiya Segodnya Director of International Cooperation Vasily Pushkov, Deputy Director of Rossotrudnichestvo Dmitry Polikanov, and Coordinator of Scientific Projects at the Gorchakov Foundation Liana Dymova opened the program.",,"SputnikPro held a series of workshops and events for journalists from Saudi state news agency Saudi Press Agency (SPA), United Arab Emirates national media outlet Emirates News Agency (WAM), Libyan state news agency Libyan News Agency (LANA), Tunisian news agency Tunis Afrique Presse (TAP), Palestinian news agency Ma’an News Agency (MNA), Lebanese news television channel Al Mayadeen, Moroccan newspaper Bayane Al Yaoume, Egyptian state newspaper Al-Akhbar, Algerian newspaper Le Jeune Indépendant, English-language Egyptian newspaper Daily News Egypt, Tunisian news magazine Réalités, and Syrian state television channel Al-Souriya TV in Moscow in September 2023.",Tunisia,Tunisia,TUN,Tunisia,,,06/2026,09/2023,,75,3,In-Person,F,TN,TN,TUN,TUN,,,,34.09418 N,34.09418,34.09418,Moscow,9.343321 E,9.343321,9.343321,,,,347,189,,73,,,,,Réalités ; Tunis Afrique Presse (TAP),1,,,Tunisia,,Sputnik ,SputnikPro,144736942304.38232,2462005.181800118,https://fr dot sputniknews.africa/20230926/des-journalistes-du-moyen-orient-et-dafrique-du-nord-participent-a-un-stage-sputnikpro-1062369112.html ; https://ria dot ru/20230926/stazhirovka-1898637188.html ,2,Tunisia,Tunisia,,,,"스푸트니크프로는 2023년 9월 모스크바에서 사우디 국영 통신사 SPA, 아랍에미리트 국영 매체 에미리트 통신사(WAM), 리비아 국영 통신사(LANA), 튀니지 통신사(TAP), 팔레스타인 통신사(MNA), 레바논 뉴스 TV 채널 알마야딘(Al Mayadeen), 모로코 신문 바야네 알 야움(Bayane Al Yaoume), 이집트 국영 신문 알아크바르(Al-Akhbar), 알제리 신문 르 주느 앵디페당(Le Jeune Indépendant), 이집트 영자신문 데일리 뉴스 이집트(Daily News Egypt), 튀니지 뉴스 잡지 레알리테(Réalités), 시리아 국영 TV 채널 알수리야 TV(Al-Souriya TV) 소속 언론인을 대상으로 일련의 워크숍과 행사를 진행했다.",보도에 따르면 12명이 참석했다. 레바논 언론인 카림 샤라라(Karim Charara)와 사우디 언론인 안와르 알카타니(Anwar Al-Qahtani)는 해당 프로그램을 높이 평가했다.,"로시야 세고드냐 국제협력국장 바실리 푸시코프, 로스소트루드니체스트보 부청장 드미트리 폴리카노프(Dmitry Polikanov), 고르차코프 재단 과학 프로젝트 코디네이터 리아나 디모바(Liana Dymova)가 프로그램 개회식을 진행했다.",튀니지,튀니지,,,튀니지,튀니지,튀니지,모스크바,스푸트니크,스푸트니크프로,대면,러시아 국영 매체 교육 행사
67,Russian State Media Training Events,TN,F,,"RT French head Natalia Lebedeva, RT deputy Editor-in-Chief Alexei Nikolov, and RT Head of Educational Projects Anna Kovtunova attended the workshop. RT French Editor-in-Chief Arseny Samsonov, RT French correspondent Daria Vaganova, RT French presenters Oleg Shommer and Amin Tutakh, RT French producer Anton Shamkov, and RT International correspondents Igor Zhdanov and Rory Suchet spoke to students during the workshop.",,"RT Academy, RT Africa, and RT en français held a two-day journalism training workshop for journalists from Senegal, Madagascar, Cameroon, Namibia, Algeria, Côte d'Ivoire, Tunisia, Benin and The Gambia in March 2026.",Tunisia,Tunisia,TUN,Tunisia,,,06/2026,03/2026,,3,3,In-Person,T,TN,TN,TUN,TUN,,,,34.09418 N,34.09418,34.09418,Moscow,9.343321 E,9.343321,9.343321,,,,348,190,,73,,,,,,1,,,Tunisia,,RT,RT Academy,144736942304.38232,2462005.181800118,https ://t.me/RTschool/3908 ; https://school dot rt.com/news/233-laureaty-aub-media-awards-2025-premiya-afrikanskogo-veshatelnogo-soyuza-iz-afriki-posetili-rt-academy-v-moskve ,2,Tunisia,Tunisia,,,,"RT 아카데미, RT 아프리카, RT 프랑스어 채널은 2026년 3월 세네갈, 마다가스카르, 카메룬, 나미비아, 알제리, 코트디부아르, 튀니지, 베냉, 감비아 출신 언론인을 대상으로 이틀간 언론 연수 워크숍을 개최했다.",,"워크숍에는 RT 프랑스어 채널 책임자 나탈리아 레베데바(Natalia Lebedeva), RT 부편집장 알렉세이 니콜로프(Alexei Nikolov), RT 교육 프로젝트 책임자 안나 코브투노바(Anna Kovtunova)가 참석했다. RT 프랑스어 채널 편집장 아르세니 삼소노프(Arseny Samsonov), RT 프랑스어 채널 특파원 다리아 바가노바(Daria Vaganova), RT 프랑스어 채널 진행자 올레그 쇼머(Oleg Shommer)와 아민 투타크(Amin Tutakh), RT 프랑스어 채널 프로듀서 안톤 샴코프(Anton Shamkov), RT 인터내셔널 특파원 이고리 즈다노프(Igor Zhdanov)와 로리 수셰(Rory Suchet)가 워크숍에서 수강생들을 대상으로 강연했다.",튀니지,튀니지,,,튀니지,튀니지,튀니지,모스크바,RT,RT 아카데미,대면,러시아 국영 매체 교육 행사
67,Russian State Media Training Events,TR,T,Harici Editor-in-Chief Tunç Akkoç praised the training.,Rossiya Segodnya Director of Special Projects Mikhail Konrad led the training.,,SputnikPro held a session on using AI for video processing and text editing for Turkish online portal Harici in September 2025.,Turkiye,Turkiye,TUR,Turkiye,,,07/2026,09/2025,,85,1,Virtual,T,TR,TR,TUR,TUR,,,,39.0533039 N ,39.0533039,39.0533039,,35.1690568 E,35.1690568,35.1690568,,,,349,191,,74,,,,,Harici,,,,Turkey,,Sputnik ,SputnikPro,753931863804.3262,7140965.630773734,https ://xn--c1acbl2abdlkab1og dot xn--p1ai/20250901/726963.html,1,Turkey,Turkiye,,,,스푸트니크프로는 2025년 9월 튀르키예 온라인 포털 하리치(Harici)를 대상으로 영상 처리 및 텍스트 편집에 AI를 활용하는 방법에 관한 세션을 진행했다.,하리치 편집장 툰츠 아코츠(Tunç Akkoç)는 연수를 높이 평가했다.,로시야 세고드냐 특별 프로젝트 책임자 미하일 콘라드가 연수를 진행했다.,튀르키예,튀르키예,,,튀르키예,튀르키예,튀르키예,,스푸트니크,스푸트니크프로,온라인,러시아 국영 매체 교육 행사
67,Russian State Media Training Events,TM,F,"70 participants from 32 regions of RU  + Italy, France, India, Belarus, Estonia, Turkmenistan. Chief Director of the Internet Broadcasting Directorate of the Belarusian Television and Radio Company Alexander Khorovets and pro-Russian war correspondents Andrea Lucidi and Laurent Brayard participated in the training.",New Media Workshop founder Yulia Ablets commented on the program.,,"New Media Workshop held a training session for media executives, journalists, bloggers from India, Belarus, Estonia, Turkmenistan, and military correspondents from Italy and France who cover combat activity in Donbas, in July 2024.",Turkmenistan,Turkmenistan,TKM,Turkmenistan,,,07/2026,07/2024,,103,2,In-Person,F,TM,TM,TKM,TKM,,,,39.094559 N,39.094559,39.094559,Moscow,59.223449 E,59.223449,59.223449,,,1,350,186,,72,,,,,,,1,,Turkmenistan,,Russia - Country of Opportunities,New Media Workshop,536632109782.90234,4328852.644056666,https ://tass dot ru/obschestvo/21330221,,Turkmenistan,Turkmenistan,,,,"뉴미디어 워크숍은 2024년 7월 인도, 벨라루스, 에스토니아, 투르크메니스탄 출신 미디어 경영진·언론인·블로거와 돈바스 전투 상황을 취재하는 이탈리아 및 프랑스 종군기자를 대상으로 연수 세션을 진행했다.","러시아 32개 지역과 이탈리아, 프랑스, 인도, 벨라루스, 에스토니아, 투르크메니스탄에서 70명이 참가했다. 벨라루스 텔레비전·라디오 방송사의 인터넷 방송국장 알렉산드르 호로베츠(Alexander Khorovets)와 친러시아 종군기자 안드레아 루치디(Andrea Lucidi), 로랑 브레이야르(Laurent Brayard)가 연수에 참여했다.",뉴미디어 워크숍 설립자 율리야 아블레츠(Yulia Ablets)가 프로그램에 관해 논평했다.,투르크메니스탄,투르크메니스탄,,,투르크메니스탄,투르크메니스탄,투르크메니스탄,모스크바,러시아-기회의 나라,뉴미디어 워크숍,대면,러시아 국영 매체 교육 행사
67,Russian State Media Training Events,TM,F,Reportedly over 250 participants,,,"RT reported that participants from Algeria, Belarus, Brazil, Chile, China, Egypt, France, Germany, India, Italy, Mexico, Moldova, Russia, Serbia, Tajikistan, Turkmenistan, and Uzbekistan joined the 11th cohort of RT School's TV and online journalism course in February 2025.",Turkmenistan,Turkmenistan,TKM,Turkmenistan,,,06/2026,02/2025,,6,2,Virtual,F,TM,TM,TKM,TKM,,,,39.094559 N,39.094559,39.094559,,59.223449 E,59.223449,59.223449,,,1,351,187,,72,,,,,,,1,,Turkmenistan,,RT,RT School,536632109782.90234,4328852.644056666,https ://t.me/RTschool/2149 ; https ://t.me/RTschool/2132 ; https://vk dot com/wall-202529715_4677 ; https://www.instagram.com/p/DIbhtoPMTQg/  ,,Turkmenistan,Turkmenistan,,,,"RT는 2025년 2월 알제리, 벨라루스, 브라질, 칠레, 중국, 이집트, 프랑스, 독일, 인도, 이탈리아, 멕시코, 몰도바, 러시아, 세르비아, 타지키스탄, 투르크메니스탄, 우즈베키스탄 출신 참가자들이 RT 스쿨의 TV·온라인 저널리즘 과정 제11기에 참여했다고 보도했다.",보도에 따르면 참가자는 250명을 넘었다.,,투르크메니스탄,투르크메니스탄,,,투르크메니스탄,투르크메니스탄,투르크메니스탄,,RT,RT 스쿨,온라인,러시아 국영 매체 교육 행사
67,Russian State Media Training Events,GB,,,,,,Turks and Caicos Islands,United Kingdom,,Turks and Caicos Islands,,,,,,,,,,TC,,,,,,,,,,,,,,,,,352,,,233,,,,,,,,,,,,,257663125.29101562,117544.12276262073,,,,,,,,,,,터크스 케이커스 제도,영국,,,,,,,,,,러시아 국영 매체 교육 행사
67,Russian State Media Training Events,TV,,,,,,Tuvalu,Tuvalu,,Tuvalu,,,,,,,,,,TV,,,,,,,,,,,,,,,,,353,,,234,,,,,,,,,,,,,23898596.241210938,41445.91266647195,,,,,,,,,,,투발루,투발루,,,,,,,,,,러시아 국영 매체 교육 행사
67,Russian State Media Training Events,UG,F,Reportedly 15 journalists ,,,"SputnikPro held a week-long series of lectures and workshops in Moscow for African journalists, including correspondents and producers from Ethiopian state news agency Ethiopian News Agency (ENA), Kenyan state media organization Kenyan Broadcasting Corporation (KBC), Nigerian state news agency News Agency of Nigeria (NAN), South African multi-platform content company Independent Media, Namibian public broadcaster Namibian Broadcasting Corporation (NBC), Zambian state newspaper Zambia Daily Mail, Tunisian radio station Radio Sabra FM, Ugandan English-language daily newspaper New Vision, and Cameroonian state radio and television broadcasting company Cameroon Radio Television (CRTV), in October 2022.",Uganda,Uganda,UGA,Uganda,,,07/2026,10/2022,,15,3,In-Person,F,UG,UG,UGA,UGA,1,,,1.165044 N,1.165044,1.165044,Moscow,32.232471 E,32.232471,32.232471,,,,354,194,,76,,,,,New Vision,1,,,Uganda,,Sputnik ,SputnikPro,198344632389.58295,2141826.0799767086,https ://sputnikglobe dot com/20221019/journalists-from-leading-african-media-outlets-join-sputnikpro-project-in-moscow-1102077086.html ; https://rossiyasegodnya dot com/20221018/314836.html ; https ://newsnowonline dot com dot ng/2022/10/20/african-journalists-in-moscow-for-training/,1,Uganda,Uganda,,,,"스푸트니크프로는 2022년 10월 모스크바에서 아프리카 언론인을 대상으로 일주일간 강연과 워크숍을 진행했다. 참가자는 에티오피아 국영 통신사 에티오피아 통신사(ENA), 케냐 국영 매체 케냐 방송공사(KBC), 나이지리아 국영 통신사 나이지리아 통신사(NAN), 남아프리카공화국 멀티플랫폼 콘텐츠 기업 인디펜던트 미디어(Independent Media), 나미비아 공영 방송사 나미비아 방송공사(NBC), 잠비아 국영 신문 잠비아 데일리 메일(Zambia Daily Mail), 튀니지 라디오 방송국 라디오 사브라 FM(Radio Sabra FM), 우간다 영자 일간지 뉴비전(New Vision), 카메룬 국영 라디오·텔레비전 방송사 카메룬 라디오 텔레비전(CRTV)의 특파원과 프로듀서 등이었다.",보도에 따르면 언론인 15명이 참석했다.,,우간다,우간다,,,우간다,우간다,우간다,모스크바,스푸트니크,스푸트니크프로,대면,러시아 국영 매체 교육 행사
67,Russian State Media Training Events,UG,F,,,,"RT Academy announced the second cohort of students for the African course in November 2025, which contained students from more than 20 African countries, including Burkina Faso, Cameroon, Congo, Democratic Republic of Congo, Ethiopia, Ghana, Kenya, Mali, Niger, Senegal, Sudan, and Uganda.",Uganda,Uganda,UGA,Uganda,,,06/2026,11/2025,,77,3,Virtual,T,UG,UG,UGA,UGA,1,,,1.165044 N,1.165044,1.165044,,32.232471 E,32.232471,32.232471,,,,355,195,,76,,,,,,1,,,Uganda,,RT,RT Academy,198344632389.58295,2141826.0799767086,https ://t.me/RTschool/3298 ; https ://t.me/RTschool/3352  ,1,Uganda,Uganda,,,,"RT 아카데미는 2025년 11월 아프리카 과정 2기 수강생을 발표했다. 수강생은 부르키나파소, 카메룬, 콩고, 콩고민주공화국, 에티오피아, 가나, 케냐, 말리, 니제르, 세네갈, 수단, 우간다 등 아프리카 20여 개국 출신이었다.",,,우간다,우간다,,,우간다,우간다,우간다,,RT,RT 아카데미,온라인,러시아 국영 매체 교육 행사
67,Russian State Media Training Events,UG,F,,"Director of the International Cooperation Directorate and RT Media Group Vasily Pushkov, Deputy Executive Director of the Gorchakov Fund Sergey Orlov, Rossotrudnichestvo representative Elena Litvichenko",,"InteRussia held a fellowship program for journalists from Burundi, Zambia, Cameroon, Kenya, Mozambique, Rwanda, Senegal, Somalia, and Uganda in July 2026.",Uganda,Uganda,UGA,Uganda,,,07/2026,07/2026,,105,3,In-Person,T,UG,UG,UGA,UGA,1,,,1.165044 N,1.165044,1.165044,Moscow,32.232471 E,32.232471,32.232471,,,,356,196,,76,,,,,,1,,,Uganda,,Gorchakov Fund,InteRussia,198344632389.58295,2141826.0799767086,https ://t.me/interussia_programme/1817,1,Uganda,Uganda,,,,"인테르러시아는 2026년 7월 부룬디, 잠비아, 카메룬, 케냐, 모잠비크, 르완다, 세네갈, 소말리아, 우간다 출신 언론인을 대상으로 펠로십 프로그램을 진행했다.",,"국제협력국장 겸 RT 미디어 그룹 소속 바실리 푸시코프, 고르차코프 기금 부집행이사 세르게이 오를로프, 로스소트루드니체스트보 대표 엘레나 리트비첸코(Elena Litvichenko)가 참석했다.",우간다,우간다,,,우간다,우간다,우간다,모스크바,고르차코프 기금,인테르러시아,대면,러시아 국영 매체 교육 행사
67,Russian State Media Training Events,UA,F,"Kazan Federal University student Anastasia Shishova, Sevastopol State University student Maria Mamaeva, Agromir editor Yulia Sukonkina, Department of Journalism and Media Communications at the Institute of Media Communications, Media Technologies, and Design at Kazan Federal University Head Diana Pervykh, and Melitopol occupation administration press secretary Anastasia Bystrova praised the masterclasses.",Head of Project Promotion at the Sputnik Multimedia Centers Directorate in the CIS and Baltic States Arpi Beglaryan and Editor-in-Chief of Sputnik in Crimea Irina Muld led the training.,,"SputnikPro held a series of masterclasses on managing Telegram and radio channels at the Russian state-owned news agency RIA Novosti Crimea multimedia press center in occupied Simferopol, Crimea, in February 2023.",Ukraine,Ukraine,UKR,Ukraine,,,06/2026,02/2023,,43,7,In-Person,F,UA,UA,UKR,UKR,,,,49.055618 N,49.055618,49.055618,Simferopol,31.211558 E,31.211558,31.211558,,,,357,197,,77,,,,,,,,,Ukraine,,Sputnik ,SputnikPro,628161239017.6904,7151607.687244596,https ://crimea dot ria.ru/20230227/sotsseti-stali-effektivnoy-mediaplatformoy---eksperty-sputnikpro-1127237097.html ; https://t.me/rian_crimea/24306 ; https://crimea-news dot com/society/2023/05/23/1083427.html,7,Ukraine,Ukraine,,,,스푸트니크프로는 2023년 2월 러시아가 점령한 크림반도 심페로폴市의 러시아 국영 통신사 리아 노보스티 크림 멀티미디어 프레스센터에서 텔레그램 및 라디오 채널 관리에 관한 일련의 마스터클래스를 진행했다.,"카잔연방대학교 학생 아나스타시야 시쇼바(Anastasia Shishova), 세바스토폴국립대학교 학생 마리아 마마예바(Maria Mamaeva), 아그로미르(Agromir) 편집자 율리야 수콘키나(Yulia Sukonkina), 카잔연방대학교 미디어커뮤니케이션·미디어기술·디자인연구소 언론·미디어커뮤니케이션학과장 디아나 페르비흐(Diana Pervykh), 멜리토폴 점령 행정부 공보비서 아나스타시야 비스트로바(Anastasia Bystrova)가 마스터클래스를 높이 평가했다.",독립국가연합(CIS)·발트해 국가 담당 스푸트니크 멀티미디어센터국 프로젝트 홍보 책임자 아르피 베글라리안(Arpi Beglaryan)과 크림반도 스푸트니크 편집장 이리나 물드(Irina Muld)가 연수를 진행했다.,우크라이나,우크라이나,,,우크라이나,우크라이나,우크라이나,심페로폴,스푸트니크,스푸트니크프로,대면,러시아 국영 매체 교육 행사
67,Russian State Media Training Events,UA,F,,"Rossiya Segodnya Head of the Press Service for the Communications Directorate Anton Kryvoshlykov, Rossiya Segodnya Head of the Communications Directorate Petr Lidov-Petrovsky, and Chairman of the Crimean Branch of the Russian Union of Journalists Vadim Pervykh spoke at the masterclass.",,"SputnikPro held a masterclass for television and radio broadcasting companies at the Russian state-owned news agency RIA Novosti Crimea multimedia press center in occupied Simferopol, Crimea, in May 2023.",Ukraine,Ukraine,UKR,Ukraine,,,06/2026,05/2023,,42,7,In-Person,F,UA,UA,UKR,UKR,,,,49.055618 N,49.055618,49.055618,Simferopol,31.211558 E,31.211558,31.211558,,,,358,198,,77,,,,,,,,,Ukraine,,Sputnik ,SputnikPro,628161239017.6904,7151607.687244596,https: //ruj dot ru/news/monitoring-media/sputnikpro-provodit-v-simferopole-master-klass-dlya-zhurnalistov-19834 ; https://crimea dot ria.ru/20230523/sputnikpro-provodit-v-simferopole-master-klass-dlya-zhurnalistov-1128901808.html,7,Ukraine,Ukraine,,,,스푸트니크프로는 2023년 5월 러시아가 점령한 크림반도 심페로폴市의 러시아 국영 통신사 리아 노보스티 크림 멀티미디어 프레스센터에서 TV·라디오 방송사를 대상으로 마스터클래스를 진행했다.,,"로시야 세고드냐 커뮤니케이션국 공보실장 안톤 크리보실리코프(Anton Kryvoshlykov), 로시야 세고드냐 커뮤니케이션국장 표트르 리도프페트롭스키(Petr Lidov-Petrovsky), 러시아기자연맹 크림반도 지부장 바딤 페르비흐(Vadim Pervykh)가 마스터클래스에서 발언했다.",우크라이나,우크라이나,,,우크라이나,우크라이나,우크라이나,심페로폴,스푸트니크,스푸트니크프로,대면,러시아 국영 매체 교육 행사
67,Russian State Media Training Events,UA,F,,Sputnik in Crimea Editor-in-Chief Svetlana Kalinina and RIA Novosti Crimea Editor-in-Chief Alla Druzhinovich led the seminar.,,SputnikPro held a seminar on media interaction with prosecutorial oversight bodies with employees of the Prosecutor’s Office of the Russian occupation government of Crimea in June 2023.,Ukraine,Ukraine,UKR,Ukraine,,,06/2026,06/2023,,41,7,In-Person,F,UA,UA,UKR,UKR,,,,49.055618 N,49.055618,49.055618,Simferopol,31.211558 E,31.211558,31.211558,,,,359,199,,77,,,,,,,,,Ukraine,,Sputnik ,SputnikPro,628161239017.6904,7151607.687244596,https ://crimea dot ria.ru/20230620/sputnikpro-provel-seminar-s-rabotnikami-prokuratury-respubliki-krym-1129510930.html ; https://ruj dot ru/preview/sputnikpro-provel-seminar-s-rabotnikami-prokuratury-respubliki-krym-20003 ; https://crimea-news dot com/society/2023/06/20/1105298.html ,7,Ukraine,Ukraine,,,,스푸트니크프로는 2023년 6월 크림반도 러시아 점령 정부의 검찰청 직원을 대상으로 검찰 감독기관과 미디어 간 협력에 관한 세미나를 진행했다.,,크림반도 스푸트니크 편집장 스베틀라나 칼리니나(Svetlana Kalinina)와 리아 노보스티 크림 편집장 알라 드루지노비치(Alla Druzhinovich)가 세미나를 진행했다.,우크라이나,우크라이나,,,우크라이나,우크라이나,우크라이나,심페로폴,스푸트니크,스푸트니크프로,대면,러시아 국영 매체 교육 행사
67,Russian State Media Training Events,UA,T,,"Head of the Rossiya Segodnya Video Production Department Alexander Petrov conducted the lecture. Journalism students Hamlet Prazyan, Polina Dreeva, and Yaroslav Sklyannoy praised the training.",,"SputikPro held a lecture on the use of AI for media optimization at the Russian sttae-owned RIA Novosti Crimea multimedia press center in occupied Simferopol, Crimea, in December 2023.",Ukraine,Ukraine,UKR,Ukraine,,,06/2026,12/2023,,40,7,In-Person,F,UA,UA,UKR,UKR,,,,49.055618 N,49.055618,49.055618,Simferopol,31.211558 E,31.211558,31.211558,,,,360,200,,77,,,,,,,,,Ukraine,,Sputnik ,SputnikPro,628161239017.6904,7151607.687244596,https ://crimea dot ria.ru/20231205/na-master-klasse-sputnikpro-ekspert-nazval-osnovnuyu-vygodu-neyrosetey-1133319981.html ; https://t.me/rian_crimea/38076 ,7,Ukraine,Ukraine,,,,스푸트니크프로는 2023년 12월 크림반도 러시아 점령하 심페로폴市의 러시아 국영 통신사 리아 노보스티 크림 멀티미디어 프레스센터에서 미디어 최적화를 위한 AI 활용법에 관한 강연을 진행했다.,,"로시야 세고드냐 영상제작부장 알렉산드르 페트로프가 강연을 진행했다. 언론학과 학생 햄릿 프라지안(Hamlet Prazyan), 폴리나 드리바(Polina Dreeva), 야로슬라프 스클랴노이(Yaroslav Sklyannoy)는 연수를 높이 평가했다.",우크라이나,우크라이나,,,우크라이나,우크라이나,우크라이나,심페로폴,스푸트니크,스푸트니크프로,대면,러시아 국영 매체 교육 행사
67,Russian State Media Training Events,UA,F,,Rossiya Segodnya New Media Directorate Deputy Director Artem Buftyak conducted the lecture.,,"SputnikPro held a lecture on narrative journalism at the Russian state-owned RIA Novosti miltimedia press center in occupied Simferopol, Crimea, in September 2025.",Ukraine,Ukraine,UKR,Ukraine,,,06/2026,09/2025,,39,7,In-Person,T,UA,UA,UKR,UKR,,,,49.055618 N,49.055618,49.055618,Simferopol,31.211558 E,31.211558,31.211558,,,,361,201,,77,,,,,,,,,Ukraine,,Sputnik ,SputnikPro,628161239017.6904,7151607.687244596,https ://crimea dot ria.ru/20250910/storitelling-kak-napisat-istoriyu-kotoroy-zakhotyat-delitsya-1149229957.html ; https://crimea-news dot com/society/2025/09/05/1766551.html ,7,Ukraine,Ukraine,,,,스푸트니크프로는 2025년 9월 러시아 국영 통신사 리아 노보스티의 크림반도 점령하 멀티미디어 프레스센터에서 서사형 저널리즘에 관한 강연을 진행했다.,,로시야 세고드냐 뉴미디어국 부국장 아르툠 부프탸크(Artem Buftyak)가 강연을 진행했다.,우크라이나,우크라이나,,,우크라이나,우크라이나,우크라이나,심페로폴,스푸트니크,스푸트니크프로,대면,러시아 국영 매체 교육 행사
67,Russian State Media Training Events,UA,F,,"Director of the Institute of Media Communications, Media Technologies and Design at the Vernadsky Kazan Federal University Alexander Mashchenko and Rossiya Segodnya adviser Oleg Dmitriev led the lecture.",,"SputnikPro held a lecture on news coverage and journalism writing techniques at the Russian state-owned RIA Novosti Crimea multimedia press center in occupied Simferopol, Crimea, in October 2025.",Ukraine,Ukraine,UKR,Ukraine,,,06/2026,10/2025,,38,7,In-Person,T,UA,UA,UKR,UKR,,,,49.055618 N,49.055618,49.055618,Simferopol,31.211558 E,31.211558,31.211558,,,,362,202,,77,,,,,,,,,Ukraine,,Sputnik ,SputnikPro,628161239017.6904,7151607.687244596,https ://crimea dot ria.ru/20251003/pisatel-i-zhurnalist-tochki-soprikosnoveniya-i-vzaimodeystvie-zhanrov-1149764996.html ; https://crimea-news dot com/society/2025/10/03/1792069.html,7,Ukraine,Ukraine,,,,스푸트니크프로는 2025년 10월 러시아 국영 통신사 리아 노보스티의 크림반도 멀티미디어 프레스센터에서 뉴스 보도 및 기사 작성 기법에 관한 강연을 진행했다.,,카잔연방대학교 베르나츠키 미디어커뮤니케이션·미디어기술·디자인연구소장 알렉산드르 마셴코(Alexander Mashchenko)와 로시야 세고드냐 고문 올레그 드미트리예프가 강연을 진행했다.,우크라이나,우크라이나,,,우크라이나,우크라이나,우크라이나,심페로폴,스푸트니크,스푸트니크프로,대면,러시아 국영 매체 교육 행사
67,Russian State Media Training Events,UA,T,"Students from occupied Donetsk, Luhansk, and Kherson oblasts reportedly participated in the masterclass. Kherson State Pedagogical University Institute of Philology and Social Communications lecturer Anna Bessonova and Sevastopol State University student Irina Dobrenskaya praised the training.",Picture editor of Rossiya Segodnya’s Photo Information Department Anna Markelova led the masterclass. ,,"SputnikPro held a masterclass on the use of AI-altered images in media at the Russian state-owned RIA Novosti Crimea multimedia press center in occupied Simferopol, Crimea, in April 2026.",Ukraine,Ukraine,UKR,Ukraine,,,06/2026,04/2026,,37,7,In-Person,T,UA,UA,UKR,UKR,,,,49.055618 N,49.055618,49.055618,Simferopol,31.211558 E,31.211558,31.211558,,,,363,203,,77,,,,,,,,,Ukraine,,Sputnik ,SputnikPro,628161239017.6904,7151607.687244596,https ://crimea-news dot com/society/2026/04/17/1934646.html ; https://vk dot com/wall-105107159_155738,7,Ukraine,Ukraine,,,,스푸트니크프로는 2026년 4월 러시아 국영 통신사 리아 노보스티의 크림반도 점령하 멀티미디어 프레스센터에서 AI로 변형된 이미지를 미디어에 활용하는 방법에 관한 마스터클래스를 진행했다.,"보도에 따르면 러시아가 점령한 도네츠크州와 루한스크州, 헤르손州 출신 학생들이 마스터클래스에 참가했다. 헤르손국립사범대학교 언어학·사회커뮤니케이션연구소 강사 안나 베소노바(Anna Bessonova)와 세바스토폴국립대학교 학생 이리나 도브렌스카야(Irina Dobrenskaya)는 연수를 높이 평가했다.",로시야 세고드냐 사진정보부 사진 편집자 안나 마르켈로바(Anna Markelova)가 마스터클래스를 진행했다.,우크라이나,우크라이나,,,우크라이나,우크라이나,우크라이나,심페로폴,스푸트니크,스푸트니크프로,대면,러시아 국영 매체 교육 행사
67,Russian State Media Training Events,AE,F,Co-organized with Emirates News Agency (WAM). Head of the Faculty of Media and Creative Industries at UAEU Dr. Ahmed Almansouri praised the lecture. ,Rossiya Segodnya Director of International Cooperation Vasily Pushkov led the lecture.,,SputnikPro held a lecture on challenges in the media profession for United Arab Emirates University (UAEU) in January 2022.,United Arab Emirates,United Arab Emirates,ARE,United Arab Emirates,,,07/2026,01/2022,,101,2,Virtual,F,AE,AE,ARE,ARE,,,,23.552134 N,23.552134,23.552134,,54.20503 E,54.20503,54.20503,,,,364,2,,2,,,,,United Arab Emirates University (UAEU),,,,United Arab Emirates,,Sputnik ,SputnikPro,61343222389.831055,1644425.301872818,https ://xn--c1acbl2abdlkab1og dot xn--p1ai/20220126/207474.html,2,United Arab Emirates,United Arab Emirates,,,,스푸트니크프로는 2022년 1월 아랍에미리트대학교(UAEU)를 대상으로 미디어 직업의 과제에 관한 강연을 진행했다.,에미리트 통신사(WAM)와 공동으로 행사를 개최했다. 아랍에미리트대학교 미디어·창조산업학부 학장 아흐메드 알만수리(Ahmed Almansouri) 박사는 강연을 높이 평가했다.,로시야 세고드냐 국제협력국장 바실리 푸시코프가 강연을 진행했다.,아랍에미리트,아랍에미리트,,,아랍에미리트,아랍에미리트,아랍에미리트,,스푸트니크,스푸트니크프로,온라인,러시아 국영 매체 교육 행사
67,Russian State Media Training Events,AE,F,12 reportedly attended. Lebanese journalist Karim Charara and Saudi journalist Anwar Al-Qahtani praised the program.,"Rossiya Segodnya Director of International Cooperation Vasily Pushkov, Deputy Director of Rossotrudnichestvo Dmitry Polikanov, and Coordinator of Scientific Projects at the Gorchakov Foundation Liana Dymova opened the program.",,"SputnikPro held a series of workshops and events for journalists from Saudi state news agency Saudi Press Agency (SPA), United Arab Emirates national media outlet Emirates News Agency (WAM), Libyan state news agency Libyan News Agency (LANA), Tunisian news agency Tunis Afrique Presse (TAP), Palestinian news agency Ma’an News Agency (MNA), Lebanese news television channel Al Mayadeen, Moroccan newspaper Bayane Al Yaoume, Egyptian state newspaper Al-Akhbar, Algerian newspaper Le Jeune Indépendant, English-language Egyptian newspaper Daily News Egypt, Tunisian news magazine Réalités, and Syrian state television channel Al-Souriya TV in Moscow in September 2023.",United Arab Emirates,United Arab Emirates,ARE,United Arab Emirates,,,06/2026,09/2023,,75,2,In-Person,F,AE,AE,ARE,ARE,,,,23.552134 N,23.552134,23.552134,Moscow,54.20503 E,54.20503,54.20503,,,,365,3,,2,,,,,Emirates News Agency (WAM),,,,United Arab Emirates,,Sputnik ,SputnikPro,61343222389.831055,1644425.301872818,https://fr dot sputniknews.africa/20230926/des-journalistes-du-moyen-orient-et-dafrique-du-nord-participent-a-un-stage-sputnikpro-1062369112.html ; https://ria dot ru/20230926/stazhirovka-1898637188.html ,2,United Arab Emirates,United Arab Emirates,,,,"스푸트니크프로는 2023년 9월 모스크바에서 사우디 국영 통신사 SPA, 아랍에미리트 국영 매체 에미리트 통신사(WAM), 리비아 국영 통신사(LANA), 튀니지 통신사(TAP), 팔레스타인 통신사(MNA), 레바논 뉴스 TV 채널 알마야딘(Al Mayadeen), 모로코 신문 바야네 알 야움(Bayane Al Yaoume), 이집트 국영 신문 알아크바르(Al-Akhbar), 알제리 신문 르 주느 앵디페당(Le Jeune Indépendant), 이집트 영자신문 데일리 뉴스 이집트(Daily News Egypt), 튀니지 뉴스 잡지 레알리테(Réalités), 시리아 국영 TV 채널 알수리야 TV(Al-Souriya TV) 소속 언론인을 대상으로 일련의 워크숍과 행사를 진행했다.",보도에 따르면 12명이 참석했다. 레바논 언론인 카림 샤라라(Karim Charara)와 사우디 언론인 안와르 알카타니(Anwar Al-Qahtani)는 해당 프로그램을 높이 평가했다.,"로시야 세고드냐 국제협력국장 바실리 푸시코프, 로스소트루드니체스트보 부청장 드미트리 폴리카노프(Dmitry Polikanov), 고르차코프 재단 과학 프로젝트 코디네이터 리아나 디모바(Liana Dymova)가 프로그램 개회식을 진행했다.",아랍에미리트,아랍에미리트,,,아랍에미리트,아랍에미리트,아랍에미리트,모스크바,스푸트니크,스푸트니크프로,대면,러시아 국영 매체 교육 행사
67,Russian State Media Training Events,GB,,,,,,United Kingdom,United Kingdom,,United Kingdom,,,,,,,,,,GB,,,,,,,,,,,,,,,,,366,,,238,,,,,,,,,,,,,270234140083.72556,9915936.447436878,,,,,,,,,,,영국,영국,,,,,,,,,,러시아 국영 매체 교육 행사
67,Russian State Media Training Events,US,,,,,,United States,United States,,United States,,,,,,,,,,US,,,,,,,,,,,,,,,,,367,,,239,,,,,,,,,,,,,9620058050477.37,68991224.52942674,,,,,,,,,,,미국,미국,,,,,,,,,,러시아 국영 매체 교육 행사
67,Russian State Media Training Events,US,,,,,,United States Minor Outlying Islands,United States,,United States Minor Outlying Islands,,,,,,,,,,UM,,,,,,,,,,,,,,,,,368,,,240,,,,,,,,,,,,,31903206.56881714,50038.09230493498,,,,,,,,,,,미국령 군소 제도,미국,,,,,,,,,,러시아 국영 매체 교육 행사
67,Russian State Media Training Events,UY,,,,,,Uruguay,Uruguay,,Uruguay,,,,,,,,,,UY,,,,,,,,,,,,,,,,,369,,,241,,,,,,,,,,,,,164161614749.85156,1830755.3150899434,,,,,,,,,,,우루과이,우루과이,,,,,,,,,,러시아 국영 매체 교육 행사
67,Russian State Media Training Events,US,,,,,,US Virgin Islands,United States,,US Virgin Islands,,,,,,,,,,VI,,,,,,,,,,,,,,,,,370,,,242,,,,,,,,,,,,,255277062.8798828,118792.72863990531,,,,,,,,,,,미국령 버진아일랜드,미국,,,,,,,,,,러시아 국영 매체 교육 행사
67,Russian State Media Training Events,UZ,F,Reportedly over 30 journalists,Tashkent blogger Polina Kostina praised the program.,,"Rossotrudnichestvo hosted journalists and bloggers from Armenia, Kyrgyzstan, Kazakhstan, pro-Russian breakaway region of Moldova, Transnistria, and Uzbekistan for a media training program at the InterNovosti media school in Moscow in December 2023. ",Uzbekistan,Uzbekistan,UZB,Uzbekistan,,,06/2026,12/2023,,10,8,In-Person,F,UZ,UZ,UZB,UZB,,1,,41.502285 N,41.502285,41.502285,Moscow,63.032382 E,63.032382,63.032382,,,,371,204,,78,,,,,,,1,,Uzbekistan,,Rossotrudnichestvo,InterNovosti,440822969748.5293,5799927.974907044,https ://rs dot gov.ru/en/news/new-rossotrudnichestvo-project-for-foreign-journalists/,6,Uzbekistan,Uzbekistan,,,,"로스소트루드니체스트보는 2023년 12월 모스크바 인터노보스티(InterNovosti) 미디어 학교에서 열린 연수 프로그램에 아르메니아, 키르기스스탄, 카자흐스탄, 몰도바의 친러시아 분리 지역인 트란스니스트리아, 우즈베키스탄 출신 언론인과 블로거를 초청했다.",보도에 따르면 언론인 30여 명이 참석했다.,타슈켄트市 블로거 폴리나 코스티나(Polina Kostina)는 해당 프로그램을 높이 평가했다.,우즈베키스탄,우즈베키스탄,,,우즈베키스탄,우즈베키스탄,우즈베키스탄,모스크바,로스소트루드니체스트보,인터노보스티,대면,러시아 국영 매체 교육 행사
67,Russian State Media Training Events,UZ,F,,"Sputnik video production department employee Alexander Petrov, Sputnik journalist Armen Gasparyan, Rossiya Segodnya deputy Editor-in-Chief Natalia Loseva, and Sputnik Near Abroad journalist and presenter Victoria Fyodorova spoke during the program. Sputnik reported that this was the second time dostuk.media correspondent Yana Kraynyukova and KRSU Youth Culture and Creativity Center Director Galina Ketova participated in a SputnikPro program",,"SputnikPro on Zubovsky held a series of training sessions for journalists from Russian-occupied Abkhazia and Azerbaijan, Belarus, Kazakhstan, Kyrgyzstan, Moldova, Uzbekistan, and Russian-occupied South Ossetia in Moscow in May 2024.",Uzbekistan,Uzbekistan,UZB,Uzbekistan,,,06/2026,05/2024,,12,8,In-Person,F,UZ,UZ,UZB,UZB,,1,,41.502285 N,41.502285,41.502285,Moscow,63.032382 E,63.032382,63.032382,,,,372,205,,78,,,,,,,1,,Uzbekistan,,Sputnik ,SputnikPro,440822969748.5293,5799927.974907044,https ://ru dot sputnik.kg/20240524/moskva-novyj-sezon-proekt-sputnikpro-na-zubovskom-zhurnalist-1085450660.html ; https://ruj dot ru/preview/v-moskve-startoval-novyi-sezon-proekta-sputnikpro-na-zubovskom-dlya-zhurnalistov-21448 ,6,Uzbekistan,Uzbekistan,,,,"스푸트니크프로 온 주보프스키는 2024년 5월 모스크바에서 러시아가 점령한 압하지야와 아제르바이잔, 벨라루스, 카자흐스탄, 키르기스스탄, 몰도바, 우즈베키스탄 및 러시아가 점령한 남오세티야 출신 언론인을 대상으로 일련의 연수 세션을 진행했다.",,"스푸트니크 영상제작부 직원 알렉산드르 페트로프, 스푸트니크 기자 아르멘 가스파랸, 로시야 세고드냐 부편집장 나탈리아 로세바(Natalia Loseva), 스푸트니크 근외지역 담당 기자 겸 진행자 빅토리아 표도로바(Victoria Fyodorova)가 프로그램에서 강연했다. 스푸트니크는 도스투크 미디어(dostuk.media) 특파원 야나 크라이뉴코바(Yana Kraynyukova)와 키르기스-러시아 슬라브대학교(KRSU) 청년문화·창의센터장 갈리나 케토바(Galina Ketova)가 스푸트니크프로 프로그램에 두 번째로 참여했다고 보도했다.",우즈베키스탄,우즈베키스탄,,,우즈베키스탄,우즈베키스탄,우즈베키스탄,모스크바,스푸트니크,스푸트니크프로,대면,러시아 국영 매체 교육 행사
67,Russian State Media Training Events,UZ,F,"Sputnik claimed that this was the second time participating in a SputnikPro program for most participants. Sputnik claimed in this article that 48 journalists completed SputnikPro on Zubovsky in 2023 and 36 participated through May, June, and July of 2024.","Sputnik Near Abroad Editor-in-Chief Alexander Samokhvalov, video editing specialist Dmitry Budantsev, AI specialist Alexander Petrov, Sputnik presenter Viktoria Federova, and Sputnik journalist Armen Gasparyan conducted training for the program.",,"SputnikPro on Zubovsky held a series of training sessions for journalists from Russian-occupied Abkhazia and Armenia, Azerbaijan, Belarus, Georgia, Kyrgyzstan, and Uzbekistan in July 2024.",Uzbekistan,Uzbekistan,UZB,Uzbekistan,,,06/2026,07/2024,,9,8,In-Person,F,UZ,UZ,UZB,UZB,,1,,41.502285 N,41.502285,41.502285,Moscow,63.032382 E,63.032382,63.032382,,,,373,206,,78,,,,,,,1,,Uzbekistan,,Sputnik ,SputnikPro,440822969748.5293,5799927.974907044,https ://ru dot sputnik.kg/20240719/sputnikpro-mediatrendy-1087175081.html ; https://www.krsu dot kg/en/universitet/universitet-v-smi/sputnikpro-mezhdunarodnye-zhurnalisty-obuchayutsya-novejshim-mediatrendam-v-moskve/,6,Uzbekistan,Uzbekistan,,,,"스푸트니크프로 온 주보프스키(SputnikPro on Zubovsky)는 2024년 7월 러시아가 점령한 압하지야와 아르메니아, 아제르바이잔, 벨라루스, 조지아, 키르기스스탄, 우즈베키스탄 출신 언론인을 대상으로 일련의 연수 세션을 진행했다.","스푸트니크는 대부분의 참가자가 스푸트니크프로 프로그램에 참여한 것이 두 번째라고 주장했다. 또한 해당 기사에서 2023년에는 언론인 48명이 스푸트니크프로 온 주보프스키 과정을 수료했고, 2024년 5~7월에는 36명이 참가했다고 주장했다.","스푸트니크 근외지역 담당 편집장 알렉산드르 사모흐발로프(Alexander Samokhvalov), 영상 편집 전문가 드미트리 부단체프(Dmitry Budantsev), AI 전문가 알렉산드르 페트로프(Alexander Petrov), 스푸트니크 진행자 빅토리아 페도도바(Viktoria Federova), 스푸트니크 기자 아르멘 가스파랸(Armen Gasparyan)이 연수를 진행했다.",우즈베키스탄,우즈베키스탄,,,우즈베키스탄,우즈베키스탄,우즈베키스탄,모스크바,스푸트니크,스푸트니크프로,대면,러시아 국영 매체 교육 행사
67,Russian State Media Training Events,UZ,F,Reportedly over 250 participants,,,"RT reported that participants from Algeria, Belarus, Brazil, Chile, China, Egypt, France, Germany, India, Italy, Mexico, Moldova, Russia, Serbia, Tajikistan, Turkmenistan, and Uzbekistan joined the 11th cohort of RT School's TV and online journalism course in February 2025.",Uzbekistan,Uzbekistan,UZB,Uzbekistan,,,06/2026,02/2025,,6,8,Virtual,F,UZ,UZ,UZB,UZB,,1,,41.502285 N,41.502285,41.502285,,63.032382 E,63.032382,63.032382,,,,374,207,,78,,,,,,,1,,Uzbekistan,,RT,RT School,440822969748.5293,5799927.974907044,https ://t.me/RTschool/2149 ; https ://t.me/RTschool/2132 ; https://vk dot com/wall-202529715_4677 ; https://www.instagram.com/p/DIbhtoPMTQg/  ,6,Uzbekistan,Uzbekistan,,,,"RT는 2025년 2월 알제리, 벨라루스, 브라질, 칠레, 중국, 이집트, 프랑스, 독일, 인도, 이탈리아, 멕시코, 몰도바, 러시아, 세르비아, 타지키스탄, 투르크메니스탄, 우즈베키스탄 출신 참가자들이 RT 스쿨의 TV·온라인 저널리즘 과정 제11기에 참여했다고 보도했다.",보도에 따르면 참가자는 250명을 넘었다.,,우즈베키스탄,우즈베키스탄,,,우즈베키스탄,우즈베키스탄,우즈베키스탄,,RT,RT 스쿨,온라인,러시아 국영 매체 교육 행사
67,Russian State Media Training Events,UZ,F,,,,"SputnikPro on Zubovsky held a masterclass on the creation and promotion of Telegram channels for journalists from Russian-occupied Abkhazia and Armenia, Belarus, Kazakhstan, Kyrgyzstan, Uzbekistan, and Tajikistan in Moscow in September 2025.",Uzbekistan,Uzbekistan,UZB,Uzbekistan,,,06/2026,09/2025,,8,8,In-Person,T,UZ,UZ,UZB,UZB,,1,,41.502285 N,41.502285,41.502285,Moscow,63.032382 E,63.032382,63.032382,,,,375,208,,78,,,,,,,1,,Uzbekistan,,Sputnik ,SputnikPro,440822969748.5293,5799927.974907044,https ://vk dot com/wall-228821367_7025 ; https://ria dot ru/20250922/sputnikpro-2043532205.html ; https://am dot sputniknews dot ru/20250920/armyanskie-zhurnalisty-proshli-tretiy-sezon-proekta-sputnikpro-na-zubovskom-93687768.html,6,Uzbekistan,Uzbekistan,,,,"스푸트니크프로 온 주보프스키는 2025년 9월 모스크바에서 러시아가 점령한 압하지야와 아르메니아, 벨라루스, 카자흐스탄, 키르기스스탄, 우즈베키스탄, 타지키스탄 출신 언론인을 대상으로 텔레그램 채널 개설 및 홍보에 관한 마스터클래스를 진행했다.",,,우즈베키스탄,우즈베키스탄,,,우즈베키스탄,우즈베키스탄,우즈베키스탄,모스크바,스푸트니크,스푸트니크프로,대면,러시아 국영 매체 교육 행사
67,Russian State Media Training Events,UZ,T,,Rossiya Segodnya photo editor Anna Markelova conducted the lecture.,,SputnikPro held a lecture on using AI tools for content creation and identifying AI-generated footage at the Uzbek State World Languages University (UzSWLU) in October 2025.,Uzbekistan,Uzbekistan,UZB,Uzbekistan,,,06/2026,10/2025,,82,8,In-Person,T,UZ,UZ,UZB,UZB,,1,,41.502285 N,41.502285,41.502285,Tashkent,63.032382 E,63.032382,63.032382,,,,376,209,,78,,,,,Uzbek State World Languages University (UzSWLU),,1,,Uzbekistan,,Sputnik ,SputnikPro,440822969748.5293,5799927.974907044,https ://sputniknews dot uz/20251017/neyron-tarmoqlar-52798407.html,6,Uzbekistan,Uzbekistan,,,,스푸트니크프로는 2025년 10월 우즈베키스탄 국립세계언어대학교(UzSWLU)에서 콘텐츠 제작에 AI 도구를 활용하고 AI 생성 영상을 식별하는 방법에 관한 강연을 진행했다.,,로시야 세고드냐 사진 편집자 안나 마르켈로바가 강연을 진행했다.,우즈베키스탄,우즈베키스탄,,,우즈베키스탄,우즈베키스탄,우즈베키스탄,타슈켄트,스푸트니크,스푸트니크프로,대면,러시아 국영 매체 교육 행사
67,Russian State Media Training Events,UZ,F,,Sputnik Director Margarita Nekrasova conducted the masterclass.,,"SputnikPro held a masterclass on content advertising, factchecking, and the use of AI in journalism at Bucheon University in Tashkent, Uzbekistan, in April 2026.",Uzbekistan,Uzbekistan,UZB,Uzbekistan,,,06/2026,04/2026,,45,8,In-Person,T,UZ,UZ,UZB,UZB,,1,,41.502285 N,41.502285,41.502285,Tashkent,63.032382 E,63.032382,63.032382,,,,377,210,,78,,,,,Bucheon University Tashkent,,1,,Uzbekistan,,Sputnik ,SputnikPro,440822969748.5293,5799927.974907044,https ://sputniknews dot uz/20260429/sputnikpro-auditoriya-saqlab-qolish-57230396.html ; https://uz dot sputniknews.ru/20260429/kak-smi-uderjat-auditoriyu-sputnikpro-tashkent-57231095.html ; https://uz dot sputniknews.ru/20260422/sputnikpro-rasskajut-kak-smi-uderjat-auditoriyu-v-epoxu-pyatisekundnogo-fokusa-57082953.html ,6,Uzbekistan,Uzbekistan,,,,"스푸트니크프로는 2026년 4월 우즈베키스탄 타슈켄트市의 부천대학교에서 콘텐츠 광고, 사실 확인, 저널리즘 분야의 AI 활용에 관한 마스터클래스를 진행했다.",,스푸트니크 책임자 마르가리타 네크라소바(Margarita Nekrasova)가 마스터클래스를 진행했다.,우즈베키스탄,우즈베키스탄,,,우즈베키스탄,우즈베키스탄,우즈베키스탄,타슈켄트,스푸트니크,스푸트니크프로,대면,러시아 국영 매체 교육 행사
67,Russian State Media Training Events,UZ,F,,Sputnik Director Margarita Nekrasova conducted the masterclass.,,"SputnikPro held a masterclass on content advertising, factchecking, and the use of AI in journalism at the Uzbek State University of World Languages in Tashkent, Uzbekistan, in April 2026.",Uzbekistan,Uzbekistan,UZB,Uzbekistan,,,06/2026,04/2026,,46,8,In-Person,T,UZ,UZ,UZB,UZB,,1,,41.502285 N,41.502285,41.502285,Tashkent,63.032382 E,63.032382,63.032382,,,,378,211,,78,,,,,Uzbek State World Languages University (UzSWLU),,1,,Uzbekistan,,Sputnik ,SputnikPro,440822969748.5293,5799927.974907044,https ://sputniknews dot uz/20260429/sputnikpro-auditoriya-saqlab-qolish-57230396.html ; https://uz dot sputniknews.ru/20260429/kak-smi-uderjat-auditoriyu-sputnikpro-tashkent-57231095.html ; https://uz dot sputniknews.ru/20260422/sputnikpro-rasskajut-kak-smi-uderjat-auditoriyu-v-epoxu-pyatisekundnogo-fokusa-57082953.html ,6,Uzbekistan,Uzbekistan,,,,"스푸트니크프로는 2026년 4월 우즈베키스탄 타슈켄트市의 우즈베키스탄 국립세계언어대학교에서 콘텐츠 광고, 사실 확인, 저널리즘 분야의 AI 활용에 관한 마스터클래스를 진행했다.",,스푸트니크 책임자 마르가리타 네크라소바(Margarita Nekrasova)가 마스터클래스를 진행했다.,우즈베키스탄,우즈베키스탄,,,우즈베키스탄,우즈베키스탄,우즈베키스탄,타슈켄트,스푸트니크,스푸트니크프로,대면,러시아 국영 매체 교육 행사
67,Russian State Media Training Events,VU,,,,,,Vanuatu,Vanuatu,,Vanuatu,,,,,,,,,,VU,,,,,,,,,,,,,,,,,379,,,244,,,,,,,,,,,,,10332880470.378906,1649310.0026709447,,,,,,,,,,,바누아투,바누아투,,,,,,,,,,러시아 국영 매체 교육 행사
67,Russian State Media Training Events,VA,,,,,,Vatican City,Holy See (Vatican City State),,Vatican City,,,,,,,,,,VA,,,,,,,,,,,,,,,,,380,,,245,,,,,,,,,,,,,557379.361328125,2988.264264779147,,,,,,,,,,,바티칸 시국,바티칸 시국,,,,,,,,,,러시아 국영 매체 교육 행사
67,Russian State Media Training Events,VE,F,Bolivarian University of Venezuela Center for Social Communication and Free Technologies Marinella Vargas thanked Sputnik for the training.,Sputnik Mundo correspondent Viktor Ternovsky led the class.,,SputnikPro held a masterclass on war journalism for students of the Bolivarian University of Venezuela in November 2022.,Venezuela,"Venezuela, Bolivarian Republic of",VEN,Venezuela,,,06/2026,11/2022,,47,2,Virtual,F,VE,VE,VEN,VEN,,,,7.084473 N,7.084473,7.084473,,66.092694 W,-66.092694,-66.092694,,,,381,212,,79,,,,,Bolivarian University of Venezuela (UBV),,,,Venezuela,,Sputnik ,SputnikPro,750344371935.1428,7668376.305543925,https ://xn--c1acbl2abdlkab1og dot xn--p1ai/20221109/327304.html ; https://noticiaslatam dot lat/20221110/estudiantes-de-venezuela-se-unen-al-proyecto-sputnikpro-1132315974.html ,2,Venezuela,Venezuela,,,,스푸트니크프로는 2022년 11월 베네수엘라 볼리바르대학교 학생들을 대상으로 종군기자 활동에 관한 마스터클래스를 진행했다.,베네수엘라 볼리바르대학교 사회커뮤니케이션·자유기술센터의 마리넬라 바르가스(Marinella Vargas)는 연수에 대해 스푸트니크에 감사를 표했다.,스푸트니크 문도(Sputnik Mundo) 특파원 빅토르 테르노프스키(Viktor Ternovsky)가 강의를 진행했다.,베네수엘라,베네수엘라,,,베네수엘라,베네수엘라,베네수엘라,,스푸트니크,스푸트니크프로,온라인,러시아 국영 매체 교육 행사
67,Russian State Media Training Events,VE,T,,Sputnik Head of Digital Products Artem Chibarov led the seminar.,,"SputnikPro held a seminar on the use of AI in the creation of audiovisual content for employees of Telesur, a Caracas-based television network which Venezuela, Cuba, and Nicaragua sponsor, as part of a month-long series of masterclasses focused on the use of AI in recognizing fake news, creating podcasts, and optimizing journalism workflows in April 2025.",Venezuela,"Venezuela, Bolivarian Republic of",VEN,Venezuela,,,06/2026,04/2025,,68,2,Virtual,F,VE,VE,VEN,VEN,,,,7.084473 N,7.084473,7.084473,,66.092694 W,-66.092694,-66.092694,,,,382,213,,79,,,,,Telesur,,,,Venezuela,,Sputnik ,SputnikPro,750344371935.1428,7668376.305543925,https ://xn--c1acbl2abdlkab1og dot xn--p1ai/20250430/682720.html ,2,Venezuela,Venezuela,,,,"스푸트니크프로는 2025년 4월 베네수엘라, 쿠바, 니카라과가 후원하는 카라카스 소재 텔레비전 네트워크 텔레수르(Telesur) 직원을 대상으로 시청각 콘텐츠 제작에 AI를 활용하는 방법에 관한 세미나를 진행했다. 이번 세미나는 가짜 뉴스 식별, 팟캐스트 제작, 저널리즘 업무 흐름 최적화에 AI를 활용하는 방법을 다룬 한 달간의 마스터클래스 시리즈의 일환이었다.",,스푸트니크 디지털 제품 책임자 아르툠 치바로프(Artem Chibarov)가 세미나를 진행했다.,베네수엘라,베네수엘라,,,베네수엘라,베네수엘라,베네수엘라,,스푸트니크,스푸트니크프로,온라인,러시아 국영 매체 교육 행사
67,Russian State Media Training Events,VN,T,Konrad claimed that AI has become a “key component” of “nearly all of the agency's products.” Voice of Vietnam reporter Kieu Anh Nguyen claimed that the masterclass was valuable and showed her AI can be a valuable journalistic assistant.,Rossiya Segodnya Director of Special Projects Mikhail Konrad led the masterclass.,,"SputnikPro held a training course on the use of AI in broadcasting, including speech recognition and synthesis, voice cloning, podcasts, and live streaming, and the ethics of AI use in media work for journalists from the Voice of Vietnam media group, official newspaper of the Vietnamese Communist Party Nhân Dân, Vietnam News Agency (VNA), and Hưng Yênin Province Báo Hưng Yên and Quảng Ninh province Báo Quảng Ninh điện tử official newspapers in May 2026.",Vietnam,Viet Nam,VNM,Vietnam,,,06/2026,05/2026,,74,1,In-Person,T,VN,VN,VNM,VNM,,,,14.5974809 N ,14.5974809,14.5974809,Hanoi,108.2814569 E,108.2814569,108.2814569,,,,383,214,,80,,,,,Voice of Vietnam (VOV) ; Vietnam News Agency (VNA) ; Nhân Dân ; Báo Hưng Yên ; Báo Quảng Ninh điện tử,,,,Vietnam,,Sputnik ,SputnikPro,274140456223.16406,6786323.363818057,https://xn--c1acbl2abdlkab1og dot xn--p1ai/20260527/783738.html ; https://vov dot vn/xa-hoi/dau-an-vov/dai-tieng-noi-viet-nam-to-chuc-khoa-tap-huan-ung-dung-ai-trong-toa-soan-post1295041.vov ,1,Vietnam,Vietnam,,,,"스푸트니크프로는 2026년 5월 보이스 오브 베트남 미디어 그룹, 베트남 공산당 기관지 년전(Nhân Dân), 베트남 통신사(VNA), 흥옌省 바오흥옌(Báo Hưng Yên), 꽝닌省 바오꽝닌 전자판(Báo Quảng Ninh điện tử) 소속 언론인을 대상으로 방송 분야의 AI 활용 및 미디어 업무에서의 AI 윤리에 관한 연수 과정을 진행했다. 연수에는 음성 인식 및 합성, 음성 복제, 팟캐스트, 실시간 스트리밍 등이 포함됐다.",콘라드는 AI가 ‘통신사 제품 거의 전반’의 ‘핵심 구성 요소’가 됐다고 주장했다. 보이스 오브 베트남 기자 끼에우 아인 응우옌(Kieu Anh Nguyen)은 마스터클래스가 유익했으며 AI가 언론 활동에 유용한 보조 수단이 될 수 있음을 보여줬다고 밝혔다.,로시야 세고드냐 특별 프로젝트 책임자 미하일 콘라드가 마스터클래스를 진행했다.,베트남,베트남,,,베트남,베트남,베트남,하노이,스푸트니크,스푸트니크프로,대면,러시아 국영 매체 교육 행사
67,Russian State Media Training Events,FR,,,,,,Wallis and Futuna,France,,Wallis and Futuna,,,,,,,,,,WF,,,,,,,,,,,,,,,,,384,,,248,,,,,,,,,,,,,134107581.9140625,72868.8338878999,,,,,,,,,,,왈리스-푸투나 제도,프랑스,,,,,,,,,,러시아 국영 매체 교육 행사
67,Russian State Media Training Events,YE,T,,Sputnik Arabic Editors-in-Chief Yahan Ajouz and Suleiman Wasim conducted the seminar.,,SputnikPro held a seminar on the ethics of AI use in media work for Yemeni television channel Yemen Today in December 2025.,Yemen,Yemen,YEM,Yemen,,,07/2026,12/2025,,88,2,Virtual,T,YE,YE,YEM,YEM,,,,15.551768 N,15.551768,15.551768,,47.36716 E,47.36716,47.36716,,,,385,215,,81,,,,,Yemen Today,,,,Yemen,,Sputnik ,SputnikPro,381655547600.4751,3332768.485290911,https ://xn--c1acbl2abdlkab1og dot xn--p1ai/20251208/758145.html,2,Yemen,Yemen,,,,스푸트니크프로는 2025년 12월 예멘 TV 채널 예멘 투데이(Yemen Today)를 대상으로 미디어 업무에서 AI 활용의 윤리에 관한 세미나를 진행했다.,,스푸트니크 아랍어 편집장 야한 아우즈와 술레이만 와심이 세미나를 진행했다.,예멘,예멘,,,예멘,예멘,예멘,,스푸트니크,스푸트니크프로,온라인,러시아 국영 매체 교육 행사
67,Russian State Media Training Events,YE,T,Vice Dean of the Faculty of Media and Communication at Sana’a University Hatim Ali Heidar Muqbil Al-Salehi delivered a welcoming speech on behalf of the university.,Sputnik Arabic Editors-in-Chief Yahan Ajouz and Suleiman Wasim conducted the lecture.,,SputnikPro held a lecture on the use of AI for data analysis and content verification for students of the Sana’a University in Yemen in April 2026.,Yemen,Yemen,YEM,Yemen,,,06/2026,04/2026,,49,2,Virtual,T,YE,YE,YEM,YEM,,,,15.551768 N,15.551768,15.551768,,47.36716 E,47.36716,47.36716,,,,386,216,,81,,,,,Sana'a University,,,,Yemen,,Sputnik ,SputnikPro,381655547600.4751,3332768.485290911,https: //ria dot ru/20260429/sputnikpro-2089681849.html ; https://sarabic dot ae/20260429/%D8%B3%D8%A8%D9%88%D8%AA%D9%86%D9%8A%D9%83-%D8%A8%D8%B1%D9%88-%D8%AA%D9%86%D8%B8%D9%85-%D9%88%D8%B1%D8%B4%D8%A9-%D8%B9%D9%85%D9%84-%D9%85%D8%B9-%D8%AC%D8%A7%D9%85%D8%B9%D8%A9-%D8%B5%D9%86%D8%B9%D8%A7%D8%A1-%D8%AD%D9%88%D9%84-%D8%A7%D8%B3%D8%AA%D8%AE%D8%AF%D8%A7%D9%85-%D8%A7%D9%84%D8%B0%D9%83%D8%A7%D8%A1-%D8%A7%D9%84%D8%A7%D8%B5%D8%B7%D9%86%D8%A7%D8%B9%D9%8A-%D9%81%D9%8A-%D9%88%D9%83%D8%A7%D9%84%D8%A7%D8%AA-%D8%A7%D9%84%D8%A3%D9%86%D8%A8%D8%A7%D8%A1-%D9%84%D9%84%D9%82%D8%B1%D9%86-21-1112975263.html ,2,Yemen,Yemen,,,,스푸트니크프로는 2026년 4월 예멘 사나대학교 학생들을 대상으로 데이터 분석 및 콘텐츠 검증에 AI를 활용하는 방법에 관한 강연을 진행했다.,사나대학교 미디어·커뮤니케이션학부 부학장 하팀 알리 하이다르 무크빌 알살레히(Hatim Ali Heidar Muqbil Al-Salehi)가 대학을 대표해 환영사를 했다.,스푸트니크 아랍어 편집장 야한 아우즈(Yahan Ajouz)와 술레이만 와심(Suleiman Wasim)이 강연을 진행했다.,예멘,예멘,,,예멘,예멘,예멘,,스푸트니크,스푸트니크프로,온라인,러시아 국영 매체 교육 행사
67,Russian State Media Training Events,ZM,F,Reportedly 15 journalists ,"Rossiya Segodnya Director of International Cooperation Vasily Pushkov noted that this was the first in-person session of SputnikPro for African students since the COVID-19 pandemic and claimed that it marked the restoration of “full-fledged, direct dialogue between Russia and African nations.” ",,"SputnikPro held a week-long series of lectures and workshops in Moscow for African journalists, including correspondents and producers from Ethiopian state news agency Ethiopian News Agency (ENA), Kenyan state media organization Kenyan Broadcasting Corporation (KBC), Nigerian state news agency News Agency of Nigeria (NAN), South African multi-platform content company Independent Media, Namibian public broadcaster Namibian Broadcasting Corporation (NBC), Zambian state newspaper Zambia Daily Mail, Tunisian radio station Radio Sabra FM, Ugandan English-language daily newspaper New Vision, and Cameroonian state radio and television broadcasting company Cameroon Radio Television (CRTV), in October 2022.",Zambia,Zambia,ZMB,Zambia,,,06/2026,10/2022,,15,2,In-Person,F,ZM,ZM,ZMB,ZMB,1,,,15.0057836 S ,-15.0057836,-15.0057836,Moscow,26.5787106 E ,26.5787106,26.5787106,,,,387,220,,83,,,,,Zambia Daily Mail,,,,Zambia,,Sputnik ,SputnikPro,628020526075.4187,4906749.102432051,https ://sputnikglobe dot com/20221019/journalists-from-leading-african-media-outlets-join-sputnikpro-project-in-moscow-1102077086.html ; https://rossiyasegodnya dot com/20221018/314836.html ; https ://newsnowonline dot com dot ng/2022/10/20/african-journalists-in-moscow-for-training/,1,Zambia,Zambia,,,,"스푸트니크프로는 2022년 10월 모스크바에서 아프리카 언론인을 대상으로 일주일간 강연과 워크숍을 진행했다. 참가자는 에티오피아 국영 통신사 에티오피아 통신사(ENA), 케냐 국영 매체 케냐 방송공사(KBC), 나이지리아 국영 통신사 나이지리아 통신사(NAN), 남아프리카공화국 멀티플랫폼 콘텐츠 기업 인디펜던트 미디어(Independent Media), 나미비아 공영 방송사 나미비아 방송공사(NBC), 잠비아 국영 신문 잠비아 데일리 메일(Zambia Daily Mail), 튀니지 라디오 방송국 라디오 사브라 FM(Radio Sabra FM), 우간다 영자 일간지 뉴비전(New Vision), 카메룬 국영 라디오·텔레비전 방송사 카메룬 라디오 텔레비전(CRTV)의 특파원과 프로듀서 등이었다.",보도에 따르면 언론인 15명이 참석했다.,로시야 세고드냐 국제협력국장 바실리 푸시코프는 이번 행사가 코로나19 팬데믹 이후 아프리카 학생들을 대상으로 열린 스푸트니크프로의 첫 대면 세션이라고 언급했다. 그는 이번 행사가 ‘러시아와 아프리카 국가 간 온전하고 직접적인 대화’의 복원을 의미한다고 주장했다.,잠비아,잠비아,,,잠비아,잠비아,잠비아,모스크바,스푸트니크,스푸트니크프로,대면,러시아 국영 매체 교육 행사
67,Russian State Media Training Events,ZM,F,,"Director of the International Cooperation Directorate and RT Media Group Vasily Pushkov, Deputy Executive Director of the Gorchakov Fund Sergey Orlov, Rossotrudnichestvo representative Elena Litvichenko",,"InteRussia held a fellowship program for journalists from Burundi, Zambia, Cameroon, Kenya, Mozambique, Rwanda, Senegal, Somalia, and Uganda in July 2026.",Zambia,Zambia,ZMB,Zambia,,,07/2026,07/2026,,105,2,In-Person,T,ZM,ZM,ZMB,ZMB,1,,,15.0057836 S ,-15.0057836,-15.0057836,Moscow,26.5787106 E ,26.5787106,26.5787106,,,,388,221,,83,,,,,,,,,Zambia,,Gorchakov Fund,InteRussia,628020526075.4187,4906749.102432051,https ://t.me/interussia_programme/1817,1,Zambia,Zambia,,,,"인테르러시아는 2026년 7월 부룬디, 잠비아, 카메룬, 케냐, 모잠비크, 르완다, 세네갈, 소말리아, 우간다 출신 언론인을 대상으로 펠로십 프로그램을 진행했다.",,"국제협력국장 겸 RT 미디어 그룹 소속 바실리 푸시코프, 고르차코프 기금 부집행이사 세르게이 오를로프, 로스소트루드니체스트보 대표 엘레나 리트비첸코(Elena Litvichenko)가 참석했다.",잠비아,잠비아,,,잠비아,잠비아,잠비아,모스크바,고르차코프 기금,인테르러시아,대면,러시아 국영 매체 교육 행사
67,Russian State Media Training Events,ZW,,,,,,Zimbabwe,Zimbabwe,,Zimbabwe,,,,,,,,,,ZW,,,,,,,,,,,,,,,,,389,,,251,,,,,,,,,,,,,331936456295.7007,2606683.1532019214,,,,,,,,,,,짐바브웨,짐바브웨,,,,,,,,,,러시아 국영 매체 교육 행사
45,Countries,AF,,,,,,Afghanistan,Afghanistan,,,,,,,,,,,,AF,,,,,,,,33.8534004,,,,65.9937395,,,,,1,,,,,,,,,,,,,,,,596750660752.9043,4811823.280320171,,,,,,,,,,,아프가니스탄,아프가니스탄,,,,,,,,,,국가
45,Countries,AL,,,,,,Albania,Albania,,,,,,,,,,,,AL,,,,,,,,,,,,,,,,,2,,,,,,,,,,,,,,,,28133500088.828125,941886.3443376714,,,,,,,,,,,알바니아,알바니아,,,,,,,,,,국가
45,Countries,DZ,,,,,,Algeria,Algeria,,,,,,,,,,,,DZ,,,,,,,,28.251501,,,,2.402486,,,,,3,,,,,,,,,,,,,,,,2074191639712.1855,6848872.005176982,,,,,,,,,,,알제리,알제리,,,,,,,,,,국가
45,Countries,US,,,,,,American Samoa,United States,,,,,,,,,,,,AS,,,,,,,,,,,,,,,,,10,,,,,,,,,,,,,,,,137070835.4609375,56256.75429273174,,,,,,,,,,,아메리칸 사모아,미국,,,,,,,,,,국가
45,Countries,AD,,,,,,Andorra,Andorra,,,,,,,,,,,,AD,,,,,,,,,,,,,,,,,11,,,,,,,,,,,,,,,,503733484.14294434,86681.86724898772,,,,,,,,,,,안도라,안도라,,,,,,,,,,국가
45,Countries,AO,,,,,,Angola,Angola,,,,,,,,,,,,AO,,,,,,,,,,,,,,,,,12,,,,,,,,,,,,,,,,1039038210424.7504,5883734.320193412,,,,,,,,,,,앙골라,앙골라,,,,,,,,,,국가
45,Countries,GB,,,,,,Anguilla,United Kingdom,,,,,,,,,,,,AI,,,,,,,,,,,,,,,,,13,,,,,,,,,,,,,,,,77459562.09472656,46921.042465206505,,,,,,,,,,,앵귈라,영국,,,,,,,,,,국가
45,Countries, ,,,,,,Antarctica, ,,,,,,,,,,,,AQ,,,,,,,,,,,,,,,,,14,,,,,,,,,,,,,,,,23084029865875.336,103565431.63464966,,,,,,,,,,,남극 대륙,,,,,,,,,,,국가
45,Countries,AG,,,,,,Antigua and Barbuda,Antigua and Barbuda,,,,,,,,,,,,AG,,,,,,,,,,,,,,,,,15,,,,,,,,,,,,,,,,453902687.9316406,115172.266685466,,,,,,,,,,,앤티가 바부다,앤티가 바부다,,,,,,,,,,국가
45,Countries,AR,,,,,,Argentina,Argentina,,,,,,,,,,,,AR,,,,,,,,-36.1575119,,,,-65.1504078,,,,,16,,,,,,,,,,,,,,,,2613077503433.3896,13331285.68833836,,,,,,,,,,,아르헨티나,아르헨티나,,,,,,,,,,국가
45,Countries,AM,,,,,,Armenia,Armenia,,,,,,,,,,,,AM,,,,,,,,40.4680011,,,,44.710096,,,,,18,,,,,,,,,,,,,,,,28945202969.583008,1168496.503360026,,,,,,,,,,,아르메니아,아르메니아,,,,,,,,,,국가
45,Countries,NL,,,,,,Aruba,Netherlands,,,,,,,,,,,,AW,,,,,,,,,,,,,,,,,22,,,,,,,,,,,,,,,,166156016.57470703,60222.31476987608,,,,,,,,,,,아루바,네덜란드,,,,,,,,,,국가
45,Countries,AU,,,,,,Australia,Australia,,,,,,,,,,,,AU,,,,,,,,,,,,,,,,,23,,,,,,,,,,,,,,,,6790483132354.2295,25575430.74297781,,,,,,,,,,,오스트레일리아,오스트레일리아,,,,,,,,,,국가
45,Countries,AT,,,,,,Austria,Austria,,,,,,,,,,,,AT,,,,,,,,,,,,,,,,,24,,,,,,,,,,,,,,,,87081191627.14429,1966041.6536655512,,,,,,,,,,,오스트리아,오스트리아,,,,,,,,,,국가
45,Countries,AZ,,,,,,Azerbaijan,Azerbaijan,,,,,,,,,,,,AZ,,,,,,,,40.183052,,,,47.311555,,,,,25,,,,,,,,,,,,,,,,160346694964.83496,2750487.238222149,,,,,,,,,,,아제르바이잔,아제르바이잔,,,,,,,,,,국가
45,Countries,PT,,,,,,Azores,Portugal,,,,,,,,,,,,PT,,,,,,,,,,,,,,,,,29,,,,,,,,,,,,,,,,2469625905.2958984,593430.7099991891,,,,,,,,,,,아조레스 제도,포르투갈,,,,,,,,,,국가
45,Countries,BS,,,,,,Bahamas,Bahamas,,,,,,,,,,,,BS,,,,,,,,,,,,,,,,,30,,,,,,,,,,,,,,,,10601449878.97754,2504759.311407329,,,,,,,,,,,바하마,바하마,,,,,,,,,,국가
45,Countries,BH,,,,,,Bahrain,Bahrain,,,,,,,,,,,,BH,,,,,,,,,,,,,,,,,31,,,,,,,,,,,,,,,,565007522.0986328,170431.3615587017,,,,,,,,,,,바레인,바레인,,,,,,,,,,국가
45,Countries,BD,,,,,,Bangladesh,Bangladesh,,,,,,,,,,,,BD,,,,,,,,23.513763,,,,90.164284,,,,,32,,,,,,,,,,,,,,,,120171015443.72266,4302110.110997908,,,,,,,,,,,방글라데시,방글라데시,,,,,,,,,,국가
45,Countries,BB,,,,,,Barbados,Barbados,,,,,,,,,,,,BB,,,,,,,,,,,,,,,,,34,,,,,,,,,,,,,,,,372246510.86328125,81976.88928623908,,,,,,,,,,,바베이도스,바베이도스,,,,,,,,,,국가
45,Countries,BY,,,,,,Belarus,Belarus,,,,,,,,,,,,BY,,,,,,,,53.351967,,,,28.033069,,,,,35,,,,,,,,,,,,,,,,228353588677.18066,2758349.8961291676,,,,,,,,,,,벨라루스,벨라루스,,,,,,,,,,국가
45,Countries,BE,,,,,,Belgium,Belgium,,,,,,,,,,,,BE,,,,,,,,50.761123,,,,4.5179076,,,,,45,,,,,,,,,,,,,,,,32705872694.849976,1069996.3435782099,,,,,,,,,,,벨기에,벨기에,,,,,,,,,,국가
45,Countries,BZ,,,,,,Belize,Belize,,,,,,,,,,,,BZ,,,,,,,,,,,,,,,,,46,,,,,,,,,,,,,,,,18672113480.84082,900614.186663766,,,,,,,,,,,벨리즈,벨리즈,,,,,,,,,,국가
45,Countries,BJ,,,,,,Benin,Benin,,,,,,,,,,,,BJ,,,,,,,,9.40452,,,,2.201306,,,,,47,,,,,,,,,,,,,,,,96100415180.43791,1748005.524567339,,,,,,,,,,,베냉,베냉,,,,,,,,,,국가
45,Countries,GB,,,,,,Bermuda,United Kingdom,,,,,,,,,,,,BM,,,,,,,,,,,,,,,,,48,,,,,,,,,,,,,,,,19737371.921875,41384.84231462076,,,,,,,,,,,버뮤다,영국,,,,,,,,,,국가
45,Countries,BT,,,,,,Bhutan,Bhutan,,,,,,,,,,,,BT,,,,,,,,,,,,,,,,,49,,,,,,,,,,,,,,,,35451346441.87695,885902.8838266705,,,,,,,,,,,부탄,부탄,,,,,,,,,,국가
45,Countries,BO,,,,,,Bolivia,"Bolivia, Plurinational State of",,,,,,,,,,,,BO,,,,,,,,-16.4640187,,,,-64.393026,,,,,50,,,,,,,,,,,,,,,,917569473432.9497,5276401.97773818,,,,,,,,,,,볼리비아,볼리비아,,,,,,,,,,국가
45,Countries,NL,,,,,,Bonaire,Netherlands,,,,,,,,,,,,BQ,,,,,,,,,,,,,,,,,52,,,,,,,,,,,,,,,,262997995.52734375,83527.358483743,,,,,,,,,,,보네르,네덜란드,,,,,,,,,,국가
45,Countries,BA,,,,,,Bosnia and Herzegovina,Bosnia and Herzegovina,,,,,,,,,,,,BA,,,,,,,,,,,,,,,,,53,,,,,,,,,,,,,,,,51909843995.993164,1228715.61218184,,,,,,,,,,,보스니아 헤르체고비나,보스니아 헤르체고비나,,,,,,,,,,국가
45,Countries,BW,,,,,,Botswana,Botswana,,,,,,,,,,,,BW,,,,,,,,,,,,,,,,,54,,,,,,,,,,,,,,,,499813941659.5166,3393110.86997644,,,,,,,,,,,보츠와나,보츠와나,,,,,,,,,,국가
45,Countries,NO,,,,,,Bouvet Island,Norway,,,,,,,,,,,,BV,,,,,,,,,,,,,,,,,55,,,,,,,,,,,,,,,,63853553.04797363,30980.53354283035,,,,,,,,,,,부베섬,노르웨이,,,,,,,,,,국가
45,Countries,BR,,,,,,Brazil,Brazil,,,,,,,,,,,,BR,,,,,,,,-11.102339,,,,-53.012298,,,,,56,,,,,,,,,,,,,,,,7070882439393.247,24893081.2184774,,,,,,,,,,,브라질,브라질,,,,,,,,,,국가
45,Countries,GB,,,,,,British Indian Ocean Territory,United Kingdom,,,,,,,,,,,,IO,,,,,,,,,,,,,,,,,59,,,,,,,,,,,,,,,,74470005.1586914,87990.03211712258,,,,,,,,,,,영국령 인도양 지역,영국,,,,,,,,,,국가
45,Countries,GB,,,,,,British Virgin Islands,United Kingdom,,,,,,,,,,,,VG,,,,,,,,,,,,,,,,,60,,,,,,,,,,,,,,,,97977525.17675781,63665.914788241294,,,,,,,,,,,영국령 버진아일랜드,영국,,,,,,,,,,국가
45,Countries,BN,,,,,,Brunei Darussalam,Brunei Darussalam,,,,,,,,,,,,BN,,,,,,,,,,,,,,,,,61,,,,,,,,,,,,,,,,4716148507.041992,497121.84170472185,,,,,,,,,,,브루나이,브루나이,,,,,,,,,,국가
45,Countries,BG,,,,,,Bulgaria,Bulgaria,,,,,,,,,,,,BG,,,,,,,,,,,,,,,,,62,,,,,,,,,,,,,,,,110480287182.44922,1867200.259017038,,,,,,,,,,,불가리아,불가리아,,,,,,,,,,국가
45,Countries,BF,,,,,,Burkina Faso,Burkina Faso,,,,,,,,,,,,BF,,,,,,,,12.1766,,,,-1.441802,,,,,63,,,,,,,,,,,,,,,,226637845440.3591,2682083.23882754,,,,,,,,,,,부르키나파소,부르키나파소,,,,,,,,,,국가
45,Countries,BI,,,,,,Burundi,Burundi,,,,,,,,,,,,BI,,,,,,,,-3.3586452,,,,29.9326639,,,,,66,,,,,,,,,,,,,,,,22291164171.974976,783465.3200380564,,,,,,,,,,,부룬디,부룬디,,,,,,,,,,국가
45,Countries,CV,,,,,,Cabo Verde,Cabo Verde,,,,,,,,,,,,CV,,,,,,,,,,,,,,,,,68,,,,,,,,,,,,,,,,3392505969.8320312,650130.4128182654,,,,,,,,,,,카보베르데,카보베르데,,,,,,,,,,국가
45,Countries,KH,,,,,,Cambodia,Cambodia,,,,,,,,,,,,KH,,,,,,,,12.43199,,,,104.55267,,,,,69,,,,,,,,,,,,,,,,151413897936.32812,2212097.3587692347,,,,,,,,,,,캄보디아,캄보디아,,,,,,,,,,국가
45,Countries,CM,,,,,,Cameroon,Cameroon,,,,,,,,,,,,CM,,,,,,,,5.424777,,,,12.445123,,,,,70,,,,,,,,,,,,,,,,382113825519.2379,4234513.852644567,,,,,,,,,,,카메룬,카메룬,,,,,,,,,,국가
45,Countries,CA,,,,,,Canada,Canada,,,,,,,,,,,,CA,,,,,,,,,,,,,,,,,76,,,,,,,,,,,,,,,,11992320848801.443,167717773.83438674,,,,,,,,,,,캐나다,캐나다,,,,,,,,,,국가
45,Countries,ES,,,,,,Canarias,Spain,,,,,,,,,,,,ES,,,,,,,,,,,,,,,,,77,,,,,,,,,,,,,,,,6763245247.104736,943135.4454851549,,,,,,,,,,,카나리아 제도,스페인,,,,,,,,,,국가
45,Countries,GB,,,,,,Cayman Islands,United Kingdom,,,,,,,,,,,,KY,,,,,,,,,,,,,,,,,78,,,,,,,,,,,,,,,,177790434.7626953,70800.18438519561,,,,,,,,,,,케이맨 제도,영국,,,,,,,,,,국가
45,Countries,CF,,,,,,Central African Republic,Central African Republic,,,,,,,,,,,,CF,,,,,,,,,,,,,,,,,79,,,,,,,,,,,,,,,,509005806773.99384,4207019.42799149,,,,,,,,,,,중앙 아프리카 공화국,중앙 아프리카 공화국,,,,,,,,,,국가
45,Countries,TD,,,,,,Chad,Chad,,,,,,,,,,,,TD,,,,,,,,15.29008,,,,18.402115,,,,,80,,,,,,,,,,,,,,,,1069626753940.0234,5195628.3061985085,,,,,,,,,,,차드,차드,,,,,,,,,,국가
45,Countries,CL,,,,,,Chile,Chile,,,,,,,,,,,,CL,,,,,,,,-35.3390194,,,,-71.4368507,,,,,81,,,,,,,,,,,,,,,,712283995818.8701,31370140.069023028,,,,,,,,,,,칠레,칠레,,,,,,,,,,국가
45,Countries,CN,,,,,,China,China,,,,,,,,,,,,CN,,,,,,,,34.7392036,,,,102.1484689,,,,,82,,,,,,,,,,,,,,,,8881826989157.967,29265705.497031085,,,,,,,,,,,중국,중국,,,,,,,,,,국가
45,Countries,AU,,,,,,Christmas Island,Australia,,,,,,,,,,,,CX,,,,,,,,,,,,,,,,,92,,,,,,,,,,,,,,,,102695778.90332031,40900.544761328994,,,,,,,,,,,크리스마스섬,오스트레일리아,,,,,,,,,,국가
45,Countries,AU,,,,,,Cocos Islands,Australia,,,,,,,,,,,,CC,,,,,,,,,,,,,,,,,93,,,,,,,,,,,,,,,,14924926.161132812,17753.372884786324,,,,,,,,,,,코코스 제도,오스트레일리아,,,,,,,,,,국가
45,Countries,CO,,,,,,Colombia,Colombia,,,,,,,,,,,,CO,,,,,,,,3.552351,,,,-73.045473,,,,,94,,,,,,,,,,,,,,,,932194883638.6176,7140734.918990594,,,,,,,,,,,콜롬비아,콜롬비아,,,,,,,,,,국가
45,Countries,KM,,,,,,Comoros,Comoros,,,,,,,,,,,,KM,,,,,,,,,,,,,,,,,95,,,,,,,,,,,,,,,,1426584125.1240234,307815.610819012,,,,,,,,,,,코모로,코모로,,,,,,,,,,국가
45,Countries,CG,,,,,,Congo,Congo,,,,,,,,,,,,CG,,,,,,,,-0.502866,,,,15.131358,,,,,96,,,,,,,,,,,,,,,,281943690709.71967,3836949.300166194,,,,,,,,,,,콩고,콩고,,,,,,,,,,국가
45,Countries,CD,,,,,,Congo DRC,"Congo, The Democratic Republic of the",,,,,,,,,,,,CD,,,,,,,,-2.541299,,,,23.392851,,,,,97,,,,,,,,,,,,,,,,1910874004880.3713,8401299.509634066,,,,,,,,,,,콩고민주공화국,콩고민주공화국,,,,,,,,,,국가
45,Countries,NZ,,,,,,Cook Islands,New Zealand,,,,,,,,,,,,CK,,,,,,,,,,,,,,,,,98,,,,,,,,,,,,,,,,129247686.01757812,99371.37021636666,,,,,,,,,,,쿡 제도,뉴질랜드,,,,,,,,,,국가
45,Countries,CR,,,,,,Costa Rica,Costa Rica,,,,,,,,,,,,CR,,,,,,,,,,,,,,,,,99,,,,,,,,,,,,,,,,42269342767.16162,1461513.5732209808,,,,,,,,,,,코스타리카,코스타리카,,,,,,,,,,국가
45,Countries,CI,,,,,,Côte d'Ivoire,Côte d'Ivoire,,,,,,,,,,,,CI,,,,,,,,7.381666,,,,-5.332722,,,,,100,,,,,,,,,,,,,,,,264788054092.9347,3153717.3795825792,,,,,,,,,,,코트디부아르,코트디부아르,,,,,,,,,,국가
45,Countries,HR,,,,,,Croatia,Croatia,,,,,,,,,,,,HR,,,,,,,,,,,,,,,,,101,,,,,,,,,,,,,,,,56669425226.07471,3493034.9374847226,,,,,,,,,,,크로아티아,크로아티아,,,,,,,,,,국가
45,Countries,CU,,,,,,Cuba,Cuba,,,,,,,,,,,,CU,,,,,,,,22.0969057,,,,-79.5159487,,,,,102,,,,,,,,,,,,,,,,94071637231.63672,3659895.791382143,,,,,,,,,,,쿠바,쿠바,,,,,,,,,,국가
45,Countries,NL,,,,,,Curacao,Netherlands,,,,,,,,,,,,CW,,,,,,,,,,,,,,,,,103,,,,,,,,,,,,,,,,393058236.7246094,112881.99611209166,,,,,,,,,,,퀴라소,네덜란드,,,,,,,,,,국가
45,Countries,CY,,,,,,Cyprus,Cyprus,,,,,,,,,,,,CY,,,,,,,,,,,,,,,,,104,,,,,,,,,,,,,,,,8569324149.871094,558457.6947814763,,,,,,,,,,,키프로스,키프로스,,,,,,,,,,국가
45,Countries,CZ,,,,,,Czech Republic,Czechia,,,,,,,,,,,,CZ,,,,,,,,,,,,,,,,,105,,,,,,,,,,,,,,,,83425083123.229,1635523.0595219173,,,,,,,,,,,체코,체코,,,,,,,,,,국가
45,Countries,DK,,,,,,Denmark,Denmark,,,,,,,,,,,,DK,,,,,,,,,,,,,,,,,106,,,,,,,,,,,,,,,,48158314167.864746,3904257.3529948154,,,,,,,,,,,덴마크,덴마크,,,,,,,,,,국가
45,Countries,DJ,,,,,,Djibouti,Djibouti,,,,,,,,,,,,DJ,,,,,,,,,,,,,,,,,107,,,,,,,,,,,,,,,,17811689000.992188,723989.6027160618,,,,,,,,,,,지부티,지부티,,,,,,,,,,국가
45,Countries,DM,,,,,,Dominica,Dominica,,,,,,,,,,,,DM,,,,,,,,,,,,,,,,,108,,,,,,,,,,,,,,,,646769314.2480469,112064.91321332628,,,,,,,,,,,도미니카,도미니카,,,,,,,,,,국가
45,Countries,DO,,,,,,Dominican Republic,Dominican Republic,,,,,,,,,,,,DO,,,,,,,,19.0149359,,,,-70.6659109,,,,,109,,,,,,,,,,,,,,,,41152355229.68555,1299150.463911023,,,,,,,,,,,도미니카 공화국,도미니카 공화국,,,,,,,,,,국가
45,Countries,EC,,,,,,Ecuador,Ecuador,,,,,,,,,,,,EC,,,,,,,,-1.254526,,,,-78.461752,,,,,110,,,,,,,,,,,,,,,,209195222905.36713,3538652.819683285,,,,,,,,,,,에콰도르,에콰도르,,,,,,,,,,국가
45,Countries,EG,,,,,,Egypt,Egypt,,,,,,,,,,,,EG,,,,,,,,26.395788,,,,29.464698,,,,,114,,,,,,,,,,,,,,,,883939814826.1763,5287782.127542743,,,,,,,,,,,이집트,이집트,,,,,,,,,,국가
45,Countries,SV,,,,,,El Salvador,El Salvador,,,,,,,,,,,,SV,,,,,,,,13.7117807,,,,-88.8572882,,,,,115,,,,,,,,,,,,,,,,17185443866.773438,705809.9234247423,,,,,,,,,,,엘살바도르,엘살바도르,,,,,,,,,,국가
45,Countries,GQ,,,,,,Equatorial Guinea,Equatorial Guinea,,,,,,,,,,,,GQ,,,,,,,,,,,,,,,,,116,,,,,,,,,,,,,,,,22057648916.51158,817462.9971893275,,,,,,,,,,,적도 기니,적도 기니,,,,,,,,,,국가
45,Countries,ER,,,,,,Eritrea,Eritrea,,,,,,,,,,,,ER,,,,,,,,,,,,,,,,,117,,,,,,,,,,,,,,,,101540369545.2998,2550759.7708723955,,,,,,,,,,,에리트리아,에리트리아,,,,,,,,,,국가
45,Countries,EE,,,,,,Estonia,Estonia,,,,,,,,,,,,EE,,,,,,,,58.8225714,,,,25.7151792,,,,,118,,,,,,,,,,,,,,,,53574882857.69043,1957195.2649218566,,,,,,,,,,,에스토니아,에스토니아,,,,,,,,,,국가
45,Countries,SZ,,,,,,Eswatini,Eswatini,,,,,,,,,,,,SZ,,,,,,,,,,,,,,,,,119,,,,,,,,,,,,,,,,15147818306.244629,502904.44336230255,,,,,,,,,,,에스와티니,에스와티니,,,,,,,,,,국가
45,Countries,ET,,,,,,Ethiopia,Ethiopia,,,,,,,,,,,,ET,,,,,,,,8.394399,,,,39.374893,,,,,120,,,,,,,,,,,,,,,,931257368259.7543,4664615.182572169,,,,,,,,,,,에티오피아,에티오피아,,,,,,,,,,국가
45,Countries,GB,,,,,,Falkland Islands,United Kingdom,,,,,,,,,,,,FK,,,,,,,,,,,,,,,,,126,,,,,,,,,,,,,,,,12396030878.605469,1689855.348226467,,,,,,,,,,,포클랜드 제도,영국,,,,,,,,,,국가
45,Countries,DK,,,,,,Faroe Islands,Denmark,,,,,,,,,,,,FO,,,,,,,,,,,,,,,,,127,,,,,,,,,,,,,,,,1809897895.6225586,462577.9507816307,,,,,,,,,,,페로 제도,덴마크,,,,,,,,,,국가
45,Countries,FJ,,,,,,Fiji,Fiji,,,,,,,,,,,,FJ,,,,,,,,,,,,,,,,,128,,,,,,,,,,,,,,,,15290429572.347656,1333301.9794261272,,,,,,,,,,,피지,피지,,,,,,,,,,국가
45,Countries,FI,,,,,,Finland,Finland,,,,,,,,,,,,FI,,,,,,,,,,,,,,,,,129,,,,,,,,,,,,,,,,425760323558.7002,5467187.454622174,,,,,,,,,,,핀란드,핀란드,,,,,,,,,,국가
45,Countries,FR,,,,,,France,France,,,,,,,,,,,,FR,,,,,,,,46.4131,,,,2.32275,,,,,130,,,,,,,,,,,,,,,,563385611431.6387,6019880.720163426,,,,,,,,,,,프랑스,프랑스,,,,,,,,,,국가
45,Countries,FR,,,,,,French Guiana,France,,,,,,,,,,,,GF,,,,,,,,,,,,,,,,,132,,,,,,,,,,,,,,,,68572888470.0188,1242853.2921473056,,,,,,,,,,,프랑스령 기아나,프랑스,,,,,,,,,,국가
45,Countries,FR,,,,,,French Polynesia,France,,,,,,,,,,,,PF,,,,,,,,,,,,,,,,,133,,,,,,,,,,,,,,,,1749100071.6835938,395076.1661615902,,,,,,,,,,,프랑스령 폴리네시아,프랑스,,,,,,,,,,국가
45,Countries,FR,,,,,,French Southern Territories,France,,,,,,,,,,,,TF,,,,,,,,,,,,,,,,,134,,,,,,,,,,,,,,,,7886168816.65625,1063935.6831761824,,,,,,,,,,,프랑스령 남방 지역,프랑스,,,,,,,,,,국가
45,Countries,GA,,,,,,Gabon,Gabon,,,,,,,,,,,,GA,,,,,,,,-0.36215,,,,11.48788,,,,,135,,,,,,,,,,,,,,,,213572004908.70273,3255841.476402725,,,,,,,,,,,가봉,가봉,,,,,,,,,,국가
45,Countries,GM,,,,,,Gambia,Gambia,,,,,,,,,,,,GM,,,,,,,,13.4667969,,,,-15.3860673,,,,,136,,,,,,,,,,,,,,,,8951003239.666016,1046006.4018492665,,,,,,,,,,,감비아,감비아,,,,,,,,,,국가
45,Countries,GE,,,,,,Georgia,Georgia,,,,,,,,,,,,GE,,,,,,,,43.1652985,,,,41.139188,,,,,138,,,,,,,,,,,,,,,,69267794002.62305,1670915.86514212,,,,,,,,,,,조지아,조지아,,,,,,,,,,국가
45,Countries,DE,,,,,,Germany,Germany,,,,,,,,,,,,DE,,,,,,,,51.131222,,,,10.24789,,,,,152,,,,,,,,,,,,,,,,383104457549.58276,4959539.962022607,,,,,,,,,,,독일,독일,,,,,,,,,,국가
45,Countries,GH,,,,,,Ghana,Ghana,,,,,,,,,,,,GH,,,,,,,,7.584141,,,,-1.123149,,,,,153,,,,,,,,,,,,,,,,197099965120.64722,2318824.99530004,,,,,,,,,,,가나,가나,,,,,,,,,,국가
45,Countries,GB,,,,,,Gibraltar,United Kingdom,,,,,,,,,,,,GI,,,,,,,,,,,,,,,,,156,,,,,,,,,,,,,,,,7416032.962524414,14476.482037163387,,,,,,,,,,,지브롤터,영국,,,,,,,,,,국가
45,Countries,FR,,,,,,Glorioso Islands,France,,,,,,,,,,,,TF,,,,,,,,,,,,,,,,,157,,,,,,,,,,,,,,,,4081963.4189453125,7928.984621865657,,,,,,,,,,,글로리오소 제도,프랑스,,,,,,,,,,국가
45,Countries,GR,,,,,,Greece,Greece,,,,,,,,,,,,GR,,,,,,,,,,,,,,,,,158,,,,,,,,,,,,,,,,125717598884.92139,7665988.241393547,,,,,,,,,,,그리스,그리스,,,,,,,,,,국가
45,Countries,DK,,,,,,Greenland,Denmark,,,,,,,,,,,,GL,,,,,,,,,,,,,,,,,159,,,,,,,,,,,,,,,,3437945053125.9463,63022645.69399339,,,,,,,,,,,그린란드,덴마크,,,,,,,,,,국가
45,Countries,GD,,,,,,Grenada,Grenada,,,,,,,,,,,,GD,,,,,,,,,,,,,,,,,160,,,,,,,,,,,,,,,,287958642.7871094,70107.37482747302,,,,,,,,,,,그레나다,그레나다,,,,,,,,,,국가
45,Countries,FR,,,,,,Guadeloupe,France,,,,,,,,,,,,GP,,,,,,,,,,,,,,,,,161,,,,,,,,,,,,,,,,1391083045.2080078,253802.71642614043,,,,,,,,,,,과들루프,프랑스,,,,,,,,,,국가
45,Countries,US,,,,,,Guam,United States,,,,,,,,,,,,GU,,,,,,,,,,,,,,,,,162,,,,,,,,,,,,,,,,480606452.5136719,111267.81681128399,,,,,,,,,,,괌,미국,,,,,,,,,,국가
45,Countries,GT,,,,,,Guatemala,Guatemala,,,,,,,,,,,,GT,,,,,,,,,,,,,,,,,163,,,,,,,,,,,,,,,,91666410719.7168,1663128.2241529638,,,,,,,,,,,과테말라,과테말라,,,,,,,,,,국가
45,Countries,GB,,,,,,Guernsey,United Kingdom,,,,,,,,,,,,GG,,,,,,,,,,,,,,,,,164,,,,,,,,,,,,,,,,76945714.44268799,37009.95698949825,,,,,,,,,,,건지,영국,,,,,,,,,,국가
45,Countries,GN,,,,,,Guinea,Guinea,,,,,,,,,,,,GN,,,,,,,,,,,,,,,,,165,,,,,,,,,,,,,,,,203017036307.51898,3177546.791844717,,,,,,,,,,,기니,기니,,,,,,,,,,국가
45,Countries,GW,,,,,,Guinea-Bissau,Guinea-Bissau,,,,,,,,,,,,GW,,,,,,,,,,,,,,,,,166,,,,,,,,,,,,,,,,27654834377.13672,1703977.5766674494,,,,,,,,,,,기니비사우,기니비사우,,,,,,,,,,국가
45,Countries,GY,,,,,,Guyana,Guyana,,,,,,,,,,,,GY,,,,,,,,,,,,,,,,,167,,,,,,,,,,,,,,,,172923741438.9109,2596066.821799645,,,,,,,,,,,가이아나,가이아나,,,,,,,,,,국가
45,Countries,HT,,,,,,Haiti,Haiti,,,,,,,,,,,,HT,,,,,,,,,,,,,,,,,168,,,,,,,,,,,,,,,,23122239498.509766,1350637.3929087324,,,,,,,,,,,아이티,아이티,,,,,,,,,,국가
45,Countries,AU,,,,,,Heard Island and McDonald Islands,Australia,,,,,,,,,,,,HM,,,,,,,,,,,,,,,,,169,,,,,,,,,,,,,,,,437978588.4453125,99398.15161653749,,,,,,,,,,,허드 맥도널드 제도,오스트레일리아,,,,,,,,,,국가
45,Countries,HN,,,,,,Honduras,Honduras,,,,,,,,,,,,HN,,,,,,,,,,,,,,,,,170,,,,,,,,,,,,,,,,94067452220.15918,2061762.5885165723,,,,,,,,,,,온두라스,온두라스,,,,,,,,,,국가
45,Countries,HU,,,,,,Hungary,Hungary,,,,,,,,,,,,HU,,,,,,,,,,,,,,,,,171,,,,,,,,,,,,,,,,96070873175.50879,1616914.026811546,,,,,,,,,,,헝가리,헝가리,,,,,,,,,,국가
45,Countries,IS,,,,,,Iceland,Iceland,,,,,,,,,,,,IS,,,,,,,,,,,,,,,,,172,,,,,,,,,,,,,,,,131902957232.13379,4464103.058481778,,,,,,,,,,,아이슬란드,아이슬란드,,,,,,,,,,국가
45,Countries,IN,,,,,,India,India,,,,,,,,,,,,IN,,,,,,,,23.131873,,,,79.381105,,,,,173,,,,,,,,,,,,,,,,2741073303819.0537,17607294.68697706,,,,,,,,,,,인도,인도,,,,,,,,,,국가
45,Countries,ID,,,,,,Indonesia,Indonesia,,,,,,,,,,,,ID,,,,,,,,-0.122161,,,,113.595622,,,,,183,,,,,,,,,,,,,,,,1541068461792.0151,41659459.959943786,,,,,,,,,,,인도네시아,인도네시아,,,,,,,,,,국가
45,Countries,IR,,,,,,Iran,"Iran, Islamic Republic of",,,,,,,,,,,,IR,,,,,,,,,,,,,,,,,185,,,,,,,,,,,,,,,,1548185921729.8926,7430451.81455802,,,,,,,,,,,이란,이란,,,,,,,,,,국가
45,Countries,IQ,,,,,,Iraq,Iraq,,,,,,,,,,,,IQ,,,,,,,,33.1580604,,,,43.2446348,,,,,186,,,,,,,,,,,,,,,,403295702434.38965,3280676.6560429404,,,,,,,,,,,이라크,이라크,,,,,,,,,,국가
45,Countries,IE,,,,,,Ireland,Ireland,,,,,,,,,,,,IE,,,,,,,,,,,,,,,,,187,,,,,,,,,,,,,,,,76272354566.89697,3002708.6032260214,,,,,,,,,,,아일랜드,아일랜드,,,,,,,,,,국가
45,Countries,GB,,,,,,Isle of Man,United Kingdom,,,,,,,,,,,,IM,,,,,,,,,,,,,,,,,188,,,,,,,,,,,,,,,,685196761.3328857,115718.02205694691,,,,,,,,,,,맨섬,영국,,,,,,,,,,국가
45,Countries,IL,,,,,,Israel,Israel,,,,,,,,,,,,IL,,,,,,,,,,,,,,,,,189,,,,,,,,,,,,,,,,18926736954.333008,1090208.5401757413,,,,,,,,,,,이스라엘,이스라엘,,,,,,,,,,국가
45,Countries,IT,,,,,,Italy,Italy,,,,,,,,,,,,IT,,,,,,,,42.9386624,,,,12.4572421,,,,,190,,,,,,,,,,,,,,,,298634714717.0383,6417310.52251512,,,,,,,,,,,이탈리아,이탈리아,,,,,,,,,,국가
45,Countries,JM,,,,,,Jamaica,Jamaica,,,,,,,,,,,,JM,,,,,,,,,,,,,,,,,192,,,,,,,,,,,,,,,,9362654715.146484,515753.9021394682,,,,,,,,,,,자메이카,자메이카,,,,,,,,,,국가
45,Countries,JP,,,,,,Japan,Japan,,,,,,,,,,,,JP,,,,,,,,,,,,,,,,,193,,,,,,,,,,,,,,,,354612025770.35156,11609323.783845108,,,,,,,,,,,일본,일본,,,,,,,,,,국가
45,Countries,GB,,,,,,Jersey,United Kingdom,,,,,,,,,,,,JE,,,,,,,,,,,,,,,,,194,,,,,,,,,,,,,,,,131547595.41680908,50827.845108959475,,,,,,,,,,,저지,영국,,,,,,,,,,국가
45,Countries,JO,,,,,,Jordan,Jordan,,,,,,,,,,,,JO,,,,,,,,31.154952,,,,36.474411,,,,,195,,,,,,,,,,,,,,,,81432045629.94824,1562883.6375093453,,,,,,,,,,,요르단,요르단,,,,,,,,,,국가
45,Countries,FR,,,,,,Juan De Nova Island,France,,,,,,,,,,,,TF,,,,,,,,,,,,,,,,,196,,,,,,,,,,,,,,,,4846799.6923828125,8945.73428680349,,,,,,,,,,,주앙드노바섬,프랑스,,,,,,,,,,국가
45,Countries,KZ,,,,,,Kazakhstan,Kazakhstan,,,,,,,,,,,,KZ,,,,,,,,48.263165,,,,67.194762,,,,,197,,,,,,,,,,,,,,,,2959375916880.1543,12994038.362775108,,,,,,,,,,,카자흐스탄,카자흐스탄,,,,,,,,,,국가
45,Countries,KE,,,,,,Kenya,Kenya,,,,,,,,,,,,KE,,,,,,,,0.32483,,,,37.514099,,,,,202,,,,,,,,,,,,,,,,476802631875.5241,3385129.874701277,,,,,,,,,,,케냐,케냐,,,,,,,,,,국가
45,Countries,KI,,,,,,Kiribati,Kiribati,,,,,,,,,,,,KI,,,,,,,,,,,,,,,,,207,,,,,,,,,,,,,,,,346267380.39038086,165412.3637324837,,,,,,,,,,,키리바시,키리바시,,,,,,,,,,국가
45,Countries,KW,,,,,,Kuwait,Kuwait,,,,,,,,,,,,KW,,,,,,,,,,,,,,,,,208,,,,,,,,,,,,,,,,15081470610.72461,745205.7946526959,,,,,,,,,,,쿠웨이트,쿠웨이트,,,,,,,,,,국가
45,Countries,KG,,,,,,Kyrgyzstan,Kyrgyzstan,,,,,,,,,,,,KG,,,,,,,,41.29568,,,,74.34125,,,,,209,,,,,,,,,,,,,,,,196489061424.1621,3365189.2595092105,,,,,,,,,,,키르기스스탄,키르기스스탄,,,,,,,,,,국가
45,Countries,LA,,,,,,Laos,Lao People's Democratic Republic,,,,,,,,,,,,LA,,,,,,,,,,,,,,,,,213,,,,,,,,,,,,,,,,195366130922.41504,3802363.228258475,,,,,,,,,,,라오스,라오스,,,,,,,,,,국가
45,Countries,LV,,,,,,Latvia,Latvia,,,,,,,,,,,,LV,,,,,,,,,,,,,,,,,214,,,,,,,,,,,,,,,,73645826890.5957,1645114.3532430907,,,,,,,,,,,라트비아,라트비아,,,,,,,,,,국가
45,Countries,LB,,,,,,Lebanon,Lebanon,,,,,,,,,,,,LB,,,,,,,,33.552434,,,,35.533569,,,,,215,,,,,,,,,,,,,,,,9506078052.989258,537583.2761294683,,,,,,,,,,,레바논,레바논,,,,,,,,,,국가
45,Countries,LS,,,,,,Lesotho,Lesotho,,,,,,,,,,,,LS,,,,,,,,,,,,,,,,,216,,,,,,,,,,,,,,,,27537378982.68457,698416.211943004,,,,,,,,,,,레소토,레소토,,,,,,,,,,국가
45,Countries,LR,,,,,,Liberia,Liberia,,,,,,,,,,,,LR,,,,,,,,,,,,,,,,,217,,,,,,,,,,,,,,,,78961216966.2001,1524943.3132252675,,,,,,,,,,,라이베리아,라이베리아,,,,,,,,,,국가
45,Countries,LY,,,,,,Libya,Libya,,,,,,,,,,,,LY,,,,,,,,27.095615,,,,17.595065,,,,,218,,,,,,,,,,,,,,,,1437084075329.5596,5690977.48534102,,,,,,,,,,,리비아,리비아,,,,,,,,,,국가
45,Countries,LI,,,,,,Liechtenstein,Liechtenstein,,,,,,,,,,,,LI,,,,,,,,,,,,,,,,,222,,,,,,,,,,,,,,,,182194678.8803711,60866.664186991016,,,,,,,,,,,리히텐슈타인,리히텐슈타인,,,,,,,,,,국가
45,Countries,LT,,,,,,Lithuania,Lithuania,,,,,,,,,,,,LT,,,,,,,,,,,,,,,,,223,,,,,,,,,,,,,,,,72820263401.10547,1471477.5252239173,,,,,,,,,,,리투아니아,리투아니아,,,,,,,,,,국가
45,Countries,LU,,,,,,Luxembourg,Luxembourg,,,,,,,,,,,,LU,,,,,,,,,,,,,,,,,224,,,,,,,,,,,,,,,,2736901236.479248,243458.16534584723,,,,,,,,,,,룩셈부르크,룩셈부르크,,,,,,,,,,국가
45,Countries,MG,,,,,,Madagascar,Madagascar,,,,,,,,,,,,MG,,,,,,,,-19.2817,,,,46.404986,,,,,225,,,,,,,,,,,,,,,,506147401591.7788,4678360.526685368,,,,,,,,,,,마다가스카르,마다가스카르,,,,,,,,,,국가
45,Countries,PT,,,,,,Madeira,Portugal,,,,,,,,,,,,PT,,,,,,,,,,,,,,,,,226,,,,,,,,,,,,,,,,713636601.4790039,117111.30793973999,,,,,,,,,,,마데이라 제도,포르투갈,,,,,,,,,,국가
45,Countries,MW,,,,,,Malawi,Malawi,,,,,,,,,,,,MW,,,,,,,,,,,,,,,,,227,,,,,,,,,,,,,,,,98878264505.11401,2352484.629249768,,,,,,,,,,,말라위,말라위,,,,,,,,,,국가
45,Countries,MY,,,,,,Malaysia,Malaysia,,,,,,,,,,,,MY,,,,,,,,2.533416,,,,114.241423,,,,,228,,,,,,,,,,,,,,,,269485199925.1831,6117465.305618447,,,,,,,,,,,말레이시아,말레이시아,,,,,,,,,,국가
45,Countries,MV,,,,,,Maldives,Maldives,,,,,,,,,,,,MV,,,,,,,,,,,,,,,,,229,,,,,,,,,,,,,,,,27586416.184448242,116521.99968278063,,,,,,,,,,,몰디브,몰디브,,,,,,,,,,국가
45,Countries,ML,,,,,,Mali,Mali,,,,,,,,,,,,ML,,,,,,,,17.272975,,,,-3.294526,,,,,230,,,,,,,,,,,,,,,,1060346922808.3928,6415340.834509697,,,,,,,,,,,말리,말리,,,,,,,,,,국가
45,Countries,MT,,,,,,Malta,Malta,,,,,,,,,,,,MT,,,,,,,,,,,,,,,,,232,,,,,,,,,,,,,,,,277662753.98583984,65934.96279681068,,,,,,,,,,,몰타,몰타,,,,,,,,,,국가
45,Countries,MH,,,,,,Marshall Islands,Marshall Islands,,,,,,,,,,,,MH,,,,,,,,,,,,,,,,,233,,,,,,,,,,,,,,,,28595502.865234375,67914.30970798522,,,,,,,,,,,마셜 제도,마셜 제도,,,,,,,,,,국가
45,Countries,FR,,,,,,Martinique,France,,,,,,,,,,,,MQ,,,,,,,,,,,,,,,,,234,,,,,,,,,,,,,,,,961709409.0263672,137539.67391049225,,,,,,,,,,,마르티니크,프랑스,,,,,,,,,,국가
45,Countries,MR,,,,,,Mauritania,Mauritania,,,,,,,,,,,,MR,,,,,,,,,,,,,,,,,235,,,,,,,,,,,,,,,,889702069734.0741,5226143.186373991,,,,,,,,,,,모리타니,모리타니,,,,,,,,,,국가
45,Countries,MU,,,,,,Mauritius,Mauritius,,,,,,,,,,,,MU,,,,,,,,,,,,,,,,,236,,,,,,,,,,,,,,,,1835592134.671875,201521.99334361588,,,,,,,,,,,모리셔스,모리셔스,,,,,,,,,,국가
45,Countries,FR,,,,,,Mayotte,France,,,,,,,,,,,,YT,,,,,,,,,,,,,,,,,237,,,,,,,,,,,,,,,,371835818.9291992,109377.40167294015,,,,,,,,,,,마요트,프랑스,,,,,,,,,,국가
45,Countries,MX,,,,,,Mexico,Mexico,,,,,,,,,,,,MX,,,,,,,,24.114748,,,,-102.44028,,,,,238,,,,,,,,,,,,,,,,1709512975268.4648,14432338.954384161,,,,,,,,,,,멕시코,멕시코,,,,,,,,,,국가
45,Countries,FM,,,,,,Micronesia,"Micronesia, Federated States of",,,,,,,,,,,,FM,,,,,,,,,,,,,,,,,240,,,,,,,,,,,,,,,,424599774.8808594,104610.48584179401,,,,,,,,,,,미크로네시아,미크로네시아,,,,,,,,,,국가
45,Countries,MD,,,,,,Moldova,"Moldova, Republic of",,,,,,,,,,,,MD,,,,,,,,47.13066,,,,28.273828,,,,,241,,,,,,,,,,,,,,,,34811448148.06348,1178555.867851734,,,,,,,,,,,몰도바,몰도바,,,,,,,,,,국가
45,Countries,MC,,,,,,Monaco,Monaco,,,,,,,,,,,,MC,,,,,,,,,,,,,,,,,244,,,,,,,,,,,,,,,,9307807.455322266,12776.5317179802,,,,,,,,,,,모나코,모나코,,,,,,,,,,국가
45,Countries,MN,,,,,,Mongolia,Mongolia,,,,,,,,,,,,MN,,,,,,,,,,,,,,,,,245,,,,,,,,,,,,,,,,1610427623368.582,7773534.254685415,,,,,,,,,,,몽골,몽골,,,,,,,,,,국가
45,Countries,ME,,,,,,Montenegro,Montenegro,,,,,,,,,,,,ME,,,,,,,,,,,,,,,,,246,,,,,,,,,,,,,,,,13732218805.289062,691215.4812336266,,,,,,,,,,,몬테네그로,몬테네그로,,,,,,,,,,국가
45,Countries,GB,,,,,,Montserrat,United Kingdom,,,,,,,,,,,,MS,,,,,,,,,,,,,,,,,247,,,,,,,,,,,,,,,,94975574.01855469,38555.90252912493,,,,,,,,,,,몬트세라트,영국,,,,,,,,,,국가
45,Countries,MA,,,,,,Morocco,Morocco,,,,,,,,,,,,MA,,,,,,,,31.8238447,,,,-6.411999,,,,,248,,,,,,,,,,,,,,,,605313232366.3064,5544378.570243487,,,,,,,,,,,모로코,모로코,,,,,,,,,,국가
45,Countries,MZ,,,,,,Mozambique,Mozambique,,,,,,,,,,,,MZ,,,,,,,,-18.2301935,,,,34.8784925,,,,,250,,,,,,,,,,,,,,,,665901802109.5344,6777777.246455153,,,,,,,,,,,모잠비크,모잠비크,,,,,,,,,,국가
45,Countries,MM,,,,,,Myanmar,Myanmar,,,,,,,,,,,,MM,,,,,,,,,,,,,,,,,251,,,,,,,,,,,,,,,,574123542267.8027,8909065.028878333,,,,,,,,,,,미얀마,미얀마,,,,,,,,,,국가
45,Countries,NA,,,,,,Namibia,Namibia,,,,,,,,,,,,NA,,,,,,,,-22.151477,,,,17.134583,,,,,253,,,,,,,,,,,,,,,,713026939255.9238,4879210.113737412,,,,,,,,,,,나미비아,나미비아,,,,,,,,,,국가
45,Countries,NR,,,,,,Nauru,Nauru,,,,,,,,,,,,NR,,,,,,,,,,,,,,,,,254,,,,,,,,,,,,,,,,22248619.8125,17624.88686048535,,,,,,,,,,,나우루,나우루,,,,,,,,,,국가
45,Countries,NP,,,,,,Nepal,Nepal,,,,,,,,,,,,NP,,,,,,,,,,,,,,,,,255,,,,,,,,,,,,,,,,131660296196.82422,2346874.626642726,,,,,,,,,,,네팔,네팔,,,,,,,,,,국가
45,Countries,NL,,,,,,Netherlands,Netherlands,,,,,,,,,,,,NL,,,,,,,,,,,,,,,,,256,,,,,,,,,,,,,,,,37897433796.80786,2241318.2474894403,,,,,,,,,,,네덜란드,네덜란드,,,,,,,,,,국가
45,Countries,FR,,,,,,New Caledonia,France,,,,,,,,,,,,NC,,,,,,,,,,,,,,,,,257,,,,,,,,,,,,,,,,16208299914.761719,1178914.4876605629,,,,,,,,,,,뉴칼레도니아,프랑스,,,,,,,,,,국가
45,Countries,NZ,,,,,,New Zealand,New Zealand,,,,,,,,,,,,NZ,,,,,,,,,,,,,,,,,258,,,,,,,,,,,,,,,,265402366332.09766,8733598.659515975,,,,,,,,,,,뉴질랜드,뉴질랜드,,,,,,,,,,국가
45,Countries,NI,,,,,,Nicaragua,Nicaragua,,,,,,,,,,,,NI,,,,,,,,12.505522,,,,-85.022864,,,,,259,,,,,,,,,,,,,,,,106764048949.60352,1809404.2525556204,,,,,,,,,,,니카라과,니카라과,,,,,,,,,,국가
45,Countries,NE,,,,,,Niger,Niger,,,,,,,,,,,,NE,,,,,,,,17.283887,,,,9.254316,,,,,260,,,,,,,,,,,,,,,,1000635640838.0791,5044580.674494877,,,,,,,,,,,니제르,니제르,,,,,,,,,,국가
45,Countries,NG,,,,,,Nigeria,Nigeria,,,,,,,,,,,,NG,,,,,,,,9.372166,,,,8.063126,,,,,263,,,,,,,,,,,,,,,,751623552253.6658,4827281.550077165,,,,,,,,,,,나이지리아,나이지리아,,,,,,,,,,국가
45,Countries,NZ,,,,,,Niue,New Zealand,,,,,,,,,,,,NU,,,,,,,,,,,,,,,,,264,,,,,,,,,,,,,,,,212417750.25585938,54206.10216804242,,,,,,,,,,,니우에,뉴질랜드,,,,,,,,,,국가
45,Countries,AU,,,,,,Norfolk Island,Australia,,,,,,,,,,,,NF,,,,,,,,,,,,,,,,,265,,,,,,,,,,,,,,,,44050694.07421875,25273.83448924074,,,,,,,,,,,노퍽섬,오스트레일리아,,,,,,,,,,국가
45,Countries,KP,,,,,,North Korea,"Korea, Democratic People's Republic of",,,,,,,,,,,,KP,,,,,,,,,,,,,,,,,266,,,,,,,,,,,,,,,,119109905112.76172,2560098.3826643345,,,,,,,,,,,북한,북한,,,,,,,,,,국가
45,Countries,MK,,,,,,North Macedonia,North Macedonia,,,,,,,,,,,,MK,,,,,,,,,,,,,,,,,267,,,,,,,,,,,,,,,,25090304925.80664,674915.7432710507,,,,,,,,,,,북마케도니아,북마케도니아,,,,,,,,,,국가
45,Countries,US,,,,,,Northern Mariana Islands,United States,,,,,,,,,,,,MP,,,,,,,,,,,,,,,,,268,,,,,,,,,,,,,,,,198861797.765625,91820.28933825798,,,,,,,,,,,북마리아나제도,미국,,,,,,,,,,국가
45,Countries,NO,,,,,,Norway,Norway,,,,,,,,,,,,NO,,,,,,,,,,,,,,,,,269,,,,,,,,,,,,,,,,407205796303.38086,22240302.056092747,,,,,,,,,,,노르웨이,노르웨이,,,,,,,,,,국가
45,Countries,OM,,,,,,Oman,Oman,,,,,,,,,,,,OM,,,,,,,,,,,,,,,,,270,,,,,,,,,,,,,,,,264739803168.3706,3225230.805441053,,,,,,,,,,,오만,오만,,,,,,,,,,국가
45,Countries,PK,,,,,,Pakistan,Pakistan,,,,,,,,,,,,PK,,,,,,,,30.08545,,,,69.275928,,,,,271,,,,,,,,,,,,,,,,793363688004.9033,6910857.661059079,,,,,,,,,,,파키스탄,파키스탄,,,,,,,,,,국가
45,Countries,PW,,,,,,Palau,Palau,,,,,,,,,,,,PW,,,,,,,,,,,,,,,,,272,,,,,,,,,,,,,,,,313062414.0703125,113364.97963087088,,,,,,,,,,,팔라우,팔라우,,,,,,,,,,국가
45,Countries,PS,,,,,,Palestinian Territory,"Palestine, State of",,,,,,,,,,,,PS,,,,,,,,31.4353265,,,,34.3839389,,,,,273,,,,,,,,,,,,,,,,5721510055.280273,468529.90005745663,,,,,,,,,,,팔레스타인 지역,팔레스타인,,,,,,,,,,국가
45,Countries,PA,,,,,,Panama,Panama,,,,,,,,,,,,PA,,,,,,,,,,,,,,,,,275,,,,,,,,,,,,,,,,61170222233.40283,2521592.3497215835,,,,,,,,,,,파나마,파나마,,,,,,,,,,국가
45,Countries,PG,,,,,,Papua New Guinea,Papua New Guinea,,,,,,,,,,,,PG,,,,,,,,,,,,,,,,,276,,,,,,,,,,,,,,,,380302358072.4955,8827254.954350205,,,,,,,,,,,파푸아뉴기니,파푸아뉴기니,,,,,,,,,,국가
45,Countries,PY,,,,,,Paraguay,Paraguay,,,,,,,,,,,,PY,,,,,,,,,,,,,,,,,277,,,,,,,,,,,,,,,,346532502806.67285,3071453.904592271,,,,,,,,,,,파라과이,파라과이,,,,,,,,,,국가
45,Countries,PE,,,,,,Peru,Peru,,,,,,,,,,,,PE,,,,,,,,-9.4122559,,,,-75.9016538,,,,,278,,,,,,,,,,,,,,,,1068660948080.189,6920101.351146689,,,,,,,,,,,페루,페루,,,,,,,,,,국가
45,Countries,PH,,,,,,Philippines,Philippines,,,,,,,,,,,,PH,,,,,,,,11.8553671,,,,122.8296976,,,,,280,,,,,,,,,,,,,,,,243313631306.07178,13265781.776474835,,,,,,,,,,,필리핀,필리핀,,,,,,,,,,국가
45,Countries,GB,,,,,,Pitcairn,United Kingdom,,,,,,,,,,,,PN,,,,,,,,,,,,,,,,,283,,,,,,,,,,,,,,,,42090190.626953125,35140.04576305466,,,,,,,,,,,핏케언 제도,영국,,,,,,,,,,국가
45,Countries,PL,,,,,,Poland,Poland,,,,,,,,,,,,PL,,,,,,,,,,,,,,,,,284,,,,,,,,,,,,,,,,337626808750.8037,3105299.6921346732,,,,,,,,,,,폴란드,폴란드,,,,,,,,,,국가
45,Countries,PT,,,,,,Portugal,Portugal,,,,,,,,,,,,PT,,,,,,,,,,,,,,,,,285,,,,,,,,,,,,,,,,86022437698.1643,1895893.0530012879,,,,,,,,,,,포르투갈,포르투갈,,,,,,,,,,국가
45,Countries,US,,,,,,Puerto Rico,United States,,,,,,,,,,,,PR,,,,,,,,,,,,,,,,,286,,,,,,,,,,,,,,,,7761479666.771484,462355.6918666112,,,,,,,,,,,푸에르토리코,미국,,,,,,,,,,국가
45,Countries,QA,,,,,,Qatar,Qatar,,,,,,,,,,,,QA,,,,,,,,,,,,,,,,,287,,,,,,,,,,,,,,,,9751998832.114258,487181.75979241147,,,,,,,,,,,카타르,카타르,,,,,,,,,,국가
45,Countries,FR,,,,,,Réunion,France,,,,,,,,,,,,RE,,,,,,,,,,,,,,,,,288,,,,,,,,,,,,,,,,2270180340.904297,177257.749503455,,,,,,,,,,,레위니옹,프랑스,,,,,,,,,,국가
45,Countries,RO,,,,,,Romania,Romania,,,,,,,,,,,,RO,,,,,,,,,,,,,,,,,289,,,,,,,,,,,,,,,,242390692640.19238,2652657.394585682,,,,,,,,,,,루마니아,루마니아,,,,,,,,,,국가
45,Countries,RU,,,,,,Russian Federation,Russian Federation,,,,,,,,,,,,RU,,,,,,,,,,,,,,,,,290,,,,,,,,,,,,,,,,20721845615581.21,119301292.59559552,,,,,,,,,,,러시아,러시아,,,,,,,,,,국가
45,Countries,RW,,,,,,Rwanda,Rwanda,,,,,,,,,,,,RW,,,,,,,,-1.9943226,,,,29.9365641,,,,,291,,,,,,,,,,,,,,,,20596869253.79239,723912.5854028384,,,,,,,,,,,르완다,르완다,,,,,,,,,,국가
45,Countries,NL,,,,,,Saba,Netherlands,,,,,,,,,,,,BQ,,,,,,,,,,,,,,,,,292,,,,,,,,,,,,,,,,11971007.830078125,13134.405648682068,,,,,,,,,,,사바,네덜란드,,,,,,,,,,국가
45,Countries,FR,,,,,,Saint Barthelemy,France,,,,,,,,,,,,BL,,,,,,,,,,,,,,,,,293,,,,,,,,,,,,,,,,19654049.32421875,22716.76548583802,,,,,,,,,,,생바르텔레미,프랑스,,,,,,,,,,국가
45,Countries,NL,,,,,,Saint Eustatius,Netherlands,,,,,,,,,,,,BQ,,,,,,,,,,,,,,,,,294,,,,,,,,,,,,,,,,20263162.713867188,19368.504657622318,,,,,,,,,,,신트외스타티위스,네덜란드,,,,,,,,,,국가
45,Countries,GB,,,,,,Saint Helena,United Kingdom,,,,,,,,,,,,SH,,,,,,,,,,,,,,,,,295,,,,,,,,,,,,,,,,109789355.01330566,41485.17919652129,,,,,,,,,,,세인트헬레나,영국,,,,,,,,,,국가
45,Countries,KN,,,,,,Saint Kitts and Nevis,Saint Kitts and Nevis,,,,,,,,,,,,KN,,,,,,,,,,,,,,,,,296,,,,,,,,,,,,,,,,165397187.7158203,64674.47022622972,,,,,,,,,,,세인트키츠 네비스,세인트키츠 네비스,,,,,,,,,,국가
45,Countries,LC,,,,,,Saint Lucia,Saint Lucia,,,,,,,,,,,,LC,,,,,,,,,,,,,,,,,297,,,,,,,,,,,,,,,,530994324.17333984,99272.58617109257,,,,,,,,,,,세인트루시아,세인트루시아,,,,,,,,,,국가
45,Countries,FR,,,,,,Saint Martin,France,,,,,,,,,,,,MF,,,,,,,,,,,,,,,,,298,,,,,,,,,,,,,,,,45924265.16894531,40088.094029110805,,,,,,,,,,,생마르탱,프랑스,,,,,,,,,,국가
45,Countries,FR,,,,,,Saint Pierre and Miquelon,France,,,,,,,,,,,,PM,,,,,,,,,,,,,,,,,299,,,,,,,,,,,,,,,,263159171.01171875,129559.87173057397,,,,,,,,,,,생피에르 미클롱,프랑스,,,,,,,,,,국가
45,Countries,VC,,,,,,Saint Vincent and the Grenadines,Saint Vincent and the Grenadines,,,,,,,,,,,,VC,,,,,,,,,,,,,,,,,300,,,,,,,,,,,,,,,,285527922.74365234,66952.10264458811,,,,,,,,,,,세인트빈센트그레나딘,세인트빈센트그레나딘,,,,,,,,,,국가
45,Countries,WS,,,,,,Samoa,Samoa,,,,,,,,,,,,WS,,,,,,,,,,,,,,,,,301,,,,,,,,,,,,,,,,2454440442.470703,302559.43228321464,,,,,,,,,,,사모아,사모아,,,,,,,,,,국가
45,Countries,SM,,,,,,San Marino,San Marino,,,,,,,,,,,,SM,,,,,,,,,,,,,,,,,302,,,,,,,,,,,,,,,,60195724.73535156,29448.09254175648,,,,,,,,,,,산마리노,산마리노,,,,,,,,,,국가
45,Countries,ST,,,,,,Sao Tome and Principe,São Tomé and Príncipe,,,,,,,,,,,,ST,,,,,,,,,,,,,,,,,303,,,,,,,,,,,,,,,,935498178.4340897,155800.60233601785,,,,,,,,,,,상투메 프린시페,상투메 프린시페,,,,,,,,,,국가
45,Countries,SA,,,,,,Saudi Arabia,Saudi Arabia,,,,,,,,,,,,SA,,,,,,,,24.163773,,,,44.29873,,,,,304,,,,,,,,,,,,,,,,1681738517933.4238,6767347.89326944,,,,,,,,,,,사우디아라비아,사우디아라비아,,,,,,,,,,국가
45,Countries,SN,,,,,,Senegal,Senegal,,,,,,,,,,,,SN,,,,,,,,14.222847,,,,-14.273897,,,,,306,,,,,,,,,,,,,,,,164096688591.05627,3053448.7762438348,,,,,,,,,,,세네갈,세네갈,,,,,,,,,,국가
45,Countries,RS,,,,,,Serbia,Serbia,,,,,,,,,,,,RS,,,,,,,,44.033028,,,,20.47528,,,,,311,,,,,,,,,,,,,,,,88648130410.21631,1818328.5699050024,,,,,,,,,,,세르비아,세르비아,,,,,,,,,,국가
45,Countries,SC,,,,,,Seychelles,Seychelles,,,,,,,,,,,,SC,,,,,,,,,,,,,,,,,313,,,,,,,,,,,,,,,,310760904.93066406,134937.25484901067,,,,,,,,,,,세이셸,세이셸,,,,,,,,,,국가
45,Countries,SL,,,,,,Sierra Leone,Sierra Leone,,,,,,,,,,,,SL,,,,,,,,,,,,,,,,,314,,,,,,,,,,,,,,,,59816538353.59668,1376385.9884418084,,,,,,,,,,,시에라리온,시에라리온,,,,,,,,,,국가
45,Countries,SG,,,,,,Singapore,Singapore,,,,,,,,,,,,SG,,,,,,,,,,,,,,,,,315,,,,,,,,,,,,,,,,451512939.6291504,83805.75888250569,,,,,,,,,,,싱가포르,싱가포르,,,,,,,,,,국가
45,Countries,NL,,,,,,Sint Maarten,Netherlands,,,,,,,,,,,,SX,,,,,,,,,,,,,,,,,316,,,,,,,,,,,,,,,,36226369.3046875,30474.69077741992,,,,,,,,,,,네덜란드,네덜란드,,,,,,,,,,국가
45,Countries,SK,,,,,,Slovakia,Slovakia,,,,,,,,,,,,SK,,,,,,,,,,,,,,,,,317,,,,,,,,,,,,,,,,51326101540.854004,1262370.3887773068,,,,,,,,,,,슬로바키아,슬로바키아,,,,,,,,,,국가
45,Countries,SI,,,,,,Slovenia,Slovenia,,,,,,,,,,,,SI,,,,,,,,,,,,,,,,,318,,,,,,,,,,,,,,,,20890825073.59668,888801.3448769706,,,,,,,,,,,슬로베니아,슬로베니아,,,,,,,,,,국가
45,Countries,SB,,,,,,Solomon Islands,Solomon Islands,,,,,,,,,,,,SB,,,,,,,,,,,,,,,,,319,,,,,,,,,,,,,,,,22285087159.510742,2983052.075202032,,,,,,,,,,,솔로몬 제도,솔로몬 제도,,,,,,,,,,국가
45,Countries,SO,,,,,,Somalia,Somalia,,,,,,,,,,,,SO,,,,,,,,5.5021505,,,,47.3434115,,,,,320,,,,,,,,,,,,,,,,523765838931.6316,4897764.344871923,,,,,,,,,,,소말리아,소말리아,,,,,,,,,,국가
45,Countries,ZA,,,,,,South Africa,South Africa,,,,,,,,,,,,ZA,,,,,,,,-29.074753,,,,25.021896,,,,,321,,,,,,,,,,,,,,,,1097488948463.0591,6788301.745381769,,,,,,,,,,,남아프리카,남아프리카,,,,,,,,,,국가
45,Countries,GB,,,,,,South Georgia and South Sandwich Islands,United Kingdom,,,,,,,,,,,,GS,,,,,,,,,,,,,,,,,324,,,,,,,,,,,,,,,,4133604544.428711,640768.3519497765,,,,,,,,,,,사우스조지아·사우스샌드위치 제도,영국,,,,,,,,,,국가
45,Countries,KR,,,,,,South Korea,"Korea, Republic of",,,,,,,,,,,,KR,,,,,,,,36.7795587,,,,128.0716362,,,,,325,,,,,,,,,,,,,,,,92065447283.73828,2854398.9198265104,,,,,,,,,,,대한민국,대한민국,,,,,,,,,,국가
45,Countries,SS,,,,,,South Sudan,South Sudan,,,,,,,,,,,,SS,,,,,,,,,,,,,,,,,327,,,,,,,,,,,,,,,,521555640607.3394,4187131.6676835744,,,,,,,,,,,남수단,남수단,,,,,,,,,,국가
45,Countries,ES,,,,,,Spain,Spain,,,,,,,,,,,,ES,,,,,,,,,,,,,,,,,328,,,,,,,,,,,,,,,,486873169615.5788,4822518.044849668,,,,,,,,,,,스페인,스페인,,,,,,,,,,국가
45,Countries,LK,,,,,,Sri Lanka,Sri Lanka,,,,,,,,,,,,LK,,,,,,,,,,,,,,,,,329,,,,,,,,,,,,,,,,54408684052.8501,1430834.1989647087,,,,,,,,,,,스리랑카,스리랑카,,,,,,,,,,국가
45,Countries,SD,,,,,,Sudan,Sudan,,,,,,,,,,,,SD,,,,,,,,16.082799,,,,30.012069,,,,,331,,,,,,,,,,,,,,,,1561886678040.7495,6538614.492733887,,,,,,,,,,,수단,수단,,,,,,,,,,국가
45,Countries,SR,,,,,,Suriname,Suriname,,,,,,,,,,,,SR,,,,,,,,,,,,,,,,,332,,,,,,,,,,,,,,,,118955307175.28174,1719699.7769001771,,,,,,,,,,,수리남,수리남,,,,,,,,,,국가
45,Countries,NO,,,,,,Svalbard,Norway,,,,,,,,,,,,SJ,,,,,,,,,,,,,,,,,333,,,,,,,,,,,,,,,,119285158911.59229,9158023.648556577,,,,,,,,,,,스발바르 제도,노르웨이,,,,,,,,,,국가
45,Countries,SE,,,,,,Sweden,Sweden,,,,,,,,,,,,SE,,,,,,,,,,,,,,,,,334,,,,,,,,,,,,,,,,550845439381.3599,7598661.222174089,,,,,,,,,,,스웨덴,스웨덴,,,,,,,,,,국가
45,Countries,CH,,,,,,Switzerland,Switzerland,,,,,,,,,,,,CH,,,,,,,,,,,,,,,,,335,,,,,,,,,,,,,,,,42712377489.10034,1418267.7577164697,,,,,,,,,,,스위스,스위스,,,,,,,,,,국가
45,Countries,SY,,,,,,Syria,Syrian Arab Republic,,,,,,,,,,,,SY,,,,,,,,35.02299,,,,38.302641,,,,,336,,,,,,,,,,,,,,,,176268986642.4502,2111203.0578627074,,,,,,,,,,,시리아,시리아,,,,,,,,,,국가
45,Countries,TJ,,,,,,Tajikistan,Tajikistan,,,,,,,,,,,,TJ,,,,,,,,38.8890675,,,,71.0376918,,,,,337,,,,,,,,,,,,,,,,137144400088.15039,3203881.21848852,,,,,,,,,,,타지키스탄,타지키스탄,,,,,,,,,,국가
45,Countries,TZ,,,,,,Tanzania,"Tanzania, United Republic of",,,,,,,,,,,,TZ,,,,,,,,-6.1771,,,,34.493383,,,,,340,,,,,,,,,,,,,,,,774648545639.8701,4553095.61389061,,,,,,,,,,,탄자니아,탄자니아,,,,,,,,,,국가
45,Countries,TH,,,,,,Thailand,Thailand,,,,,,,,,,,,TH,,,,,,,,15.113494,,,,101.005172,,,,,342,,,,,,,,,,,,,,,,430325865289.1279,6687506.942361963,,,,,,,,,,,태국,태국,,,,,,,,,,국가
45,Countries,TL,,,,,,Timor-Leste,Timor-Leste,,,,,,,,,,,,TL,,,,,,,,,,,,,,,,,344,,,,,,,,,,,,,,,,12418624388.202148,767496.3358544846,,,,,,,,,,,동티모르,동티모르,,,,,,,,,,국가
45,Countries,TG,,,,,,Togo,Togo,,,,,,,,,,,,TG,,,,,,,,,,,,,,,,,345,,,,,,,,,,,,,,,,47139124552.87395,1436932.5778036893,,,,,,,,,,,토고,토고,,,,,,,,,,국가
45,Countries,NZ,,,,,,Tokelau,New Zealand,,,,,,,,,,,,TK,,,,,,,,,,,,,,,,,346,,,,,,,,,,,,,,,,6087621.2001953125,11493.361534331496,,,,,,,,,,,토켈라우,뉴질랜드,,,,,,,,,,국가
45,Countries,TO,,,,,,Tonga,Tonga,,,,,,,,,,,,TO,,,,,,,,,,,,,,,,,347,,,,,,,,,,,,,,,,396018390.7871094,132103.84492180895,,,,,,,,,,,통가,통가,,,,,,,,,,국가
45,Countries,TT,,,,,,Trinidad and Tobago,Trinidad and Tobago,,,,,,,,,,,,TT,,,,,,,,,,,,,,,,,348,,,,,,,,,,,,,,,,4150558957.9658203,434869.5919149676,,,,,,,,,,,트리니다드 토바고,트리니다드 토바고,,,,,,,,,,국가
45,Countries,TN,,,,,,Tunisia,Tunisia,,,,,,,,,,,,TN,,,,,,,,34.09418,,,,9.343321,,,,,349,,,,,,,,,,,,,,,,144736942304.38232,2462005.181800118,,,,,,,,,,,튀니지,튀니지,,,,,,,,,,국가
45,Countries,TR,,,,,,Turkiye,Turkiye,,,,,,,,,,,,TR,,,,,,,,39.0533039,,,,35.1690568,,,,,353,,,,,,,,,,,,,,,,753931863804.3262,7140965.630773734,,,,,,,,,,,튀르키예,튀르키예,,,,,,,,,,국가
45,Countries,TM,,,,,,Turkmenistan,Turkmenistan,,,,,,,,,,,,TM,,,,,,,,39.094559,,,,59.223449,,,,,354,,,,,,,,,,,,,,,,536632109782.90234,4328852.644056666,,,,,,,,,,,투르크메니스탄,투르크메니스탄,,,,,,,,,,국가
45,Countries,GB,,,,,,Turks and Caicos Islands,United Kingdom,,,,,,,,,,,,TC,,,,,,,,,,,,,,,,,356,,,,,,,,,,,,,,,,257663125.29101562,117544.12276262073,,,,,,,,,,,터크스 케이커스 제도,영국,,,,,,,,,,국가
45,Countries,TV,,,,,,Tuvalu,Tuvalu,,,,,,,,,,,,TV,,,,,,,,,,,,,,,,,357,,,,,,,,,,,,,,,,23898596.241210938,41445.91266647195,,,,,,,,,,,투발루,투발루,,,,,,,,,,국가
45,Countries,UG,,,,,,Uganda,Uganda,,,,,,,,,,,,UG,,,,,,,,1.165044,,,,32.232471,,,,,358,,,,,,,,,,,,,,,,198344632389.58295,2141826.0799767086,,,,,,,,,,,우간다,우간다,,,,,,,,,,국가
45,Countries,UA,,,,,,Ukraine,Ukraine,,,,,,,,,,,,UA,,,,,,,,49.055618,,,,31.211558,,,,,361,,,,,,,,,,,,,,,,628161239017.6904,7151607.687244596,,,,,,,,,,,우크라이나,우크라이나,,,,,,,,,,국가
45,Countries,AE,,,,,,United Arab Emirates,United Arab Emirates,,,,,,,,,,,,AE,,,,,,,,23.552134,,,,54.20503,,,,,368,,,,,,,,,,,,,,,,61343222389.831055,1644425.301872818,,,,,,,,,,,아랍에미리트,아랍에미리트,,,,,,,,,,국가
45,Countries,GB,,,,,,United Kingdom,United Kingdom,,,,,,,,,,,,GB,,,,,,,,,,,,,,,,,371,,,,,,,,,,,,,,,,270234140083.72556,9915936.447436878,,,,,,,,,,,영국,영국,,,,,,,,,,국가
45,Countries,US,,,,,,United States,United States,,,,,,,,,,,,US,,,,,,,,,,,,,,,,,372,,,,,,,,,,,,,,,,9620058050477.37,68991224.52942674,,,,,,,,,,,미국,미국,,,,,,,,,,국가
45,Countries,US,,,,,,United States Minor Outlying Islands,United States,,,,,,,,,,,,UM,,,,,,,,,,,,,,,,,373,,,,,,,,,,,,,,,,31903206.56881714,50038.09230493498,,,,,,,,,,,미국령 군소 제도,미국,,,,,,,,,,국가
45,Countries,UY,,,,,,Uruguay,Uruguay,,,,,,,,,,,,UY,,,,,,,,,,,,,,,,,374,,,,,,,,,,,,,,,,164161614749.85156,1830755.3150899434,,,,,,,,,,,우루과이,우루과이,,,,,,,,,,국가
45,Countries,US,,,,,,US Virgin Islands,United States,,,,,,,,,,,,VI,,,,,,,,,,,,,,,,,375,,,,,,,,,,,,,,,,255277062.8798828,118792.72863990531,,,,,,,,,,,미국령 버진아일랜드,미국,,,,,,,,,,국가
45,Countries,UZ,,,,,,Uzbekistan,Uzbekistan,,,,,,,,,,,,UZ,,,,,,,,41.502285,,,,63.032382,,,,,376,,,,,,,,,,,,,,,,440822969748.5293,5799927.974907044,,,,,,,,,,,우즈베키스탄,우즈베키스탄,,,,,,,,,,국가
45,Countries,VU,,,,,,Vanuatu,Vanuatu,,,,,,,,,,,,VU,,,,,,,,,,,,,,,,,384,,,,,,,,,,,,,,,,10332880470.378906,1649310.0026709447,,,,,,,,,,,바누아투,바누아투,,,,,,,,,,국가
45,Countries,VA,,,,,,Vatican City,Holy See (Vatican City State),,,,,,,,,,,,VA,,,,,,,,,,,,,,,,,385,,,,,,,,,,,,,,,,557379.361328125,2988.264264779147,,,,,,,,,,,바티칸 시국,바티칸 시국,,,,,,,,,,국가
45,Countries,VE,,,,,,Venezuela,"Venezuela, Bolivarian Republic of",,,,,,,,,,,,VE,,,,,,,,7.084473,,,,-66.092694,,,,,386,,,,,,,,,,,,,,,,750344371935.1428,7668376.305543925,,,,,,,,,,,베네수엘라,베네수엘라,,,,,,,,,,국가
45,Countries,VN,,,,,,Vietnam,Viet Nam,,,,,,,,,,,,VN,,,,,,,,14.5974809,,,,108.2814569,,,,,388,,,,,,,,,,,,,,,,274140456223.16406,6786323.363818057,,,,,,,,,,,베트남,베트남,,,,,,,,,,국가
45,Countries,FR,,,,,,Wallis and Futuna,France,,,,,,,,,,,,WF,,,,,,,,,,,,,,,,,389,,,,,,,,,,,,,,,,134107581.9140625,72868.8338878999,,,,,,,,,,,왈리스-푸투나 제도,프랑스,,,,,,,,,,국가
45,Countries,YE,,,,,,Yemen,Yemen,,,,,,,,,,,,YE,,,,,,,,15.551768,,,,47.36716,,,,,390,,,,,,,,,,,,,,,,381655547600.4751,3332768.485290911,,,,,,,,,,,예멘,예멘,,,,,,,,,,국가
45,Countries,ZM,,,,,,Zambia,Zambia,,,,,,,,,,,,ZM,,,,,,,,-15.0057836,,,,26.5787106,,,,,392,,,,,,,,,,,,,,,,628020526075.4187,4906749.102432051,,,,,,,,,,,잠비아,잠비아,,,,,,,,,,국가
45,Countries,ZW,,,,,,Zimbabwe,Zimbabwe,,,,,,,,,,,,ZW,,,,,,,,,,,,,,,,,394,,,,,,,,,,,,,,,,331936456295.7007,2606683.1532019214,,,,,,,,,,,짐바브웨,짐바브웨,,,,,,,,,,국가
